Protein,True_Family,Predicted_Family,Confidence,Index,is_negative_control
AFH41240,1.A.102,1.A.102,0.0081600536690625,3,False
WP_189658242,1.A.104,1.A.104,0.009096841610024903,7,False
XP_022087427,1.A.105,8.A.104,0.01314749283797055,10,False
W8PP26,1.A.106,1.A.106,0.014162174076727875,23,False
A5UL63,1.A.106,1.A.106,0.019177867142749144,24,False
M0E5W6,1.A.106,1.A.106,0.008196335056989945,25,False
D3RXV6,1.A.106,1.A.106,0.006839788935924874,26,False
Q8WWM9,1.A.107,8.A.104,0.014204237751233896,31,False
Q92915,1.A.108,1.A.108,0.008731657229589324,34,False
P01584,1.A.109,1.A.109,0.014961170089060385,36,False
A9JTM7,1.A.110,1.A.110,0.012585195633777916,45,False
R4GK65,1.A.110,1.A.110,0.012415718276067586,46,False
Q4U8M1,1.A.111,1.A.111,0.008789783276790348,54,False
Q8IDG4,1.A.111,1.A.111,0.008891494197417124,55,False
XP_007903208,1.A.114,1.A.114,0.007540070862637149,60,False
H3CYV8,1.A.114,1.A.114,0.007494343177368364,61,False
WP_062382148,1.A.115,8.A.104,0.014915802021695438,66,False
Q91DM1,1.A.116,1.A.116,0.007032285448546129,72,False
AGA19094,1.A.116,1.A.116,0.006549035538853552,73,False
QII89021,1.A.117,8.A.104,0.00848065841333445,79,False
Q9J3N8,1.A.117,8.A.104,0.009553612459310279,80,False
PRW60447,1.A.119,1.A.119,0.012633356395555618,89,False
RYG54403,1.A.119,1.A.119,0.01268276518454761,90,False
XP_005851849,1.A.119,1.A.119,0.013553398910376846,91,False
Q8F2Y8,1.A.12,1.A.12,0.008300313950133493,100,False
P0ACA3,1.A.12,1.A.12,0.009545023000089092,101,False
B7LBF5,1.A.12,1.A.12,0.007252870325085699,102,False
KAF2073363,1.A.121,1.A.121,0.013699084359487058,111,False
KNE65670,1.A.121,1.A.121,0.01311650003305596,112,False
XP_005847969,1.A.126,1.A.126,0.006899334198778269,121,False
OLP87777,1.A.126,1.A.126,0.007082341845608898,122,False
CAD7625038,1.A.126,1.A.126,0.006732859461238463,123,False
Q3LZX6,1.A.127,1.A.127,0.0076333735131479934,126,False
YP_009725255,1.A.128,1.A.128,0.014931627761045388,127,False
P30405,1.A.129,1.A.129,0.01493166084787223,128,False
A9WIT9,1.A.13,8.A.104,0.014917335318102272,143,False
F8CM01,1.A.13,1.A.13,0.017382653075986187,144,False
E7RS17,1.A.13,1.A.13,0.016631118433960104,145,False
B3QY78,1.A.13,8.A.104,0.013408156909629204,146,False
KAI2464759,1.A.131,1.A.131,0.010610273267816194,154,False
KKY14299,1.A.131,1.A.131,0.010870516890489701,155,False
RCL04097,1.A.132,1.A.132,0.009887321583587006,158,False
P31845,1.A.134,1.A.134,0.0071637755987220934,163,False
Q03105,1.A.137,1.A.137,0.011701216717275914,165,False
XP_001687221,1.A.138,1.A.138,0.0079181643999943,170,False
KAJ9467172,1.A.138,1.A.138,0.006649509446439443,171,False
XP_025967337,1.A.139,1.A.139,0.007504955031965269,176,False
CAC5415462,1.A.140,1.A.140,0.0067704011827318935,181,False
KNC21563,1.A.140,1.A.140,0.007186651853882102,182,False
QCR16160,1.A.141,1.A.141,0.011257017150999972,194,False
AXG08322,1.A.141,1.A.141,0.021749281672287384,195,False
WP_248910494,1.A.141,1.A.141,0.0217107325881159,196,False
NP_044070,1.A.143,1.A.143,0.009259557895095213,199,False
YP_009448007,1.A.144,1.A.144,0.012273144479653992,203,False
YP_784320,1.A.145,1.A.145,0.008655077089403735,206,False
VVB63523,1.A.147,1.A.147,0.012568924897249215,215,False
NVM01300,1.A.147,1.A.147,0.012026359387539721,216,False
BBF24341,1.A.149,8.A.104,0.012575969502946758,218,False
E1Z497,1.A.15,8.A.104,0.014916307066457789,223,False
Q99442,1.A.15,1.A.15,0.008949897386355678,224,False
M1V6H9,1.A.18,8.A.104,0.012194590668544876,226,False
YP_009165879,1.A.19,8.A.104,0.009412611418498789,231,False
E5S402,1.A.20,1.A.20,0.006963901891574694,236,False
XP_020790974,1.A.21,1.A.21,0.015947165361697237,251,False
XP_015208495,1.A.21,1.A.21,0.01597618219495506,252,False
NP_001187,1.A.21,1.A.21,0.016025799148653586,253,False
XP_032502729,1.A.21,1.A.21,0.016218611017003018,254,False
R7QNM6,1.A.22,1.A.22,0.013131550769705812,266,False
AUF82136,1.A.22,8.A.104,0.009525662019298817,267,False
YP_003969926,1.A.22,1.A.22,0.008918257606588835,268,False
Q96GZ6,1.A.26,1.A.26,0.01191074654596629,278,False
O44196,1.A.26,1.A.26,0.008470318998294002,279,False
L9YYI5,1.A.26,1.A.26,0.013679163804927317,280,False
Q93PJ3,1.A.29,1.A.29,0.008481069070430954,285,False
Q814I5,1.A.29,1.A.29,0.007854172456194904,286,False
A4JYY8,1.A.32,8.A.1,0.006816470382297426,289,False
F7WTS9,1.A.33,1.A.33,0.0067672213012689,297,False
Q5YNG4,1.A.33,8.A.104,0.014916376212869498,298,False
Q8I132,1.A.36,1.A.36,0.006816018481320943,304,False
J0DPD5,1.A.36,8.A.104,0.00887619022923003,305,False
Q96HP8,1.A.37,1.A.37,0.020227812555255607,318,False
XP_026139054,1.A.37,1.A.37,0.02026690497227041,319,False
C3ZEE2,1.A.37,1.A.37,0.020706479987576503,320,False
Q7RQA4,1.A.38,1.A.38,0.008792925063876519,325,False
I6T2J8,1.A.39,1.A.39,0.008349286348749313,328,False
AJT49618,1.A.40,1.A.40,0.006741404487851984,333,False
Q6Y8U3,1.A.40,1.A.40,0.007855090800713532,334,False
PIN02799,1.A.41,1.A.41,0.013071321407938617,343,False
R0EUA4,1.A.41,1.A.41,0.010134317072898085,344,False
ADO34202,1.A.42,1.A.42,0.008010889489911018,349,False
Q7Y5E2,1.A.44,1.A.44,0.01493346790730565,350,False
A4S185,1.A.46,1.A.46,0.013035397623529451,367,False
M2Y919,1.A.46,1.A.46,0.031739201027403734,368,False
D8UGV3,1.A.46,1.A.46,0.029590072082676323,369,False
GAQ79686,1.A.46,1.A.46,0.021122133820392724,370,False
Q9LVA7,1.A.47,1.A.47,0.008111122763956629,374,False
K3WTZ9,1.A.48,1.A.48,0.007771313642988065,381,False
KAF1786581,1.A.48,8.A.104,0.009010400533541735,382,False
YP_009113027,1.A.49,1.A.49,0.008231232414104627,385,False
D8LKG3,1.A.55,1.A.55,0.013897815139966388,395,False
F4PIU2,1.A.55,1.A.55,0.013493603024667282,396,False
Q54CR4,1.A.55,1.A.55,0.01334736862632471,397,False
P0DTC3,1.A.57,1.A.57,0.008187344216743102,402,False
AVM87627,1.A.58,8.A.104,0.009505578714893551,406,False
R9RZY4,1.A.59,1.A.59,0.008019907394579034,409,False
P12870,1.A.61,8.A.104,0.011071137365891553,411,False
ATP66790,1.A.65,1.A.65,0.010893505372196447,419,False
H9AA36,1.A.65,1.A.65,0.010857464922052647,420,False
P81861,1.A.66,1.A.66,0.014931844510668618,421,False
S9VKR5,1.A.67,1.A.67,0.018154385594476127,434,False
Q9NLB0,1.A.67,1.A.67,0.020432885325563595,435,False
XP_022811540,1.A.67,1.A.67,0.018501550662628784,436,False
XP_034420108,1.A.67,1.A.67,0.018685313135533614,437,False
O36632,1.A.68,1.A.68,0.011214585281256425,440,False
P17677,1.A.71,8.A.104,0.01147085620958727,442,False
Q03709,1.A.73,1.A.73,0.01117316177213583,445,False
H3D9P2,1.A.74,1.A.74,0.00815882342447451,450,False
TGO16390,1.A.81,1.A.81,0.006922497518828933,455,False
Q7Z7J7,1.A.82,1.A.82,0.009545745519116564,462,False
CAF0733683,1.A.82,1.A.82,0.007766842613826765,463,False
CRH77963,1.A.86,1.A.86,0.006665748919433674,467,False
I2K324,1.A.88,1.A.88,0.007844113548036729,475,False
G8YEP6,1.A.88,1.A.88,0.01049201506388529,476,False
ANA96049,1.A.89,8.A.104,0.009266062329260706,481,False
ADX59459,1.A.89,1.A.89,0.00708879437472906,482,False
E1AA99,1.A.93,1.A.93,0.00685549959304479,487,False
UKG23804,1.A.94,1.A.94,0.007101201344468839,491,False
L0N2B4,1.A.96,1.A.96,0.01001312242569416,494,False
B2BW34,1.A.99,1.A.99,0.008186920195769816,497,False
P45564,1.B.10,1.B.10,0.01092307241878295,505,False
H8JS16,1.B.10,1.B.10,0.010058979692099616,506,False
Q01UI3,1.B.13,1.B.13,0.01994806333456733,518,False
C9U574,1.B.13,1.B.13,0.01767344448852432,519,False
J4K5X9,1.B.13,1.B.13,0.018507909803089785,520,False
A1T0X2,1.B.15,1.B.15,0.0068632916138764615,525,False
I3ZGF0,1.B.16,1.B.16,0.01775113152810529,541,False
O66915,1.B.16,1.B.5,0.025382876932421996,542,False
D8PHW0,1.B.16,1.B.16,0.019863583310350375,543,False
Q7UGJ0,1.B.16,1.B.16,0.017704750280310603,544,False
WP_152053851,1.B.162,1.B.162,0.007827302485683103,553,False
WP_160129378,1.B.162,1.B.162,0.011713609235150345,554,False
M2YRU5,1.B.163,1.B.163,0.009655042607755486,562,False
A0QP93,1.B.163,1.B.163,0.012033454952717949,563,False
WP_231666935,1.B.165,1.B.165,0.00947085583717041,571,False
I1SBC9,1.B.165,1.B.165,0.010648651027659543,572,False
B0RRH7,1.B.18,1.B.18,0.020787524279985686,585,False
P0A932,1.B.18,1.B.18,0.018352599588826762,586,False
Q1CVQ0,1.B.18,1.B.18,0.020634259641861833,587,False
C1F9P1,1.B.19,1.B.19,0.009290837739478046,595,False
H8FL42,1.B.19,1.B.19,0.010635732418207852,596,False
E8M3M3,1.B.21,1.B.21,0.014454784760406538,606,False
D0X4R0,1.B.21,1.B.21,0.01444917379493584,607,False
B8K3G3,1.B.21,1.B.21,0.014445852714476513,608,False
Q0SBX7,1.B.24,1.B.24,0.010127876551440611,615,False
Q0RYN1,1.B.24,1.B.24,0.008760156908197196,616,False
H2IWN4,1.B.26,1.B.26,0.008841673543484859,620,False
A0PAQ8,1.B.27,1.B.27,0.023256160351337755,633,False
Q7VHZ9,1.B.27,1.B.27,0.007493484443859987,634,False
Q7VFJ9,1.B.27,1.B.27,0.013285060217767727,635,False
R4Q7V2,1.B.27,1.B.27,0.015895866271150416,636,False
K4D2B1,1.B.30,1.B.69,0.011799251431934858,641,False
M2X828,1.B.30,1.B.69,0.012886803112512366,642,False
B9D0I1,1.B.31,1.B.31,0.006748224709403074,648,False
B9KFF7,1.B.31,1.B.31,0.006757431420981894,649,False
SQI24628,1.B.34,1.B.34,0.02465549675983682,666,False
WP_075469225,1.B.34,1.B.34,0.023320316617004625,667,False
SEB47250,1.B.34,1.B.34,0.030282137132475382,668,False
SIQ09903,1.B.34,1.B.34,0.025687544945047554,669,False
M4U9K6,1.B.35,1.B.35,0.01676163755621666,682,False
Q6LL41,1.B.35,1.B.35,0.020703246225493778,683,False
Q1Z3D7,1.B.35,1.B.35,0.0174475269034786,684,False
C9QGR6,1.B.35,1.B.35,0.018983208687385827,685,False
F0RWP8,1.B.36,8.A.104,0.010067371300764611,688,False
D0LRV8,1.B.37,1.B.37,0.008640375072150543,691,False
A5GAN4,1.B.39,8.A.104,0.014915724966131333,701,False
B9M7K9,1.B.39,1.B.39,0.012435983461529151,702,False
B0VUV8,1.B.39,1.B.39,0.01286724615453906,703,False
Q8FQT0,1.B.41,1.B.41,0.008607807942584436,708,False
C0XRQ2,1.B.41,1.B.41,0.0066530670159499865,709,False
Q6GZ99,1.B.49,1.B.49,0.008734037724996622,717,False
Q8G8H4,1.B.49,1.B.49,0.011290229475563693,718,False
G6XK71,1.B.5,1.B.16,0.021854565408953287,732,False
F5SXN1,1.B.5,1.B.16,0.027039967679988352,733,False
D5CMQ7,1.B.5,1.B.16,0.016029636529152295,734,False
D3SLU1,1.B.5,1.B.16,0.020637451884969543,735,False
S0EUI6,1.B.50,1.B.50,0.007831082403769106,740,False
Q44881,1.B.51,1.B.51,0.014931785769687714,741,False
B8F2P1,1.B.52,8.A.104,0.010160544381692683,743,False
A7ZLV9,1.B.53,1.B.53,0.006666754235214247,747,False
D0LXF9,1.B.60,1.B.60,0.01164840784000433,756,False
Q6MQH3,1.B.60,1.B.60,0.010752227321040584,757,False
Q1DFS2,1.B.61,1.B.61,0.00815172710849891,763,False
Q72DY0,1.B.61,1.B.61,0.007732835531515111,764,False
Q07KZ2,1.B.62,1.B.62,0.011874198449716725,772,False
A6DTR9,1.B.62,1.B.62,0.008898673057670588,773,False
D2QNK6,1.B.63,1.B.63,0.006461303519212619,778,False
B2RL31,1.B.63,1.B.63,0.006662365005088338,779,False
F9EV82,1.B.65,1.B.65,0.01324229413027941,788,False
I3DIB8,1.B.65,1.B.65,0.013057230123243837,789,False
F6D908,1.B.68,1.B.68,0.006558383509600308,793,False
W9WL67,1.B.69,1.B.69,0.006455905551302661,804,False
E9BDN5,1.B.69,1.B.69,0.008968837744126464,805,False
Q6GQ39,1.B.69,1.B.69,0.00658572622833451,806,False
A4WXA3,1.B.7,1.B.7,0.00971798215180275,813,False
Q5HB83,1.B.7,8.A.104,0.008982903482647566,814,False
Q2K0Q0,1.B.70,1.B.70,0.021271437898730063,827,False
Q9L7A9,1.B.70,1.B.70,0.017425545832267905,828,False
Q44665,1.B.70,1.B.70,0.01610146979033632,829,False
C6W3T8,1.B.73,1.B.73,0.006924662297193513,835,False
E4T302,1.B.73,1.B.73,0.006859413793766981,836,False
F8CR23,1.B.75,1.B.75,0.01252164194322483,845,False
Q7U678,1.B.75,1.B.75,0.012051605653851244,846,False
Q7VAD5,1.B.75,1.B.75,0.01358512148867316,847,False
Q4KCN5,1.B.76,1.B.76,0.007392325661821133,853,False
P36649,1.B.76,1.B.76,0.00699815239927549,854,False
B7FZU1,1.B.77,1.B.77,0.016097736333620438,866,False
R1E3Q5,1.B.77,1.B.77,0.015175904677126597,867,False
W7TBY2,1.B.77,1.B.77,0.015695108779302767,868,False
A5G7L3,1.B.78,1.B.78,0.007152790441265554,873,False
L1L857,1.B.79,2.A.16,0.008345882156552456,875,False
W0A8H9,1.B.81,1.B.81,0.023965531924982127,890,False
F8GDI1,1.B.81,1.B.81,0.014959874980707527,891,False
KER09053,1.B.81,1.B.81,0.017420244006500666,892,False
WP_054039809,1.B.81,1.B.81,0.014361980694647902,893,False
A5C9I8,1.B.82,1.B.82,0.007448853676009792,896,False
OGR70538,1.B.84,1.B.84,0.009540023833597786,903,False
NLW31479,1.B.84,1.B.84,0.007647360406844805,904,False
S2XLX4,1.B.85,1.B.85,0.0074750909835841215,909,False
WP_094626014,1.B.85,1.B.85,0.006808842945546326,910,False
WP_132308094,1.B.92,1.B.92,0.01058660478862819,918,False
WP_101656401,1.B.92,1.B.92,0.010768052337788919,919,False
WP_068467660,1.B.95,1.B.95,0.02019571771153229,934,False
TET05321,1.B.95,1.B.95,0.016328293318390554,935,False
WP_146917420,1.B.95,1.B.95,0.015833930903303328,936,False
WP_105313043,1.B.95,1.B.95,0.020499080639623312,937,False
K7JEL9,1.C.10,1.C.10,0.006872510080622031,943,False
B3MQ48,1.C.10,1.C.10,0.006555338066408873,944,False
EKF9241902,1.C.100,1.C.100,0.007568336783703928,947,False
AZY88389,1.C.101,1.C.101,0.0065783336919886404,952,False
C6SS71,1.C.102,1.C.26,0.007655551764123378,954,False
XP_008081830,1.C.104,1.C.104,0.019482769506346195,966,False
RDI86773,1.C.104,1.C.104,0.02369238484971306,967,False
XP_007925356,1.C.104,1.C.104,0.013557195787820634,968,False
Q51449,1.C.106,1.C.106,0.007035108175164383,973,False
Q9I788,1.C.106,1.C.106,0.007222060898150145,974,False
XP_014317300,1.C.108,1.C.108,0.007494501269057732,979,False
Q6UXR3,1.C.108,1.C.108,0.0074802975633522055,980,False
J8IXD8,1.C.109,1.C.109,0.007981628091750393,985,False
C7BYV0,1.C.109,1.C.109,0.006759092199368523,986,False
A1YKW7,1.C.11,1.C.11,0.010774480659600748,994,False
AEH33294,1.C.11,1.C.11,0.010531196574935899,995,False
G3WS63,1.C.110,1.C.110,0.013459988441130935,998,False
Q9H2X3,1.C.111,1.C.111,0.015890119548021605,1013,False
Q5QGZ9,1.C.111,1.C.111,0.01576389825103632,1014,False
P05451,1.C.111,1.C.111,0.015464519857042355,1015,False
Q07108,1.C.111,1.C.111,0.015654312790520524,1016,False
Q15546,1.C.113,1.C.113,0.01885072528840679,1029,False
B0XDW7,1.C.113,1.C.113,0.018593668873128032,1030,False
Q8IY49,1.C.113,1.C.113,0.01897992445082676,1031,False
Q7YZB4,1.C.114,1.C.114,0.007286660455882869,1036,False
K4PXJ9,1.C.115,1.C.115,0.007411153678265139,1041,False
P45884,1.C.115,1.C.115,0.008826571661483235,1042,False
E9EKK1,1.C.119,1.C.119,0.006578783517111374,1047,False
M5N9T8,1.C.119,1.C.119,0.006951100587179162,1048,False
P04347,1.C.121,8.A.104,0.015167718440485055,1050,False
Q56CZ9,1.C.122,8.A.104,0.012937295193992683,1052,False
P82427,1.C.124,1.C.124,0.007186914564654083,1057,False
AEX09222,1.C.124,1.C.124,0.006596510041360912,1058,False
AHN67314,1.C.126,1.C.126,0.008636530295689226,1062,False
AAA32327,1.C.129,1.C.129,0.008658230786596216,1065,False
B7PSG2,1.C.13,1.C.13,0.007660843523458894,1070,False
J9HUA3,1.C.13,1.C.13,0.007341530650535165,1071,False
WP_072053873,1.C.130,1.C.130,0.008278537377417154,1075,False
XP_039042682,1.C.132,1.C.132,0.006556893487380308,1081,False
WP_168566867,1.C.132,1.C.132,0.006808194532897903,1082,False
WP_241450605,1.C.136,8.A.104,0.012787491474999963,1084,False
Q1ELU4,1.C.138,1.C.138,0.009291051817291097,1088,False
WP_047703972,1.C.14,1.C.14,0.008118204102146549,1094,False
D1J6Q5,1.C.14,1.C.14,0.007064940301620883,1095,False
CAC42164,1.C.18,1.C.18,0.009773232624245398,1098,False
P82270,1.C.19,8.A.1,0.006780093884231887,1104,False
Q6EZF9,1.C.19,1.C.19,0.008653413101945373,1105,False
Q9ZIU5,1.C.2,1.C.2,0.02815542937296416,1122,False
Q45755,1.C.2,1.C.2,0.025518924806120696,1123,False
R4I3J1,1.C.2,1.C.2,0.02209155843465646,1124,False
P56955,1.C.2,1.C.2,0.02487866046529261,1125,False
Q57312,1.C.20,1.C.20,0.009559533678187692,1133,False
WWQ01948,1.C.20,1.C.20,0.010052789567929144,1134,False
P84962,1.C.24,1.C.24,0.012265930135931115,1147,False
P83002,1.C.24,1.C.24,0.016337847369998323,1148,False
Q6TGQ7,1.C.24,1.C.24,0.017846610469632148,1149,False
WP_080375718,1.C.24,1.C.24,0.021781807490017506,1150,False
WP_098856434,1.C.26,1.C.26,0.008742846749826854,1153,False
A7GJP5,1.C.31,1.C.31,0.008348249583451508,1157,False
P49913,1.C.33,1.C.33,0.01497606507271699,1167,False
P54228,1.C.33,1.C.33,0.015154930632380157,1168,False
ASN73764,1.C.33,1.C.33,0.013192281939905856,1169,False
WP_121688872,1.C.37,1.C.37,0.017169174437745943,1180,False
WP_142504358,1.C.37,1.C.37,0.016607177491123233,1181,False
CRH85725,1.C.37,1.C.37,0.01641395294108819,1182,False
XP_010767831,1.C.38,1.C.38,0.02169954523705997,1196,False
Q5UCA8,1.C.38,1.C.38,0.018091218137926315,1197,False
P07845,1.C.38,1.C.38,0.018933257239515663,1198,False
P0DQV7,1.C.38,1.C.38,0.023158237461420022,1199,False
P11597,1.C.40,1.C.40,0.01136370005061572,1207,False
B5ABT1,1.C.40,8.A.104,0.014917262773593306,1208,False
B2LWZ1,1.C.42,8.A.104,0.011811354901161185,1213,False
O06498,1.C.42,1.C.42,0.01254078611948468,1214,False
P08943,1.C.44,8.A.104,0.01097904915315694,1216,False
P01160,1.C.46,1.C.46,0.0076928347917210515,1221,False
Q9NJC6,1.C.47,1.C.47,0.019409750140828783,1235,False
H2CYQ1,1.C.47,1.C.47,0.020525143380760436,1236,False
F6LCB3,1.C.47,1.C.47,0.016835292717506223,1237,False
Q07A30,1.C.47,1.C.47,0.01996972832931673,1238,False
Q9UKY0,1.C.48,1.C.48,0.00846485514334714,1242,False
P06881,1.C.49,8.A.104,0.012170998818388044,1244,False
R7ZEE7,1.C.5,1.C.5,0.007119468262312029,1250,False
Q45728,1.C.5,1.C.5,0.006469743085260053,1251,False
T2MFP9,1.C.50,1.C.50,0.013505978996034451,1255,False
Q07932,1.C.51,1.C.51,0.014931833967715285,1256,False
P69178,1.C.54,1.C.54,0.014931662635829802,1257,False
P0A3W8,1.C.55,1.C.55,0.014931728469341585,1258,False
F2JTE2,1.C.56,1.C.56,0.006672300225676112,1262,False
WP_089964624,1.C.61,1.C.61,0.008043164312954038,1266,False
L0CMD2,1.C.62,1.C.62,0.008675421733335149,1270,False
XP_015918646,1.C.63,1.C.63,0.012137225963497209,1273,False
Q6BF25,1.C.64,1.C.64,0.008666418913542456,1285,False
MBA8650993,1.C.64,1.C.64,0.016491959504775618,1286,False
WP_141754689,1.C.64,1.C.64,0.017040367487845803,1287,False
Q9L6W3,1.C.65,1.C.65,0.00662923835252413,1292,False
P33432,1.C.66,1.C.66,0.014931717790637664,1293,False
C4M9N5,1.C.67,8.A.104,0.012389086773077571,1295,False
P83250,1.C.68,1.C.68,0.012187983441983382,1297,False
KID84774,1.C.7,1.C.7,0.006602910330006315,1301,False
WP_062552397,1.C.70,1.C.70,0.006697719299998693,1306,False
T1WIB6,1.C.71,1.C.71,0.008773223726657259,1313,False
S8E3M3,1.C.71,1.C.71,0.009178557350723086,1314,False
P01382,1.C.74,1.C.74,0.008801637691383753,1321,False
Q8QGR0,1.C.74,1.C.74,0.009295960431729467,1322,False
B1Z6U1,1.C.75,1.C.75,0.007867801875927342,1329,False
AKC96038,1.C.75,1.C.75,0.009749559793356356,1330,False
O76070,1.C.77,1.C.77,0.00875590162720102,1333,False
A7IZR5,1.C.78,1.C.5,0.006574717250068076,1337,False
P46081,1.C.8,1.C.8,0.012137292836338038,1341,False
B7LAC5,1.C.80,1.C.80,0.008045306740215322,1345,False
Q9Y287,1.C.81,1.C.81,0.013346276915324464,1355,False
O43736,1.C.81,1.C.81,0.014578865611169587,1356,False
Q9NQX7,1.C.81,1.C.81,0.012540284303287783,1357,False
WP_078474522,1.C.82,1.C.82,0.011569915121128798,1359,False
Q9ZGP5,1.C.83,8.A.104,0.012103476756531718,1361,False
F9P995,1.C.84,8.A.104,0.013186132254633857,1363,False
Q13519,1.C.89,1.C.89,0.009996767486049062,1366,False
WP_013023010,1.C.9,1.C.9,0.008430977203821573,1369,False
C9BRP5,1.C.90,1.C.90,0.010492606453655786,1377,False
A5MY21,1.C.90,1.C.90,0.010641110548740326,1378,False
P04080,1.C.91,1.C.91,0.014931673720341349,1379,False
Q15818,1.C.92,1.C.92,0.009970559971815021,1382,False
A4UVR2,1.C.93,1.C.93,0.014931764697549406,1383,False
WP_084614884,1.C.95,1.C.95,0.013734410426432375,1394,False
WP_006059095,1.C.95,1.C.95,0.015520924531293728,1395,False
WP_018802519,1.C.95,1.C.95,0.015751273904162505,1396,False
YP_009724395,1.C.99,1.C.99,0.007208311596999959,1403,False
QCX35176,1.C.99,1.C.99,0.008624149995810968,1404,False
XP_004616922,1.D.118,1.D.118,0.007107291338050595,1407,False
XP_045930465,1.D.194,1.D.194,0.008452637495187957,1411,False
NIM52277,1.D.24,1.D.24,0.009924186905104958,1418,False
KUH88733,1.D.24,1.D.24,0.008092844752171802,1419,False
TKY80222,1.E.1,1.E.1,0.01042312432963965,1427,False
ECY3018204,1.E.1,1.E.1,0.010240806356119002,1428,False
Q37895,1.E.10,1.E.10,0.006398354383911054,1432,False
P94515,1.E.14,1.E.14,0.02089077347213344,1449,False
C9RFW8,1.E.14,1.E.14,0.023157349377595823,1450,False
C9RG44,1.E.14,1.E.14,0.023157349377595823,1451,False
D3S646,1.E.14,1.E.14,0.019811669248290077,1452,False
F9LWA6,1.E.16,1.E.16,0.006520774312131094,1456,False
I0FEC7,1.E.17,1.E.17,0.010354930962058103,1463,False
WP_080684304,1.E.17,1.E.17,0.010511661930897939,1464,False
M9MU75,1.E.18,1.E.18,0.013228490621191885,1474,False
ERG63474,1.E.18,1.E.18,0.01466415642937011,1475,False
WP_298535700,1.E.18,1.E.18,0.015116458538107502,1476,False
PIN93264,1.E.20,1.E.20,0.006595543417523181,1481,False
EJG08371,1.E.20,1.E.20,0.006742397031090774,1482,False
Q37975,1.E.21,8.A.104,0.009123708191559636,1487,False
B1S807,1.E.21,1.E.21,0.006811044973029163,1488,False
I0JPG6,1.E.23,1.E.23,0.00673570327003799,1494,False
WP_068445074,1.E.23,1.E.23,0.006803352231423741,1495,False
E7MNX8,1.E.24,1.E.24,0.006758635283617673,1501,False
G1WGA3,1.E.24,1.E.24,0.008569731473977903,1502,False
WP_087770102,1.E.25,1.E.25,0.016847685790956045,1513,False
RYC38893,1.E.25,1.E.25,0.016301515692059315,1514,False
ALA46464,1.E.25,1.E.25,0.01668596871201836,1515,False
C3GBU6,1.E.27,1.E.27,0.008332756943017898,1522,False
CRG98304,1.E.27,1.E.27,0.009397422496852341,1523,False
F7TY91,1.E.29,1.E.29,0.01817395950118643,1536,False
WP_076238539,1.E.29,1.E.29,0.016303388282439435,1537,False
WP_116059751,1.E.29,1.E.29,0.01686484275528522,1538,False
D5CT34,1.E.33,1.E.33,0.00700649583442288,1544,False
G4FVE2,1.E.33,1.E.33,0.008812971833555342,1545,False
R4JJW4,1.E.4,1.E.4,0.008938846078905369,1549,False
ESK64892,1.E.42,1.E.42,0.006485306101485787,1555,False
QDX55601,1.E.42,1.E.42,0.007011433892797736,1556,False
WP_081276159,1.E.44,1.E.44,0.00901780730710913,1559,False
W7Wfe7,1.E.50,1.E.50,0.00848859177676888,1562,False
B3R344,1.E.52,1.E.52,0.007968888176729387,1567,False
B8JFG0,1.E.52,1.E.52,0.00731878834488567,1568,False
E7J6N6,1.E.53,1.E.53,0.014717371039764665,1578,False
P13970,1.E.53,1.E.53,0.014267178002343594,1579,False
E9U5S4,1.E.53,1.E.53,0.011117296427444625,1580,False
M4K1R4,1.E.56,1.E.56,0.012390937105527466,1590,False
B0VUM9,1.E.56,1.E.56,0.008888618061350361,1591,False
K4PA82,1.E.56,1.E.56,0.006895045322167074,1592,False
A9C1R0,1.E.6,1.E.6,0.019349385169271087,1607,False
H1RRJ5,1.E.6,1.E.6,0.020325197820179896,1608,False
C1D8E7,1.E.6,1.E.6,0.019287535182520056,1609,False
WLJ89320,1.E.6,1.E.6,0.018825151887532206,1610,False
WP_080520514,1.E.61,1.E.61,0.011450648950286605,1612,False
WP_006300053,1.E.62,1.E.62,0.009134656554682692,1619,False
WP_072024012,1.E.62,1.E.62,0.009292699794678715,1620,False
WP_033100758,1.E.65,1.E.65,0.006532211665291371,1626,False
WP_221178964,1.E.65,1.E.65,0.008242504419210516,1627,False
WP_184711133,1.E.7,1.E.7,0.01314773240082563,1636,False
WP_097540830,1.E.7,1.E.7,0.012967361847976424,1637,False
WP_055414402,1.E.7,1.E.7,0.012992857439212847,1638,False
MDI6753459,1.E.71,1.E.71,0.006878334765549214,1643,False
K7NTM2,1.E.8,1.E.8,0.00834188052955945,1648,False
AZU98589,1.E.8,1.E.8,0.008080178560330982,1649,False
C1A5F4,1.E.9,1.E.9,0.016770099851029917,1659,False
Q8KCM5,1.E.9,1.E.9,0.016910665950247376,1660,False
B3QMN8,1.E.9,1.E.9,0.01683468820922128,1661,False
AMQ26458,1.G.1,1.G.1,0.007024734950887619,1667,False
AFV53227,1.G.1,1.G.1,0.007024734950887619,1668,False
Q1PDC7,1.G.12,1.G.12,0.00829704430988025,1673,False
AVM87398,1.G.14,1.G.14,0.008802778955091326,1676,False
P28977,1.G.15,1.G.15,0.008521945714402724,1680,False
P04578,1.G.16,1.G.16,0.011605922178851345,1683,False
YP_009724390,1.G.18,1.G.18,0.007496834841730141,1689,False
YP_007188579,1.G.18,1.G.18,0.007593902693934565,1690,False
Q9IH63,1.G.2,1.G.2,0.01283457526285705,1699,False
WP_150375648,1.G.2,1.G.2,0.01049019918731899,1700,False
J3S7E1,1.G.20,1.G.20,0.010035280991019474,1706,False
B8PWH4,1.G.20,1.G.20,0.010589896800182106,1707,False
O36400,1.G.21,1.G.21,0.008795095905697279,1710,False
AFJ15605,1.G.4,1.G.4,0.013072372436977314,1715,False
G0LWX4,1.G.4,8.A.104,0.008952133590941264,1716,False
U5YDR4,1.G.5,1.G.5,0.008746878624552746,1720,False
A7XED7,1.G.6,1.G.6,0.014931659867447954,1721,False
YP_002929490,1.G.8,1.G.8,0.006753561400815692,1726,False
Q7ZFT7,1.G.9,1.G.9,0.010914448425840422,1734,False
M4HM10,1.G.9,1.G.9,0.011798351460664363,1735,False
YP_010771824,1.J.1,1.J.1,0.006507363861459375,1740,False
Q2LM93,1.K.3,1.K.3,0.007945084001068884,1743,False
U3IYW3,1.L.1,1.L.1,0.008874835781097688,1746,False
WP_250671306,1.M.7,1.M.7,0.007651582282508479,1751,False
WP_200664041,1.M.7,1.M.7,0.006675111811698952,1752,False
A4GRC6,1.N.3,1.N.3,0.007143318434126805,1758,False
Q4YCF6,1.N.3,1.N.3,0.006821091204496456,1759,False
E5S3P2,1.N.4,1.N.4,0.007900867655536617,1764,False
Q99287,1.N.5,1.N.5,0.006776049895309701,1770,False
Q6DD88,1.N.5,1.N.5,0.007366512284834101,1771,False
O00291,1.N.7,1.N.7,0.015209779076001871,1772,False
A1Z713,1.R.2,1.R.2,0.00750008631782721,1777,False
Q96RL7,1.R.2,1.R.2,0.007229081281415535,1778,False
WP_094276346,1.S.1,1.S.1,0.014704172782915107,1788,False
6NER_A,1.S.1,1.S.1,0.013230644476757156,1789,False
MBT6724251,1.S.1,8.A.104,0.013736316538578923,1790,False
Q8U2E0,1.S.11,1.S.11,0.009882929048700074,1793,False
AAD39019,1.S.2,8.A.104,0.014915883274962132,1798,False
GCA95139,1.S.3,1.S.3,0.012991077185711587,1801,False
4OLP_A,1.S.4,1.S.4,0.014931808645344732,1802,False
P41792,1.S.5,8.A.104,0.014196486298818171,1804,False
D0LZ73,1.S.7,1.S.7,0.009808854960702988,1808,False
V5SGX5,1.S.8,1.S.8,0.00871164049005028,1811,False
WP_039622912,1.W.1,1.W.1,0.011897175398429709,1819,False
WP_073187488,1.W.1,1.W.1,0.01205134353537509,1820,False
AUR96941,1.W.10,1.W.10,0.011776373207753769,1829,False
MBO00979,1.W.10,1.W.10,0.013154648497802207,1830,False
AXP07702,1.W.10,1.W.10,0.012138358257901084,1831,False
RLE91336,1.W.3,1.W.3,0.014833491293523772,1844,False
RLG54911,1.W.3,1.W.3,0.01530149481188971,1845,False
WP_155320278,1.W.3,1.W.3,0.014216099862576952,1846,False
WP_140461085,1.W.4,1.W.4,0.006777871431846755,1851,False
Q76RH0,1.W.4,1.W.4,0.007068127180354421,1852,False
MAG24778,1.W.5,1.W.5,0.01069980242884531,1860,False
WP_077072253,1.W.5,8.A.104,0.014916763814600135,1861,False
RLG01344,1.W.8,1.W.8,0.011851580940623857,1869,False
TXH14527,1.W.8,1.W.8,0.012827487786342646,1870,False
RLD10056,1.W.9,1.W.9,0.02389196344755902,1887,False
HBY62778,1.W.9,1.W.9,0.0218710094573985,1888,False
AXH46464,1.W.9,1.W.9,0.026645854945621925,1889,False
HAM56808,1.W.9,1.W.9,0.026128419629886195,1890,False
F5X5Y2,2.A.10,2.A.10,0.006914153839085918,1895,False
S4H275,2.A.10,2.A.10,0.00924152814232114,1896,False
Q6MLJ0,2.A.100,2.A.100,0.008103633786377604,1904,False
XP_012758493,2.A.100,2.A.100,0.01059999750989497,1905,False
C6B3K0,2.A.101,8.A.104,0.009980755256373009,1907,False
WP_076734059,2.A.103,8.A.104,0.014915663433790277,1917,False
WP_082139284,2.A.103,2.A.103,0.013822215667337207,1918,False
WP_071389592,2.A.103,2.A.103,0.014423724860453166,1919,False
KKP64473,2.A.104,2.A.104,0.006733469462096549,1924,False
E4RIT5,2.A.107,2.A.107,0.006612558256204342,1930,False
L8Q2C2,2.A.107,2.A.107,0.006603040078856357,1931,False
L5DDD7,2.A.109,2.A.109,0.010112099564547257,1941,False
C9RH03,2.A.109,2.A.109,0.011180804027563074,1942,False
L7KNF9,2.A.109,2.A.109,0.011228804253413587,1943,False
U2LY02,2.A.11,2.A.11,0.01019042884943002,1951,False
D7AXM6,2.A.11,2.A.11,0.010135596018091974,1952,False
Q821X2,2.A.111,2.A.111,0.008097620832810154,1957,False
J7LI01,2.A.116,2.A.116,0.015307807211403948,1968,False
B7HXY3,2.A.116,2.A.116,0.017190202771076853,1969,False
B8I848,2.A.116,2.A.116,0.017600600964013505,1970,False
Q3J286,2.A.117,2.A.117,0.01908824139792567,1984,False
MBA4130033,2.A.117,2.A.117,0.01917342151312229,1985,False
MBK8180943,2.A.117,2.A.117,0.01803882375733161,1986,False
WP_203595623,2.A.117,2.A.117,0.01519271522405077,1987,False
Q38YQ0,2.A.118,2.A.118,0.01003202756350291,1994,False
P39263,2.A.118,2.A.118,0.009779776183705251,1995,False
WP_057569963,2.A.119,2.A.119,0.020757920965121815,2011,False
WP_062660767,2.A.119,2.A.119,0.02176756066253479,2012,False
WP_092498738,2.A.119,2.A.119,0.021736128075094823,2013,False
OIO63212,2.A.119,2.A.119,0.02090798696936035,2014,False
J6H8T7,2.A.120,2.A.120,0.016477560095579193,2026,False
A8MA30,2.A.120,2.A.120,0.01339703317380908,2027,False
ARG45194,2.A.120,2.A.120,0.01662436985342738,2028,False
B8CB30,2.A.122,2.A.122,0.018197460949731677,2041,False
B5YN56,2.A.122,8.A.104,0.014915925530924625,2042,False
KKP01475,2.A.122,2.A.122,0.016714849251273846,2043,False
C3MTK1,2.A.124,2.A.124,0.0098473081732312,2050,False
X2JQJ2,2.A.124,2.A.124,0.00978203834408355,2051,False
D2VY17,2.A.125,2.A.125,0.006979956612631462,2056,False
OLS23552,2.A.129,2.A.129,0.02231427351025951,2069,False
WP_111865303,2.A.129,2.A.129,0.01955528399672361,2070,False
WP_086951747,2.A.129,2.A.129,0.022112403342379496,2071,False
Q0PAK3,2.A.13,8.A.104,0.0149156712634797,2077,False
K0P0B6,2.A.13,2.A.13,0.006803915920959825,2078,False
RKY32654,2.A.131,2.A.131,0.006640091792823053,2084,False
RZN41577,2.A.131,2.A.131,0.006829522304216188,2085,False
Q8EH59,2.A.133,2.A.133,0.021287742946987848,2099,False
WP_082814648,2.A.133,2.A.133,0.023086603468843548,2100,False
KIC10202,2.A.133,2.A.133,0.019657527845519083,2101,False
WP_022597737,2.A.133,2.A.133,0.02247110725047988,2102,False
Q57251,2.A.14,8.A.104,0.014915768434470495,2107,False
AOY58527,2.A.14,2.A.14,0.00704162008557546,2108,False
AJH13638,2.A.15,2.A.15,0.022655647259552145,2122,False
P31553,2.A.15,8.A.104,0.013245789740987873,2123,False
B4EY22,2.A.15,8.A.104,0.01071767608408845,2124,False
B7L6S9,2.A.15,2.A.15,0.02158931864650895,2125,False
Q9FLV9,2.A.16,2.A.16,0.019344486095498277,2141,False
Q9A061,2.A.16,2.A.16,0.01754013520219993,2142,False
C4IKV8,2.A.16,8.A.104,0.013129861175703491,2143,False
WP_057757662,2.A.16,8.A.104,0.010955583116901549,2144,False
P21608,2.A.24,8.A.104,0.01227795866399225,2152,False
Q48769,2.A.24,8.A.104,0.012171036528441663,2153,False
W0WFC6,2.A.25,2.A.25,0.013701407929469327,2162,False
P30143,2.A.25,2.A.25,0.013577189473855231,2163,False
F2HK99,2.A.26,2.A.26,0.013034610705173791,2172,False
P0AD99,2.A.26,2.A.26,0.013247893851951286,2173,False
B1XKD9,2.A.27,2.A.27,0.006774423525533827,2179,False
M1QJN9,2.A.27,2.A.27,0.00879935468774812,2180,False
Q9S1X8,2.A.33,2.A.33,0.0066143772991170925,2186,False
XP_003075324,2.A.33,2.A.33,0.009652301714435828,2187,False
Q9I2S5,2.A.34,2.A.34,0.009274818218360487,2190,False
Q8EI43,2.A.35,2.A.35,0.017940624073045794,2201,False
Q0PHV8,2.A.35,2.A.35,0.007485325375736754,2202,False
Q838P8,2.A.35,2.A.35,0.006819608654760277,2203,False
P33021,2.A.41,2.A.41,0.017868907182238585,2216,False
Q9KPL5,2.A.41,2.A.41,0.01808166461313121,2217,False
A1Z7N3,2.A.41,2.A.41,0.01859647769744691,2218,False
O00337,2.A.41,2.A.41,0.018362092693038425,2219,False
P37660,2.A.42,2.A.42,0.01583628502967794,2230,False
P42628,2.A.42,2.A.42,0.015430395097498632,2231,False
P63340,2.A.42,2.A.42,0.015704588266907547,2232,False
UYL04267,2.A.45,2.A.45,0.013146014922958466,2242,False
Q819S9,2.A.45,2.A.45,0.015554938884722525,2243,False
A1SPN6,2.A.45,2.A.45,0.015968185248505698,2244,False
P76103,2.A.46,2.A.46,0.00875064623633241,2253,False
Q88I34,2.A.46,8.A.104,0.014915910657546423,2254,False
7TAK_A,2.A.46,2.A.46,0.008906033438743985,2255,False
A8BIM9,2.A.48,2.A.48,0.0065825053160106055,2261,False
O45166,2.A.48,2.A.48,0.006713029545744891,2262,False
C1D347,2.A.52,2.A.52,0.017068346678309032,2275,False
C7PI41,2.A.52,8.A.104,0.01330345080299223,2276,False
Q7NN80,2.A.52,8.A.104,0.01058855770067039,2277,False
A8LPG6,2.A.58,2.A.58,0.014025777958161156,2290,False
P54463,2.A.58,8.A.104,0.014915827142207584,2291,False
Q0W3W9,2.A.58,2.A.58,0.01467826519065995,2292,False
RLG13389,2.A.58,2.A.58,0.015960129555386476,2293,False
G2HQN2,2.A.61,8.A.104,0.014915722712025516,2300,False
C0QDE6,2.A.61,2.A.61,0.008125324145535583,2301,False
A5F120,2.A.62,2.A.62,0.007210346621465362,2307,False
WP_020086767,2.A.62,2.A.62,0.0072368778409438025,2308,False
Q183S2,2.A.68,2.A.68,0.008080690315947476,2313,False
W2qlk8,2.A.71,2.A.71,0.016151531667941272,2324,False
Q9XIQ7,2.A.71,2.A.71,0.01686566487690194,2325,False
Q8IBB7,2.A.71,2.A.71,0.016972019500488128,2326,False
Q9M7K4,2.A.72,2.A.72,0.02027332508574011,2340,False
Q9FE38,2.A.72,2.A.72,0.01990771473599017,2341,False
Q19A13,2.A.72,2.A.72,0.021485098290559425,2342,False
O49423,2.A.72,2.A.72,0.01552768182915568,2343,False
F8D4C5,2.A.73,2.A.73,0.008786254041138631,2346,False
C3XY94,2.A.74,2.A.74,0.017585037601393686,2359,False
C3XY89,2.A.74,2.A.74,0.01737658422660619,2360,False
C3XYE5,2.A.74,2.A.74,0.009981338443079248,2361,False
E2B9N7,2.A.74,2.A.74,0.01669813406176805,2362,False
B5U2Z3,2.A.75,2.A.75,0.010737855677671087,2366,False
Q8GMZ9,2.A.76,2.A.76,0.017958909211367717,2380,False
Q6TNA0,2.A.76,2.A.76,0.018552154486321533,2381,False
V9RYY0,2.A.76,2.A.76,0.019061133264465607,2382,False
A3U6A7,2.A.76,2.A.76,0.019924320956407237,2383,False
Q3IPU1,2.A.77,2.A.77,0.006742982496986101,2388,False
Q8RFA1,2.A.8,2.A.8,0.01792358551284195,2401,False
Q81E21,2.A.8,2.A.8,0.017926880332676042,2402,False
H7C6B2,2.A.8,2.A.8,0.01829267993864667,2403,False
O52005,2.A.81,2.A.81,0.009815014720063662,2410,False
A6LP55,2.A.81,2.A.81,0.008354135856492226,2411,False
A9DHE6,2.A.83,8.A.104,0.011081254814010252,2413,False
WP_147663164,2.A.87,2.A.87,0.022001667693588516,2426,False
TET29359,2.A.87,2.A.87,0.016833907190213777,2427,False
AFN04413,2.A.87,2.A.87,0.020070988853406704,2428,False
Q54IJ2,2.A.92,2.A.92,0.011767016354612515,2437,False
Q94AN2,2.A.92,2.A.92,0.012048436687080818,2438,False
Q9UBH6,2.A.94,2.A.94,0.007748293671111357,2444,False
P16151,2.A.94,2.A.94,0.006847782702536895,2445,False
P25743,2.A.95,8.A.104,0.01491572470936048,2452,False
B8HLY6,2.A.95,2.A.95,0.008545677004593437,2453,False
NLT21186,2.A.96,8.A.104,0.011875139187007498,2467,False
Q460G9,2.A.96,2.A.96,0.020457918046406988,2468,False
GAW00410,2.A.96,2.A.96,0.020412899069754832,2469,False
KXS96282,2.A.96,2.A.96,0.02007560588358684,2470,False
Q6P1Q0,2.A.97,2.A.97,0.009535732916901152,2477,False
Q8I1R5,2.A.97,2.A.97,0.008672134236860574,2478,False
WP_162301253,2.A.99,2.A.99,0.010187053700733504,2485,False
WP_149777770,2.A.99,2.A.99,0.00993291442124802,2486,False
Q9UP52,2.B.93,9.B.229,0.010135964515817412,2488,False
A0BM91,2.D.1,2.D.1,0.010012817771916782,2496,False
Q9VC05,2.D.1,2.D.1,0.011082637449064053,2497,False
O70031,3.A.12,3.A.12,0.00892167235533737,2504,False
Q3LAJ2,3.A.12,3.A.12,0.00887707021591516,2505,False
YP_008130281,3.A.13,3.A.13,0.009440989385523603,2508,False
Q9Y276,3.A.28,3.A.28,0.008259790006370166,2513,False
KOO28456,3.E.3,3.E.3,0.013726618676776776,2522,False
WP_055898914,3.E.3,3.E.3,0.012742650912763909,2523,False
P50416,4.C.2,4.C.2,0.011414094140861194,2526,False
S7VV85,4.E.1,4.E.1,0.008665936672169732,2531,False
Q5CWX6,4.E.1,4.E.1,0.007998098724354703,2532,False
E8V3S2,4.F.1,4.F.1,0.024065707961803604,2545,False
D6I8Y6,4.F.1,4.F.1,0.023435862813691,2546,False
D8J2B2,4.F.1,4.F.1,0.02352254743364498,2547,False
OIO15329,4.F.1,4.F.1,0.02051982267237588,2548,False
WP_046728225,4.H.1,4.H.1,0.01392393485535506,2558,False
WP_083289127,4.H.1,4.H.1,0.014270818924573672,2559,False
VDG77260,4.H.1,4.H.1,0.013096700648466115,2560,False
Q9KV73,5.B.10,5.B.10,0.014931530364254375,2561,False
RWX50390,5.B.15,5.B.15,0.014931377559517171,2562,False
G9NAJ2,5.B.2,5.B.2,0.02213905141118979,2578,False
EQK99033,5.B.2,5.B.2,0.027015461247478466,2579,False
Q7SC62,5.B.2,5.B.2,0.018483126442622427,2580,False
KHN35905,5.B.2,5.B.2,0.028044133019918233,2581,False
PIY59600,5.B.6,5.B.6,0.007297927696677793,2586,False
D7C9K8,5.B.7,5.B.7,0.007981168332047575,2590,False
P0AE06,8.A.1,8.A.104,0.01491780562352058,2607,False
P76397,8.A.1,8.A.1,0.02479620143091275,2608,False
P37636,8.A.1,8.A.1,0.027129036970577995,2609,False
Q7UZ72,8.A.1,8.A.1,0.02510104496878897,2610,False
P46482,8.A.1,8.A.1,0.024962586830557007,2611,False
Q9Y6H6,8.A.10,8.A.10,0.007078782612045689,2617,False
Q9WTW3,8.A.10,8.A.10,0.007069939998906617,2618,False
XP_020894714,8.A.101,8.A.101,0.00731345927190125,2622,False
U6GPW6,8.A.102,8.A.102,0.016714614580961903,2635,False
XP_004833479,8.A.102,8.A.102,0.018192396510692096,2636,False
CUV07185,8.A.102,8.A.102,0.017160809831161482,2637,False
PJF17748,8.A.103,8.A.103,0.014798958825545008,2649,False
XP_010699644,8.A.103,8.A.103,0.015433611467606826,2650,False
Q22DV9,8.A.103,8.A.103,0.015358124025642675,2651,False
P53355,8.A.104,8.A.104,0.014916270199911987,2664,False
Q9BXM7,8.A.104,8.A.104,0.014917607454251995,2665,False
NP_001257414,8.A.104,8.A.104,0.014917231416633864,2666,False
Q6MZM0,8.A.105,8.A.104,0.015186607292367732,2669,False
Q9H902,8.A.108,8.A.108,0.011500945122845678,2677,False
Q96HR9,8.A.108,8.A.108,0.011733742187655124,2678,False
WP_130079951,8.A.11,8.A.104,0.011502260437857074,2681,False
CBJ48530,8.A.111,8.A.111,0.0078390459751935,2689,False
XP_022310796,8.A.111,8.A.111,0.007171407398253452,2690,False
Q8N682,8.A.113,8.A.113,0.011866726975090083,2698,False
Q6UX65,8.A.113,8.A.113,0.011842331703120759,2699,False
KAF6005406,8.A.115,8.A.115,0.022163939820234742,2716,False
XP_001748139,8.A.115,8.A.115,0.034567397819802906,2717,False
TPX40645,8.A.115,8.A.115,0.019129233720334426,2718,False
WBW72430,8.A.115,8.A.115,0.024738865321165305,2719,False
Q9VIM4,8.A.116,8.A.116,0.008049331797448605,2723,False
Q9XTG1,8.A.117,8.A.117,0.006759202228428614,2728,False
Q9NZ94,8.A.117,8.A.117,0.0071524361945191845,2729,False
GAV02799,8.A.118,8.A.118,0.006942524306338988,2738,False
XP_019853507,8.A.118,8.A.118,0.007736511902331735,2739,False
P37249,8.A.12,8.A.12,0.01255545529274169,2741,False
Q9W145,8.A.120,8.A.120,0.01213700304170092,2749,False
Q96DR4,8.A.120,8.A.104,0.014915913872107474,2750,False
Q20687,8.A.121,8.A.121,0.007032866390908279,2755,False
XP_010568056,8.A.122,8.A.122,0.007347505127527708,2760,False
XP_022318076,8.A.122,8.A.122,0.006934917183817382,2761,False
Q9NQ34,8.A.123,8.A.123,0.00829931301541808,2768,False
WP_031585819,8.A.123,8.A.123,0.007160799864149734,2769,False
P57088,8.A.124,8.A.104,0.00991477791328464,2772,False
Q96KA5,8.A.125,8.A.125,0.007311169382220663,2777,False
XP_027796271,8.A.126,8.A.126,0.008450807513253738,2780,False
XP_002606196,8.A.127,8.A.127,0.009274309040629442,2787,False
XP_030900971,8.A.127,8.A.127,0.009762439878430102,2788,False
XP_013349430,8.A.129,8.A.129,0.007388270244899795,2794,False
GBG75892,8.A.129,8.A.129,0.008036475354558448,2795,False
O42668,8.A.13,8.A.13,0.015208477887844032,2796,False
P83748,8.A.131,8.A.131,0.013610700914737517,2809,False
P00738,8.A.131,8.A.131,0.020031299509086147,2810,False
B0FXM1,8.A.131,8.A.131,0.01296165289695966,2811,False
Q9BUZ4,8.A.133,8.A.104,0.008805470972340294,2822,False
WGW18136,8.A.133,8.A.104,0.014145436316878847,2823,False
Q9C039,8.A.133,8.A.104,0.00890008513314408,2824,False
ORZ11951,8.A.134,8.A.134,0.007134628198850116,2829,False
PSN51050,8.A.135,8.A.135,0.010953102518807305,2836,False
MPD02914,8.A.135,8.A.135,0.011215909420859739,2837,False
Q96B67,8.A.136,8.A.136,0.018741471036813243,2848,False
Q9H3M7,8.A.136,8.A.136,0.02035122268726019,2849,False
Q20232,8.A.136,8.A.136,0.007182609133209191,2850,False
SMO36342,8.A.139,8.A.139,0.006953383349384709,2854,False
Q9NPA1,8.A.14,8.A.14,0.008815195037224506,2858,False
XP_027225662,8.A.140,8.A.140,0.006736077783177579,2863,False
KAF5277533,8.A.140,8.A.140,0.007004329699918325,2864,False
R1ELF4,8.A.141,8.A.141,0.007635415408261735,2869,False
Q6IEE7,8.A.143,8.A.143,0.01279281103829834,2874,False
WP_144051564,8.A.144,8.A.144,0.0066377091736025354,2879,False
KAF2077471,8.A.145,8.A.145,0.008962919268923845,2884,False
P30041,8.A.147,8.A.147,0.008699386737497048,2887,False
B8B381,8.A.15,8.A.104,0.014918251200026522,2891,False
WP_008488490,8.A.150,8.A.150,0.008194826960891114,2895,False
O43865,8.A.151,8.A.151,0.014927671579644067,2896,False
WP_181340520,8.A.153,8.A.153,0.00751135106298998,2901,False
MBC7395593,8.A.153,8.A.153,0.007109142377622976,2902,False
XP_034038246,8.A.154,8.A.154,0.006813997296083642,2907,False
WP_082825104,8.A.155,8.A.155,0.007215871002234877,2912,False
KAF5827728,8.A.155,8.A.155,0.006713075650353295,2913,False
XP_018009461,8.A.157,8.A.157,0.007607799127862153,2918,False
XP_032802017,8.A.159,8.A.104,0.014917619187117061,2929,False
XP_006478623,8.A.159,8.A.159,0.015732285740491216,2930,False
PWZ10394,8.A.159,8.A.159,0.015542296379872799,2931,False
Q96GS6,8.A.161,8.A.161,0.014927716786775631,2932,False
Q16790,8.A.164,8.A.164,0.014929110585738295,2933,False
VDL89025,8.A.166,8.A.166,0.0153298019309836,2943,False
CAF2143533,8.A.166,8.A.166,0.014894824916263911,2944,False
XP_028411903,8.A.166,8.A.166,0.01218181939526863,2945,False
XP_011530207,8.A.168,8.A.168,0.007794866688786603,2949,False
GAW06118,8.A.169,8.A.169,0.008343371206545436,2958,False
SSD60863,8.A.169,8.A.169,0.013731940792517165,2959,False
XP_001229202,8.A.169,8.A.169,0.013637624235778857,2960,False
XP_027863911,8.A.17,8.A.17,0.012228247454172097,2972,False
AAO89003,8.A.17,8.A.17,0.018700386023443285,2973,False
Q15116,8.A.17,8.A.17,0.018239809614535172,2974,False
Q9NXB0,8.A.170,8.A.170,0.014929301515123384,2975,False
CAF0816190,8.A.171,8.A.171,0.008263460189587698,2979,False
RLG19162,8.A.172,8.A.104,0.009638857072858166,2988,False
HHM12341,8.A.172,8.A.104,0.013652239642955654,2989,False
WP_165159837,8.A.172,8.A.172,0.012141237837590808,2990,False
Q9H4B7,8.A.173,8.A.173,0.012184611200441349,2992,False
HFO91905,8.A.174,8.A.174,0.008789955438741219,2997,False
MBT5252923,8.A.174,8.A.174,0.0068338488663685455,2998,False
KAG2726972,8.A.175,8.A.175,0.006561919431633917,3004,False
XP_020163427,8.A.175,8.A.175,0.006778183664606896,3005,False
WP_054576892,8.A.176,8.A.104,0.008981934315507954,3009,False
UQL51144,8.A.177,8.A.177,0.0101295129730467,3017,False
P50591,8.A.177,8.A.177,0.010532005304096478,3018,False
KAG6546873,8.A.178,8.A.178,0.010202301111083573,3025,False
XP_013762242,8.A.178,1.C.132,0.0068192079782420055,3026,False
Q8IZS8,8.A.18,8.A.18,0.013220155879254616,3031,False
Q7Z3S7,8.A.18,8.A.18,0.013341543358829294,3032,False
WP_165133333,8.A.180,8.A.104,0.012705327377049488,3035,False
VZI44309,8.A.181,8.A.181,0.008755136247700827,3039,False
KAH8130706,8.A.182,8.A.182,0.009376634351353193,3042,False
PSC71052,8.A.183,8.A.183,0.008906063284756235,3047,False
ETW46879,8.A.183,8.A.183,0.006821913907853292,3048,False
XP_020432384,8.A.185,8.A.185,0.006739133063021941,3054,False
L0R6Q1,8.A.185,8.A.185,0.007521023822332927,3055,False
O00592,8.A.187,8.A.187,0.015205978265218464,3056,False
XP_001748040,8.A.188,8.A.188,0.010773735306478125,3065,False
OMJ82451,8.A.188,8.A.188,0.010617210937792006,3066,False
KJE94133,8.A.189,8.A.104,0.01491767541762432,3071,False
Q4V5U6,8.A.19,8.A.19,0.007040584655048755,3076,False
QID84842,8.A.190,8.A.190,0.007822074411434924,3080,False
RMZ54818,8.A.191,8.A.191,0.007755232433427568,3088,False
PXF60217,8.A.191,8.A.191,0.006874796973194635,3089,False
NP_001286236,8.A.192,8.A.192,0.012431044763005444,3098,False
F4IVL6,8.A.192,8.A.192,0.011781686184501235,3099,False
KAG8010605,8.A.193,8.A.193,0.008254720427454195,3103,False
XP_029997346,8.A.194,8.A.104,0.014918092943127098,3110,False
KAG2487039,8.A.194,8.A.194,0.010159406614614563,3111,False
XP_031756194,8.A.196,8.A.196,0.01053474561266936,3116,False
CDW53771,8.A.197,8.A.197,0.008476027159528655,3120,False
P0AA95,8.A.2,8.A.2,0.008710827664981196,3123,False
E1ZNI7,8.A.20,8.A.20,0.006790891003703319,3129,False
XP_005646384,8.A.20,8.A.20,0.006836888153726367,3130,False
WP_075967942,8.A.201,8.A.201,0.012090537409816814,3139,False
MBS4889330,8.A.201,8.A.201,0.010152904303317568,3140,False
TWW75268,8.A.202,8.A.202,0.007560246111312557,3145,False
Q6PD74,8.A.203,8.A.203,0.014927646566124384,3146,False
NP_001336488,8.A.204,8.A.204,0.007100092389393398,3152,False
P32926,8.A.204,8.A.204,0.0069822615394421455,3153,False
OLP90965,8.A.205,8.A.205,0.007438482772553963,3159,False
SCM17177,8.A.205,8.A.205,0.00696034048359343,3160,False
XP_045182095,8.A.206,8.A.206,0.0068090619336926795,3164,False
XP_033734125,8.A.208,8.A.208,0.011845008869958328,3172,False
XP_048394075,8.A.208,8.A.208,0.01085195379598869,3173,False
Q9VKM7,8.A.209,8.A.104,0.010299294949459352,3175,False
RHY26985,8.A.210,8.A.210,0.006995024408337924,3179,False
XP_031323901,8.A.211,8.A.211,0.009525401463642716,3182,False
WP_196367168,8.A.212,8.A.212,0.010236547650158323,3186,False
MAH74360,8.A.213,8.A.213,0.006569843356248814,3191,False
MBL4747290,8.A.213,8.A.213,0.008495065089735814,3192,False
XP_028399918,8.A.214,8.A.214,0.007137087665545155,3197,False
XP_035489110,8.A.215,2.A.16,0.00707483251284689,3200,False
KAJ3260049,8.A.216,8.A.216,0.007052968163718959,3205,False
P38736,8.A.216,8.A.216,0.007909205070060623,3206,False
O00305,8.A.22,8.A.104,0.015174650519018245,3210,False
EKF99199,8.A.221,8.A.221,0.010034868806332116,3218,False
TFJ87285,8.A.221,8.A.221,0.01126744834187583,3219,False
P42858,8.A.222,8.A.222,0.015206609076878631,3220,False
AAG25642,8.A.223,8.A.223,0.011612199316038845,3224,False
KAG7342390,8.A.225,8.A.225,0.008538932572492537,3228,False
KAI6194636,8.A.226,8.A.226,0.00659653114603252,3233,False
NP_651733,8.A.226,8.A.226,0.008174371430312546,3234,False
GFO46191,8.A.227,8.A.227,0.008130523964756267,3241,False
KAI8730524,8.A.227,8.A.227,0.009313129763296396,3242,False
WP_076222359,8.A.228,8.A.104,0.009188558115875213,3244,False
RAS33480,8.A.229,8.A.104,0.013785103641456424,3246,False
KAF0027435,8.A.230,8.A.230,0.0068933983439609285,3251,False
XP_017548242,8.A.237,8.A.237,0.012414753732176098,3254,False
Q9UBP9,8.A.238,8.A.1,0.00676888195990968,3257,False
H3CPN3,8.A.239,8.A.239,0.011372755287589669,3259,False
G3VXE4,8.A.240,8.A.104,0.013534880234832354,3261,False
Q9Y4G6,8.A.25,8.A.25,0.009316350441172213,3268,False
Q9BQL6,8.A.25,8.A.104,0.01518595624967544,3269,False
ANK58183,8.A.26,8.A.26,0.006905931682197949,3275,False
P56539,8.A.26,8.A.26,0.0069486588142485374,3276,False
H2L0H3,8.A.27,8.A.27,0.010387136085928513,3284,False
CZT62675,8.A.27,8.A.27,0.011185382320184413,3285,False
Q9Z2Y3,8.A.29,8.A.29,0.0152060976054496,3286,False
Q09098,8.A.31,8.A.31,0.00802322483432377,3290,False
Q8I6Z5,8.A.32,8.A.32,0.008489562388592109,3295,False
AGZ86590,8.A.33,8.A.104,0.014915666427557712,3300,False
CCE37669,8.A.35,8.A.35,0.00850226900737014,3305,False
POE55702,8.A.37,8.A.37,0.006658851138796007,3310,False
P91193,8.A.38,8.A.104,0.011918190695941787,3312,False
XP_012918761,8.A.39,8.A.39,0.009249463715394547,3315,False
P43111,8.A.4,8.A.104,0.012258381617729646,3318,False
Q10063,8.A.41,8.A.41,0.0068554359345871715,3325,False
B9WHV4,8.A.41,8.A.41,0.010435555363509458,3326,False
R4G5U4,8.A.42,8.A.42,0.006633296692507562,3331,False
R5LHN3,8.A.42,8.A.42,0.008513242369464696,3332,False
E9AL21,8.A.44,8.A.44,0.006975045009056859,3337,False
A8JGI1,8.A.44,8.A.44,0.007200038192913494,3338,False
A9UTZ4,8.A.45,8.A.45,0.007069740172299633,3345,False
F2U0C1,8.A.45,8.A.45,0.006909452406368472,3346,False
G8TGS7,8.A.46,8.A.46,0.02055031860513138,3358,False
D1JJ68,8.A.46,8.A.46,0.013613843614298519,3359,False
BAE20200,8.A.46,8.A.46,0.018711274883732594,3360,False
I9WSV7,8.A.48,8.A.48,0.007117799213654719,3367,False
MBV8416225,8.A.48,8.A.48,0.007957432874380626,3368,False
AKM80894,8.A.49,8.A.49,0.009160942795761257,3371,False
P77735,8.A.5,8.A.104,0.014915781351424419,3377,False
P76187,8.A.5,8.A.104,0.014915761542222319,3378,False
P0AAW9,8.A.50,8.A.50,0.014927825531864424,3379,False
P27487,8.A.51,8.A.51,0.007738585992699489,3384,False
Q12884,8.A.51,8.A.51,0.007663276690715904,3385,False
Q7XZ04,8.A.52,8.A.52,0.008107235564443501,3391,False
O60260,8.A.52,8.A.104,0.014916287790943847,3392,False
V8NZN5,8.A.53,8.A.53,0.008690634765845369,3395,False
Q1ZYL8,8.A.55,8.A.55,0.007552201597173243,3400,False
KAG7176625,8.A.57,8.A.57,0.007299828795556553,3405,False
XP_023218887,8.A.57,8.A.57,0.006822592027566945,3406,False
T1FSM0,8.A.58,8.A.58,0.01692491251228486,3422,False
D5T4Y6,8.A.58,8.A.58,0.015198163003561475,3423,False
Q9H7V2,8.A.58,8.A.58,0.0222366314034808,3424,False
O35449,8.A.58,8.A.58,0.021773296392207552,3425,False
OLS30636,8.A.59,8.A.59,0.01134257357070163,3428,False
F7FKR6,8.A.60,8.A.60,0.009253657656994875,3431,False
Q9C7D7,8.A.61,8.A.61,0.01234384578371964,3440,False
Q8TBE1,8.A.61,8.A.61,0.012684452153151522,3441,False
L7ILZ6,8.A.61,8.A.61,0.012755689811654989,3442,False
W6UD82,8.A.62,8.A.62,0.008162509054321363,3446,False
O02109,8.A.63,8.A.63,0.006805933444175138,3451,False
E6TG36,8.A.63,8.A.63,0.006831412179627011,3452,False
Q4UF74,8.A.65,8.A.65,0.007604618351173072,3458,False
V7PSH7,8.A.65,8.A.65,0.0073224339946558175,3459,False
Q9UPN3,8.A.66,8.A.104,0.014920702334820683,3466,False
Q01082,8.A.66,8.A.104,0.014920061554215878,3467,False
Q99220,8.A.67,8.A.67,0.006601040546725077,3472,False
NP_001122097,8.A.68,8.A.68,0.017071829893863577,3486,False
KAF7834676,8.A.68,8.A.68,0.01779485555560911,3487,False
XP_020044853,8.A.68,8.A.68,0.015669252055195624,3488,False
XP_022972624,8.A.68,8.A.68,0.01585910180128194,3489,False
V9L7R9,8.A.69,8.A.69,0.009191228378540785,3492,False
H1XXY9,8.A.7,8.A.7,0.008212179676289542,3497,False
A1RZ61,8.A.7,8.A.7,0.006786287273428209,3498,False
KND87996,8.A.70,8.A.70,0.007312288521691128,3503,False
A9V5D8,8.A.70,8.A.70,0.006760881115261376,3504,False
E3M513,8.A.71,8.A.71,0.008231898558799581,3508,False
AIA09566,8.A.72,8.A.72,0.00924892479295147,3511,False
G3AKL2,8.A.73,8.A.73,0.011446614400508332,3520,False
P81450,8.A.73,8.A.73,0.010486466235543224,3521,False
O14894,8.A.75,8.A.75,0.006792066265124242,3526,False
P30408,8.A.75,8.A.75,0.0070215618404352665,3527,False
M0ZJN1,8.A.76,8.A.76,0.008828557923028916,3532,False
Q14TH3,8.A.77,8.A.77,0.012521113588371307,3542,False
NP_080609,8.A.77,8.A.77,0.010685835641240825,3543,False
P01057,8.A.77,8.A.77,0.008633543734137968,3544,False
XP_054180400,8.A.78,8.A.104,0.014815563144404558,3546,False
A2SGV2,8.A.79,8.A.104,0.014915990267878263,3549,False
A1RZ60,8.A.8,8.A.8,0.00785728911047993,3555,False
O50515,8.A.8,8.A.8,0.0071410853903317245,3556,False
P28783,8.A.81,8.A.104,0.014916220427556885,3561,False
XP_055072748,8.A.83,8.A.83,0.008725114616952174,3569,False
XP_017264102,8.A.83,8.A.83,0.009553649001524812,3570,False
Q9BXS4,8.A.84,8.A.84,0.008648313439414962,3574,False
NP_648847,8.A.88,8.A.88,0.014005539291930982,3584,False
P30101,8.A.88,8.A.104,0.008892630538095043,3585,False
AAH93062,8.A.88,8.A.88,0.010448028261006076,3586,False
Q9VHX9,8.A.9,8.A.104,0.014917270120516702,3592,False
Q5DDT5,8.A.9,8.A.104,0.01491642933770228,3593,False
Q9BT76,8.A.90,8.A.90,0.007849845198001151,3598,False
T2F9S8,8.A.90,8.A.90,0.007382959544349195,3599,False
Q12846,8.A.91,8.A.91,0.01605542175164466,3611,False
A0AVG3,8.A.91,8.A.91,0.015038517307213286,3612,False
P93654,8.A.91,8.A.104,0.01491589994775268,3613,False
G3X0R8,8.A.93,8.A.93,0.008935959326803645,3620,False
Q9BZW5,8.A.93,8.A.93,0.009144745866314625,3621,False
SBP60566,8.A.94,8.A.94,0.007074746467085836,3626,False
Q7Z5L3,8.A.94,8.A.94,0.007375850911958505,3627,False
P62258,8.A.98,8.A.104,0.014915847899601915,3636,False
P61981,8.A.98,8.A.104,0.01491574137647727,3637,False
V4QS44,8.A.98,8.A.104,0.01491575118340472,3638,False
WP_026610930,8.A.99,8.A.99,0.006648862836968614,3642,False
P45667,8.B.1,8.B.1,0.01846436221343225,3656,False
P60266,8.B.1,8.B.1,0.020944538590028667,3657,False
TKW02011,8.B.1,8.B.1,0.019397051644014358,3658,False
AME17663,8.B.1,8.A.104,0.014915785511625052,3659,False
P84919,8.B.11,8.B.11,0.008222251362463703,3663,False
P86716,8.B.12,8.B.12,0.007856424430705921,3668,False
XP_020356628,8.B.13,8.B.13,0.008692574082180106,3675,False
O43291,8.B.13,8.B.13,0.00700017970025117,3676,False
C3TS07,8.B.17,8.B.17,0.008960604659233685,3683,False
B1B5I9,8.B.17,8.B.17,0.009493963376427302,3684,False
C0HKG8,8.B.19,8.B.19,0.012845298766721892,3693,False
P81790,8.B.19,8.B.19,0.01416098495713264,3694,False
AED89561,8.B.23,1.C.74,0.008882514632292395,3700,False
P81782,8.B.23,1.C.74,0.008884675251647732,3701,False
G3CKQ5,8.B.25,8.B.25,0.012549866697119922,3710,False
G8XTD4,8.B.25,8.B.25,0.01220936741390356,3711,False
Q80KL8,8.B.25,8.B.25,0.011960251874448376,3712,False
ATF27819,8.B.28,8.B.4,0.019930022459217923,3720,False
AXL93751,8.B.28,8.B.4,0.020650230514134418,3721,False
B1P1H2,8.B.3,8.B.5,0.006990158174315232,3727,False
Q7YT39,8.B.3,8.B.5,0.008985976520207856,3728,False
P55817,8.B.30,8.B.30,0.008528592516952642,3731,False
Q09470,8.B.31,8.B.31,0.015206140477541178,3732,False
P0CY81,8.B.32,8.B.32,0.021099353838111304,3746,False
P0CAQ2,8.B.32,8.B.32,0.01708483986442134,3747,False
P0C1X0,8.B.32,8.B.32,0.020251774631328857,3748,False
P0C2C5,8.B.32,8.B.32,0.018386557149532776,3749,False
P0C666,8.B.4,8.B.4,0.02141610103451132,3763,False
ATF27565,8.B.4,8.B.4,0.022472816600979474,3764,False
Q9BP53,8.B.4,8.B.4,0.02125838376909231,3765,False
WEQ50348,8.B.4,8.B.4,0.020766607490649115,3766,False
AKZ19080,8.B.42,8.B.42,0.0092674043575437,3769,False
WP_125548623,8.B.43,8.B.43,0.006965140475377608,3775,False
WP_137635425,8.B.43,8.B.43,0.00702916829976835,3776,False
P56852,8.B.5,8.B.5,0.013249455369547376,3785,False
P60590,8.B.5,8.B.5,0.01051323377600819,3786,False
M5AY63,8.B.5,8.B.5,0.016797156097189476,3787,False
B8XH25,8.B.7,8.B.7,0.008763290142476197,3792,False
P0C194,8.B.8,8.B.8,0.010095811347524668,3800,False
P0C8R1,8.B.8,8.B.8,0.010335697717407865,3801,False
B0X6A3,8.B.9,8.A.104,0.014915655840731172,3807,False
P48060,8.B.9,8.B.9,0.007055541912125555,3808,False
XP_005472026,9.A.1,8.A.104,0.014915865340858016,3815,False
X2JDY8,9.A.1,8.A.104,0.014917713463968045,3816,False
Q9V9S0,9.A.16,9.A.16,0.01173070017080586,3824,False
Q9UQV4,9.A.16,9.A.16,0.012131409241905354,3825,False
Q986E2,9.A.18,9.A.18,0.007257088791553067,3830,False
XP_044548243,9.A.19,9.A.19,0.00946359526795081,3837,False
PYI33190,9.A.19,8.A.104,0.009030247133468205,3838,False
Q9HVM8,9.A.21,8.A.104,0.0127374021854008,3840,False
A9NFH9,9.A.23,8.A.104,0.01235683314730825,3842,False
Q59Q40,9.A.26,9.A.26,0.008762992115579855,3846,False
A4XHF2,9.A.28,9.A.28,0.00815021956434716,3850,False
WP_093835186,9.A.32,9.A.32,0.02004381718046954,3863,False
WP_173774957,9.A.32,9.A.32,0.018584616173406777,3864,False
WP_090409123,9.A.32,9.A.32,0.018542655155598792,3865,False
Q9KW03,9.A.33,9.A.33,0.014928865450383924,3866,False
CAF0919544,9.A.35,9.A.35,0.006825005533634052,3872,False
Q8I4H9,9.A.35,9.A.35,0.0069041659943821785,3873,False
Q9NRY6,9.A.36,9.A.36,0.00708216285826129,3879,False
Q8IJH8,9.A.36,9.A.36,0.00670430269361475,3880,False
Q1WF75,9.A.37,9.A.37,0.014928296600560482,3881,False
S6A3A3,9.A.4,9.A.4,0.0068787590157904695,3887,False
Q73GS7,9.A.4,9.A.4,0.007263651959290199,3888,False
KQJ85610,9.A.43,9.A.43,0.015433563708000224,3901,False
Q8LPS2,9.A.43,9.A.43,0.014240711482366622,3902,False
XP_015973699,9.A.43,9.A.43,0.020299273547366947,3903,False
D4GQY8,9.A.45,9.A.45,0.011745857159655301,3905,False
Q54NS7,9.A.49,9.A.49,0.015298269198825758,3915,False
Q5CW48,9.A.49,9.A.49,0.007433263962659447,3916,False
P53633,9.A.49,9.A.49,0.015520809772283106,3917,False
D2YRH2,9.A.5,9.A.5,0.006963194163331453,3923,False
P39379,9.A.5,9.A.5,0.00687655644621725,3924,False
M1V9R7,9.A.54,9.A.54,0.011846442471907194,3933,False
Q00X06,9.A.54,9.A.54,0.008238241801691073,3934,False
Q68DH5,9.A.54,9.A.54,0.00835260552725066,3935,False
Q12466,9.A.57,9.A.57,0.006715112157311499,3945,False
P48231,9.A.57,9.A.57,0.006719254004312079,3946,False
Q03640,9.A.57,9.A.57,0.006604964692947657,3947,False
H1A8I6,9.A.59,9.A.59,0.009399122893635222,3950,False
A0DG78,9.A.6,8.A.104,0.012553213298885833,3952,False
I8AJB9,9.A.66,9.A.66,0.008845452806596533,3955,False
WP_101143913,9.A.7,9.A.7,0.007470660631052317,3961,False
WP_061080484,9.A.7,9.A.7,0.007379588301221464,3962,False
P00505,9.A.70,9.A.70,0.014927804141818775,3963,False
Q99445,9.A.71,9.A.71,0.014927912476990901,3964,False
RJU95109,9.A.76,8.A.104,0.014915828527693145,3974,False
KAE8977401,9.A.76,9.A.76,0.012332685687511205,3975,False
RLT34927,9.A.76,8.A.104,0.014916671040828439,3976,False
KAF4923135,9.A.78,9.A.78,0.008475418385855062,3981,False
XP_002765820,9.A.79,9.A.79,0.006858672379877969,3985,False
XP_011674862,9.A.80,9.A.80,0.007720483524148405,3990,False
NBO37220,9.A.81,9.A.81,0.007783965948273651,3995,False
Q9HFE1,9.A.9,9.A.9,0.012622558695981546,3997,False
E8XKQ3,9.B.100,9.B.100,0.014927928763545376,3998,False
KMZ66701,9.B.103,9.B.103,0.00927750843891554,4001,False
D8IUH5,9.B.108,9.B.108,0.006915443909670742,4006,False
A3TJM9,9.B.108,9.B.108,0.007823443371918499,4007,False
F0VLB1,9.B.11,8.A.104,0.010491239083149832,4009,False
WP_042258648,9.B.110,9.B.110,0.0067451961529394885,4014,False
WP_121250785,9.B.111,8.A.104,0.015012463909545684,4019,False
Q96PC5,9.B.113,8.A.104,0.015100396438674408,4023,False
P0AFY2,9.B.114,9.B.114,0.014927948203507136,4024,False
WP_124789456,9.B.116,9.B.116,0.012386009325171568,4032,False
TFH37055,9.B.116,9.B.116,0.010109176327948896,4033,False
WP_051287091,9.B.118,9.B.118,0.0065732611721079515,4038,False
WP_089971100,9.B.118,9.B.118,0.006672662259875797,4039,False
Q8LPI6,9.B.119,9.B.119,0.007135827549992374,4044,False
QIR82081,9.B.119,9.B.119,0.007497378311441776,4045,False
Q07549,9.B.12,9.B.12,0.014218766544250418,4055,False
P56508,9.B.12,9.B.12,0.01284059506030254,4056,False
Q20516,9.B.12,9.B.12,0.01582773265308987,4057,False
SDO08619,9.B.120,9.B.120,0.011974732178444135,4065,False
NYE48519,9.B.120,9.B.120,0.01159008637111385,4066,False
Q82QI0,9.B.122,9.B.122,0.008226343397275522,4071,False
C4M797,9.B.123,9.B.123,0.007566100317798607,4076,False
F4QRL0,9.B.124,9.B.124,0.01573456802014292,4087,False
B7MI53,9.B.124,9.B.124,0.015803222312541047,4088,False
V4PBP8,9.B.124,9.B.124,0.01387979308117516,4089,False
Q8PVB2,9.B.125,8.A.104,0.013686417244603278,4093,False
R5HFF1,9.B.126,9.B.126,0.01780590926309306,4105,False
Q72HC9,9.B.126,9.B.126,0.017366043963972424,4106,False
AUZ87169,9.B.126,9.B.126,0.0189041920697376,4107,False
WP_014620776,9.B.127,9.B.127,0.008354923179440681,4112,False
P0A236,9.B.128,9.B.128,0.006542646706171085,4116,False
K9HWE0,9.B.13,9.B.13,0.00910440513627101,4120,False
U6J488,9.B.130,9.B.130,0.008969566730302855,4129,False
M7B5M6,9.B.130,9.B.130,0.013471457596524029,4130,False
O55100,9.B.130,9.B.130,0.011708560835826427,4131,False
E7KKW7,9.B.132,8.A.104,0.011375593373995399,4133,False
E4UA69,9.B.133,8.A.104,0.012310028835159624,4137,False
I1L1Q2,9.B.134,8.A.104,0.008791866773664976,4139,False
CDW76090,9.B.135,9.B.135,0.020105677098012534,4152,False
Q9BWQ6,9.B.135,9.B.135,0.017347845560301434,4153,False
P53108,9.B.135,9.B.135,0.01830725383512261,4154,False
WP_013217642,9.B.136,9.B.136,0.012748924462909999,4162,False
A8A9N6,9.B.136,9.B.136,0.008839033365071207,4163,False
MQY02608,9.B.138,9.B.138,0.008439190005394379,4167,False
H2GWS5,9.B.139,9.B.139,0.0071410992724458425,4175,False
E2S7A3,9.B.139,9.B.139,0.011018640778707104,4176,False
C7TAQ3,9.B.141,9.B.141,0.009114419117397413,4179,False
G0G9H5,9.B.145,9.B.145,0.007450035920147868,4184,False
H0R417,9.B.145,9.B.145,0.007645923670371269,4185,False
P0AC78,9.B.146,9.B.146,0.00912613172764481,4192,False
ALM14264,9.B.146,9.B.146,0.009225699675319776,4193,False
Q138B7,9.B.15,9.B.15,0.011667463494572981,4203,False
D2S9V8,9.B.15,9.B.15,0.011367676386954741,4204,False
Q6MHC6,9.B.15,9.B.15,0.015142744400710088,4205,False
Q6MK65,9.B.150,9.B.150,0.00910620738316901,4209,False
OHB97472,9.B.154,9.B.154,0.014821666846555254,4219,False
AJM78027,9.B.154,9.B.154,0.01446818279623216,4220,False
B1ZTG9,9.B.154,9.B.154,0.014843772601847638,4221,False
Q58290,9.B.156,8.A.104,0.013041744476802208,4228,False
I6ZUE8,9.B.156,8.A.104,0.00909688979719961,4229,False
F2MU33,9.B.158,9.B.158,0.008512031344100267,4232,False
D5EE66,9.B.160,9.B.160,0.019927959160916914,4245,False
A4TZ39,9.B.160,9.B.160,0.020238776126571684,4246,False
Q1MQG2,9.B.160,9.B.160,0.019194964522136558,4247,False
P08550,9.B.160,9.B.160,0.01943500906401304,4248,False
Q7UM60,9.B.163,9.B.163,0.014616003107152015,4258,False
D5SYL6,9.B.163,9.B.163,0.015204994382433142,4259,False
D5ST04,9.B.163,9.B.163,0.015479738669397251,4260,False
E1THQ6,9.B.164,9.B.164,0.00903409127893579,4263,False
Q94AL8,9.B.166,9.B.166,0.014927750642359915,4264,False
A3UXB5,9.B.167,9.B.167,0.010127417694408553,4267,False
D2QPR7,9.B.168,9.B.168,0.00858404659406682,4270,False
B8FMP7,9.B.170,9.B.170,0.007521679443904457,4276,False
Q1IUU0,9.B.170,9.B.170,0.007536774258984894,4277,False
Q11WV5,9.B.172,9.B.172,0.007670994702579263,4282,False
WP_156809393,9.B.174,9.B.174,0.010678360607492665,4290,False
WP_088466477,9.B.174,8.A.104,0.014915958441782548,4291,False
A6URJ2,9.B.176,9.B.176,0.007132902488579237,4296,False
Q12VB2,9.B.176,9.B.176,0.007125401052073216,4297,False
S9VAZ9,9.B.177,8.A.104,0.013873625404251574,4299,False
WP_176323877,9.B.18,9.B.18,0.010755824412756748,4307,False
P27830,9.B.18,9.B.18,0.01019800235057663,4308,False
R8RPP1,9.B.182,9.B.182,0.007523961288507721,4314,False
K0N7U5,9.B.182,9.B.182,0.007682940796606767,4315,False
D1PQ73,9.B.183,9.B.183,0.009049666978132857,4323,False
P71056,9.B.183,9.B.183,0.01168607617238523,4324,False
C5CCA2,9.B.185,9.B.185,0.007231937478585391,4330,False
D1CEH0,9.B.185,9.B.185,0.007309658002215826,4331,False
Q9BVK6,9.B.188,9.B.188,0.012688241289437924,4340,False
Q6NWI7,9.B.188,9.B.188,0.012308923814360228,4341,False
A5KC26,9.B.19,8.A.104,0.010744644043681178,4345,False
P48583,9.B.191,9.B.191,0.014335203554440052,4355,False
A0Y0J1,9.B.191,9.B.191,0.013320387181097928,4356,False
MBE0344742,9.B.191,9.B.191,0.01412624543863542,4357,False
Q12016,9.B.199,9.B.199,0.009173549366406165,4364,False
L1JGY1,9.B.199,8.A.104,0.008835115529116271,4365,False
SDF61091,9.B.20,9.B.20,0.021268804364528274,4379,False
WP_002265438,9.B.20,9.B.20,0.01787998307284926,4380,False
WP_020581537,9.B.20,9.B.20,0.023569682965492684,4381,False
KKQ27895,9.B.20,9.B.20,0.015079762967886627,4382,False
PIK57755,9.B.200,9.B.200,0.008914469167499064,4386,False
C5GC38,9.B.203,9.B.203,0.009028139090813169,4389,False
GET92160,9.B.204,9.B.204,0.010894412742608354,4397,False
XP_002683027,9.B.204,9.B.204,0.006974753396884458,4398,False
P32341,9.B.206,9.B.206,0.0074506752827841706,4405,False
W0T9B7,9.B.206,9.B.206,0.00714346724789639,4406,False
W5L189,9.B.207,9.B.207,0.011899366352897229,4408,False
Q07869,9.B.208,8.A.104,0.015193554877430819,4414,False
Q13133,9.B.208,8.A.104,0.015177675784450296,4415,False
Q7CJK3,9.B.209,9.B.209,0.01124813053783144,4417,False
P27838,9.B.21,8.A.104,0.009273545411819422,4420,False
WP_109489060,9.B.210,9.B.210,0.016854770536448373,4432,False
OHE59509,9.B.210,9.B.210,0.017640592124238002,4433,False
WP_044729301,9.B.210,9.B.210,0.018035015659345607,4434,False
H0E5G9,9.B.211,9.B.211,0.008238624341268777,4437,False
P04288,9.B.212,9.B.212,0.014927904134319216,4438,False
A5H0X7,9.B.213,9.B.213,0.007401100280163693,4442,False
WP_068761139,9.B.214,9.B.214,0.012923719296177402,4453,False
WP_053485284,9.B.214,9.B.214,0.0180103140738131,4454,False
WP_131276719,9.B.214,9.B.214,0.018488516141123932,4455,False
M2XSV3,9.B.216,9.B.216,0.008008745989871913,4460,False
Q9ASV5,9.B.216,9.B.216,0.006727019858058671,4461,False
WP_014405681,9.B.218,9.B.218,0.0075882387420274965,4467,False
WP_062417086,9.B.218,9.B.218,0.008680277691391246,4468,False
WP_081499969,9.B.221,9.B.221,0.006705462407673274,4481,False
WP_028098897,9.B.221,9.B.221,0.021735152411789978,4482,False
WP_119506911,9.B.221,9.B.221,0.023234803628752472,4483,False
G9EP97,9.B.223,9.B.223,0.015666827788712423,4493,False
AKM78687,9.B.223,9.B.223,0.01845631568102415,4494,False
AKM78689,9.B.223,9.B.223,0.015316397052122921,4495,False
WP_051394874,9.B.225,9.B.225,0.01143298131920559,4503,False
A4SKX1,9.B.225,9.B.225,0.010453078221331706,4504,False
C0VZJ6,9.B.226,9.B.226,0.01336560279654752,4513,False
K9B2Q0,9.B.226,9.B.226,0.012289289200212338,4514,False
WP_122820729,9.B.226,9.B.226,0.01278206468066362,4515,False
Q4Q4P9,9.B.228,9.B.228,0.006728563457265673,4520,False
KIO23915,9.B.228,9.B.228,0.008095625481019112,4521,False
Q08693,9.B.229,9.B.229,0.01196941935841595,4528,False
Q04609,9.B.229,9.B.229,0.010977276363259526,4529,False
B9RCI8,9.B.23,9.B.23,0.012645993767915913,4538,False
U5FWZ7,9.B.23,9.B.23,0.013746404059920501,4539,False
K3XFH1,9.B.23,9.B.23,0.011324495114912075,4540,False
D6RJM9,9.B.230,9.B.230,0.00871050476512477,4544,False
Q8L638,9.B.231,9.B.231,0.007877624469338507,4549,False
S8GD98,9.B.231,9.B.231,0.006614116329440898,4550,False
Q22DH8,9.B.232,9.B.232,0.01028210487441681,4559,False
Q4CPH8,9.B.232,9.B.232,0.013737519384089646,4560,False
E9B152,9.B.232,9.B.232,0.0066699058489335964,4561,False
Q5YNM5,9.B.234,9.B.234,0.009383497652386276,4564,False
AHB41346,9.B.237,9.B.237,0.006871923810136479,4569,False
SEG41633,9.B.237,9.B.237,0.008510434743136947,4570,False
KKR67229,9.B.239,9.B.239,0.008786427787036135,4574,False
WP_073151285,9.B.241,9.B.241,0.0113917497770758,4583,False
KKK45936,9.B.241,9.B.241,0.012338498790763952,4584,False
PIR56717,9.B.243,8.A.104,0.010693621541690165,4586,False
MBQ1273715,9.B.245,8.A.104,0.010644594238622419,4589,False
WP_012020642,9.B.248,9.B.248,0.006496895428298882,4594,False
WP_049954298,9.B.248,9.B.248,0.00663904311233957,4595,False
WP_038794236,9.B.250,9.B.250,0.007331468589177227,4600,False
WP_081449648,9.B.254,9.B.254,0.00755263037918541,4604,False
A5JZU0,9.B.26,9.B.26,0.007339787968900457,4610,False
A2EH91,9.B.26,9.B.26,0.006988915750292228,4611,False
WP_103344802,9.B.261,8.A.104,0.012811465111487383,4613,False
PIE62953,9.B.263,9.B.263,0.0128495087853513,4622,False
RZD16788,9.B.263,9.B.263,0.011971806270730311,4623,False
WP_017304407,9.B.265,9.B.265,0.008185096270730195,4629,False
PIQ25652,9.B.265,8.A.104,0.014916140221562459,4630,False
WP_102961726,9.B.273,8.A.104,0.0091458728236777,4632,False
P37659,9.B.275,9.B.275,0.014928061671679465,4633,False
G0QX98,9.B.276,8.A.104,0.0149694199676622,4635,False
Q14118,9.B.277,9.B.277,0.015207326018626127,4636,False
OUC06354,9.B.286,9.B.286,0.0076808683132634755,4641,False
NP_081084,9.B.287,9.B.287,0.007168359846588823,4646,False
NIQ06385,9.B.296,9.B.296,0.009488821577913172,4650,False
WP_050765824,9.B.297,9.B.297,0.00893937422229709,4663,False
TWJ13789,9.B.297,9.B.297,0.006819833989657677,4664,False
PAW60084,9.B.297,9.B.297,0.009075665630141415,4665,False
WP_332355618,9.B.297,9.B.297,0.006617324081335799,4666,False
WP_044035693,9.B.299,8.A.104,0.012447806252467443,4669,False
WP_006828861,9.B.300,9.B.300,0.009336909027925448,4672,False
RJQ44302,9.B.301,8.A.104,0.010583675952121452,4675,False
WP_069909221,9.B.302,9.B.302,0.007979047173775162,4680,False
WP_069116643,9.B.302,9.B.302,0.006538537903392822,4681,False
YP_294138,9.B.309,9.B.309,0.008693836431866797,4686,False
Q45064,9.B.31,9.B.31,0.011870497593835079,4688,False
WP_018247222,9.B.310,9.B.310,0.0070301690715058405,4692,False
XP_012651217,9.B.314,9.B.314,0.009568151243600066,4699,False
GBE61450,9.B.314,9.B.314,0.008199391743064485,4700,False
P47026,9.B.315,9.B.315,0.00892444583964,4705,False
OEH80241,9.B.315,9.B.315,0.00722015572807289,4706,False
XP_007269378,9.B.316,9.B.316,0.007699759349796436,4710,False
CDW55652,9.B.317,9.B.317,0.009456103692123545,4717,False
RCN37802,9.B.317,9.B.317,0.01003537703113033,4718,False
Q0K0R7,9.B.32,9.B.32,0.007574089661078142,4724,False
C7RSB7,9.B.32,9.B.32,0.006929524669130418,4725,False
Q97YM6,9.B.323,9.B.323,0.009410229185164291,4732,False
TXT58066,9.B.323,9.B.323,0.00910303275214459,4733,False
XP_014717418,9.B.329,9.B.329,0.006679801875075301,4738,False
XP_008709693,9.B.329,9.B.329,0.006845035940420018,4739,False
OPY34595,9.B.33,9.B.33,0.00683004395418004,4744,False
WP_141687139,9.B.33,9.B.33,0.007203180229595827,4745,False
OPY17395,9.B.331,9.B.331,0.008242447874186317,4750,False
WP_011249992,9.B.333,8.A.104,0.013788633192519358,4754,False
WP_128121392,9.B.34,9.B.34,0.009703185399379092,4761,False
EHB50236,9.B.34,9.B.34,0.009524959911812823,4762,False
OLS16511,9.B.349,9.B.349,0.011691797931735155,4770,False
PWI46967,9.B.349,9.B.349,0.011283930663346568,4771,False
F7ZL37,9.B.35,9.B.35,0.008328550966593821,4776,False
YP_009042119,9.B.350,9.B.350,0.008645661226746485,4780,False
XP_016890459,9.B.360,9.B.360,0.008385068014646209,4787,False
XP_015767335,9.B.360,9.B.360,0.009028955886406566,4788,False
TTE66793,9.B.362,8.A.104,0.014918166027259415,4794,False
TGZ58939,9.B.362,9.B.362,0.007544403533202823,4795,False
XP_025610126,9.B.363,9.B.363,0.008562393177158454,4800,False
PIN75864,9.B.363,9.B.363,0.006896382873107807,4801,False
XP_028885247,9.B.366,9.B.366,0.007040087733989102,4806,False
OLP91653,9.B.366,8.A.104,0.009015418657348624,4807,False
XP_014528649,9.B.368,9.B.368,0.010735231031155642,4815,False
CBN75028,9.B.368,9.B.368,0.010772527246075407,4816,False
VEL21795,9.B.369,9.B.369,0.00743119009441747,4821,False
VZI30569,9.B.369,9.B.369,0.006711069351858211,4822,False
WP_148791740,9.B.370,9.B.370,0.013140528080228116,4831,False
WP_066759509,9.B.370,9.B.370,0.012639398296093628,4832,False
WP_163572643,9.B.370,9.B.370,0.012510260620923485,4833,False
WP_132849460,9.B.371,8.A.104,0.014083209900718523,4845,False
WP_143505982,9.B.371,8.A.104,0.013275348488946523,4846,False
WP_119313807,9.B.371,8.A.104,0.010654032111424619,4847,False
AIA62279,9.B.375,8.A.104,0.011784740734527451,4849,False
AVP78050,9.B.376,9.B.376,0.009235405967790657,4852,False
AWH65912,9.B.378,9.B.378,0.00873545925841827,4855,False
YP_001039965,9.B.379,8.A.104,0.009053823622664246,4858,False
A0E9B5,9.B.38,8.A.104,0.014916488453966108,4863,False
VFS91205,9.B.381,9.B.381,0.006736763637779156,4868,False
OAT24401,9.B.381,9.B.381,0.006663257309687721,4869,False
WP_144901851,9.B.382,2.A.16,0.007875241870880935,4872,False
WP_123670180,9.B.383,9.B.383,0.008631204964881995,4875,False
KAF0742818,9.B.385,9.B.385,0.0077180863310170435,4880,False
OGO15652,9.B.386,9.B.386,0.007628037736646142,4885,False
WP_075072024,9.B.386,9.B.386,0.006858667326283494,4886,False
AOV16085,9.B.398,9.B.398,0.006809856736788595,4891,False
NEV64173,9.B.398,9.B.398,0.008981951121821076,4892,False
P0A8S5,9.B.4,9.B.4,0.014927876478007612,4893,False
WP_061358437,9.B.40,9.B.40,0.008426866089815792,4897,False
WP_147581693,9.B.401,9.B.401,0.008043600534688507,4901,False
OLS18358,9.B.402,9.B.402,0.011217349100974763,4904,False
WP_139066557,9.B.404,9.B.404,0.008025304265047549,4908,False
PNY01650,9.B.405,9.B.405,0.00807138574462347,4912,False
MEM0111568,9.B.408,9.B.408,0.010195176442180475,4919,False
GAK50019,9.B.408,9.B.408,0.010159297531483848,4920,False
XP_001611203,9.B.409,9.B.409,0.009347753546522699,4927,False
XP_001609170,9.B.409,9.B.409,0.009759403838599636,4928,False
Q8N4S9,9.B.41,9.B.41,0.008604213659018527,4933,False
H9H2J6,9.B.41,9.B.41,0.007761568134502287,4934,False
B6DUB3,9.B.410,9.B.410,0.007753730834652957,4941,False
P16743,9.B.410,9.B.410,0.00943980247733451,4942,False
KPM02837,9.B.411,9.B.411,0.009047129313890909,4947,False
XP_031425709,9.B.413,8.A.104,0.009305799756027924,4950,False
WP_107360976,9.B.415,9.B.415,0.006757434589773394,4955,False
WP_085622568,9.B.415,9.B.415,0.008594589448561608,4956,False
WP_157897187,9.B.418,9.B.418,0.007525228383141856,4962,False
KAF4589549,9.B.418,9.B.418,0.006928517606325017,4963,False
CAF1434434,9.B.422,9.B.422,0.012851906574528088,4972,False
XP_021346624,9.B.422,9.B.422,0.012710614955620158,4973,False
XP_009021174,9.B.422,9.B.422,0.012754362622684545,4974,False
P40126,9.B.423,9.B.423,0.009181869666261937,4977,False
WP_050659402,9.B.429,9.B.429,0.007177143124364459,4981,False
Q0EZ69,9.B.43,9.B.43,0.00924383783009476,4985,False
MBP2646560,9.B.430,9.B.430,0.007340535337901717,4990,False
MPZ73731,9.B.430,9.B.430,0.006629497642757093,4991,False
AHL30243,9.B.432,9.B.432,0.009437402018744226,4998,False
KPJ06551,9.B.432,9.B.432,0.007171944222415121,4999,False
O00264,9.B.433,9.B.433,0.00769835085834812,5004,False
XP_017077840,9.B.433,9.B.433,0.007366355362516262,5005,False
XP_021391155,9.B.434,9.B.434,0.008085886958597662,5008,False
CAD7941936,9.B.440,9.B.440,0.009807150237754593,5015,False
XP_011131634,9.B.440,9.B.440,0.009875292273336436,5016,False
MPZ51052,9.B.443,9.B.443,0.008118106407210536,5024,False
WP_018894818,9.B.443,8.A.104,0.014917718620604205,5025,False
AHG20698,9.B.444,9.B.444,0.006521969048318761,5030,False
KAG7278781,9.B.445,9.B.445,0.007605679346447739,5040,False
KAG7219423,9.B.445,9.B.445,0.014299131466180686,5041,False
XP_012821900,9.B.445,9.B.445,0.008412853744994585,5042,False
XP_020261152,9.B.446,9.B.446,0.008033463363907305,5048,False
MCO5232536,9.B.446,9.B.446,0.007635528216523023,5049,False
KAJ6224412,9.B.447,9.B.447,0.006600541341373622,5054,False
MAD56197,9.B.450,9.B.450,0.009060658181592535,5057,False
XP_020357351,9.B.452,9.B.452,0.008884812311002174,5061,False
SVE85553,9.B.453,9.B.453,0.007136937166063742,5070,False
XP_002738061,9.B.453,9.B.453,0.012581636492789965,5071,False
XP_005764538,9.B.456,9.B.456,0.006947367291096215,5076,False
XP_004341655,9.B.457,9.B.457,0.008475323114380047,5081,False
XP_056038692,9.B.459,9.B.459,0.008099457669587595,5085,False
Q8NVK5,9.B.46,9.B.46,0.014928070902515403,5086,False
O00244,9.B.462,9.B.462,0.007516331055962327,5091,False
Q72TA0,9.B.50,9.B.50,0.012709174710424327,5100,False
F7NHB4,9.B.50,9.B.50,0.011941071069299628,5101,False
A8IKM0,9.B.51,9.B.51,0.011546805477416936,5109,False
A8J7Z7,9.B.51,9.B.51,0.01042755005915143,5110,False
I4EGF2,9.B.54,9.B.54,0.007452159380840977,5115,False
B3S9N4,9.B.55,9.B.55,0.009504264430587545,5120,False
OAJ10018,9.B.57,9.B.57,0.008457667506950197,5125,False
Q8WVF1,9.B.68,9.B.68,0.014928407460257186,5126,False
P75028,9.B.73,8.A.104,0.012197322097479747,5128,False
P23157,9.B.75,8.A.104,0.014915688092539259,5132,False
Q3C2E8,9.B.76,9.B.76,0.014928945161695547,5133,False
ORY52361,9.B.77,9.B.77,0.006624453997038571,5138,False
PWU93445,9.B.77,9.B.77,0.007238322241621975,5139,False
A0CS82,9.B.82,9.B.82,0.006651069355682749,5144,False
A4HCA2,9.B.82,9.B.82,0.006849070859075366,5145,False
Q9RFR9,9.B.83,9.B.83,0.015206280646510218,5146,False
M1EV50,9.B.88,9.B.88,0.0076152470679108596,5149,False
WP_011390608,9.B.90,9.B.90,0.008191309831763123,5155,False
WP_092927329,9.B.90,9.B.90,0.008433197484840359,5156,False
Q9BSG5,9.B.92,9.B.92,0.0066562324441124775,5161,False
K7E4M5,9.B.92,9.B.92,0.00833708956504668,5162,False
WP_138772272,9.B.98,9.B.98,0.011569414420425677,5171,False
P37873,9.B.98,9.B.98,0.014478983318969303,5172,False
