Protein,True_Label,Predicted_Label,Confidence,Index,is_negative_control
AXH81214,1.A.102,1.A.102,0.99999595,1,False
NCD33588,1.A.104,1.A.104,0.9999925,5,False
XP_022087427,1.A.105,1.A.105,0.9998951,10,True
Q9UM00,1.A.106,1.A.106,0.99996877,11,False
U6KQS3,1.A.106,1.A.106,0.99997485,17,False
Q54TU8,1.A.106,1.A.106,0.99996483,20,False
Q8ID84,1.A.106,1.A.106,0.99997425,21,False
P02144,1.A.107,1.A.107,0.9999478,29,False
Q92915,1.A.108,1.A.108,0.99998105,34,False
P01584,1.A.109,1.A.109,0.9999926,36,False
Q7RTS5,1.A.110,1.A.110,0.999997,40,False
R4GK65,1.A.110,1.A.110,0.9999951,46,False
M2XT73,1.A.111,1.A.111,0.9996455,52,False
I7MFJ4,1.A.111,1.A.111,0.99999356,53,False
Q9H813,1.A.114,1.A.114,0.9999974,56,False
Q7SY31,1.A.114,1.A.114,0.9999366,57,False
P40471,1.A.115,1.A.115,0.99996746,62,False
AIP91276,1.A.116,1.A.116,0.9999974,71,True
AGA19094,1.A.116,1.A.116,0.99999726,73,True
AVM87576,1.A.117,1.A.117,0.99998,74,True
QII89021,1.A.117,1.A.117,0.9999447,79,True
VDO82503,1.A.119,1.A.119,0.9999883,84,False
VDN13025,1.A.119,1.A.119,0.99998915,85,False
KAF5842206,1.A.119,1.A.119,0.9999912,88,False
P35526,1.A.12,1.A.12,0.99999666,92,False
P0ACA3,1.A.12,1.A.12,0.9999958,101,False
B7LBF5,1.A.12,1.A.12,0.9912907,102,False
KXZ49351,1.A.121,1.A.121,0.99943775,107,False
KAF2073363,1.A.121,1.A.121,0.99998,111,False
P19258,1.A.126,1.A.126,0.9999981,117,False
XP_002288780,1.A.126,1.A.126,0.9999932,120,False
CAD7625038,1.A.126,1.A.126,0.99999905,123,False
AAT52337,1.A.127,1.A.127,0.9999951,125,False
YP_009725255,1.A.128,1.A.128,1.0,127,False
P30405,1.A.129,1.A.129,0.999985,128,False
A8K7I4,1.A.13,1.A.13,0.9999932,134,False
XP_040533254,1.A.13,1.A.13,0.9999976,137,False
A9WIT9,1.A.13,8.B.28,0.110385075,143,False
E7RS17,1.A.13,1.A.13,0.99999547,145,False
P39719,1.A.131,1.A.131,0.99999547,149,False
EGY18472,1.A.131,1.A.131,0.9999838,153,False
P99999,1.A.132,1.A.132,0.9998312,156,True
P07868,1.A.134,1.A.134,0.9999963,159,False
Q03105,1.A.137,1.A.137,0.9999951,165,False
Q4CP61,1.A.138,1.A.138,0.99999714,166,True
KAJ9456123,1.A.138,1.A.138,0.99999976,167,True
XP_035278978,1.A.139,1.A.139,0.9999944,175,False
CAC5415462,1.A.140,1.A.140,0.9999807,181,False
KNC21563,1.A.140,1.A.140,0.9999945,182,False
MBN1876475,1.A.141,1.A.141,0.9999995,190,False
QCR16160,1.A.141,1.A.141,0.9920928,194,False
AXG08322,1.A.141,1.A.141,0.99999917,195,False
WBK62635,1.A.143,1.A.143,0.99999297,197,False
YP_009268764,1.A.144,1.A.144,0.99977845,201,False
ARE67728,1.A.145,1.A.145,0.999997,205,False
WP_296922191,1.A.147,1.A.147,0.9999974,212,False
MEC4585074,1.A.147,1.A.147,0.9999976,214,False
BBF24341,1.A.149,1.A.149,0.99984765,218,False
A0C0A9,1.A.15,1.A.15,0.9999572,220,False
A5K427,1.A.15,1.A.15,0.9999491,221,False
M1V6H9,1.A.18,1.A.18,0.99998474,226,False
I6NMH1,1.A.19,1.A.19,0.99996674,229,True
Q12983,1.A.20,1.A.20,0.99995804,232,False
Q16611,1.A.21,1.A.21,0.9999918,239,True
Q92843,1.A.21,1.A.21,0.99997365,241,True
XP_028455685,1.A.21,1.A.21,0.9999943,247,True
XP_020790974,1.A.21,1.A.21,0.9999982,251,True
P0A5K8,1.A.22,1.A.22,0.9999925,256,False
P68805,1.A.22,1.A.22,0.9996786,259,False
AUF82136,1.A.22,1.A.22,0.99997914,267,False
Q5SMG8,1.A.26,1.A.26,0.99998367,270,False
A2C579,1.A.26,1.A.26,0.9999881,274,False
Q96GZ6,1.A.26,1.A.26,0.99998736,278,False
Q53185,1.A.29,1.A.29,0.9999887,282,False
Q814I5,1.A.29,1.A.29,0.9999908,286,False
D8VNQ4,1.A.32,1.A.32,0.99999976,288,False
P08107,1.A.33,1.A.33,0.9999968,292,False
P11021,1.A.33,1.A.33,0.9999999,294,False
Q96S66,1.A.36,1.A.36,0.9999913,299,True
Q8I132,1.A.36,1.A.36,0.9999926,304,True
XP_031566461,1.A.37,1.A.37,0.9996877,313,False
Q3YBM2,1.A.37,1.A.37,0.9999989,317,False
C3ZEE2,1.A.37,1.A.37,0.9999937,320,False
E9AL43,1.A.38,1.A.38,0.99999845,324,False
Q67392,1.A.39,1.A.39,0.9999939,326,False
P05919,1.A.40,1.A.40,0.99999547,329,False
B9V2W6,1.A.40,1.A.40,0.99998486,331,False
Q992I4,1.A.41,1.A.41,0.9999944,335,False
PHT57019,1.A.41,1.A.41,0.9999925,339,False
AJA39856,1.A.42,1.A.42,0.999992,348,False
Q7Y5E2,1.A.44,1.A.44,0.99999845,350,False
Q8NFU0,1.A.46,1.A.46,0.9999938,357,False
Q8N1M1,1.A.46,1.A.46,0.99998343,358,False
Q9M2D2,1.A.46,1.A.46,0.9999976,365,False
D8UGV3,1.A.46,1.A.46,0.999998,369,False
P54105,1.A.47,1.A.47,0.9999732,371,False
Q9H313,1.A.48,1.A.48,0.9999949,376,False
KRX54150,1.A.48,1.A.48,0.9999939,380,False
YP_009113027,1.A.49,1.A.49,0.9999933,385,False
Q9UGQ2,1.A.55,1.A.55,0.99999285,386,False
Q5DFV8,1.A.55,1.A.55,0.9999473,391,False
D8LWX8,1.A.55,1.A.55,0.99999356,394,False
F1BYM0,1.A.57,1.A.57,0.99987805,399,True
ARD25213,1.A.58,1.A.58,0.9999951,405,True
P61825,1.A.59,1.A.59,0.99997437,407,False
P12870,1.A.61,1.A.61,0.99997485,411,False
P0C2R0,1.A.65,1.A.65,0.99998677,412,True
H9AA36,1.A.65,1.A.65,0.9999943,420,True
P81861,1.A.66,1.A.66,0.9999975,421,False
Q8R3L0,1.A.67,1.A.67,0.9999957,423,False
S7UHS8,1.A.67,1.A.67,0.9999958,429,False
G4TKM5,1.A.67,1.A.67,0.9999974,430,False
S9VKR5,1.A.67,1.A.67,0.999998,434,False
P04852,1.A.68,1.A.68,0.9999889,438,False
P17677,1.A.71,1.A.71,0.99994826,442,False
Q03709,1.A.73,1.A.73,0.99999523,445,False
H3D9P2,1.A.74,1.A.74,0.99999833,450,False
I3VPY1,1.A.81,1.A.81,0.9999969,453,True
Q8BGA2,1.A.82,1.A.82,0.9999963,457,True
E9FU04,1.A.82,1.A.82,0.99999964,459,True
P03107,1.A.86,1.A.86,0.9999838,464,False
P47114,1.A.88,1.A.88,0.9999896,468,False
M3IMT4,1.A.88,1.A.88,0.9999862,470,False
H9EJA1,1.A.89,1.A.89,0.9999821,478,False
C6GHA9,1.A.89,1.A.89,0.9999738,479,False
G8DP11,1.A.93,1.A.93,0.99999547,485,True
F1JZT9,1.A.94,1.A.94,0.9999981,490,True
E3PQI8,1.A.96,1.A.96,0.99998534,493,False
Q89894,1.A.99,1.A.99,0.99995255,495,True
B7V282,1.B.10,1.B.10,0.9999889,500,True
B7V2E7,1.B.10,1.B.10,0.9999875,501,True
H5WQY7,1.B.13,1.B.13,0.99998796,509,True
A6Q1E2,1.B.13,1.B.13,0.999995,511,True
Q0VSL2,1.B.13,1.B.13,0.99997795,513,True
P77076,1.B.15,1.B.15,0.99999833,521,True
Q748R2,1.B.16,1.B.5,0.5223431,527,True
Q1DEU2,1.B.16,1.B.16,0.52743185,528,True
F8C5L7,1.B.16,1.B.5,0.51058096,531,True
B0S9R9,1.B.16,1.B.16,0.53345287,538,True
PXW68332,1.B.162,1.B.162,0.99999654,549,False
WP_210247486,1.B.162,1.B.162,0.9999907,550,False
WP_246122516,1.B.163,1.B.163,0.99998367,558,False
WP_212021133,1.B.163,1.B.163,0.9999963,560,False
Q9KH44,1.B.165,1.B.165,0.99997914,568,False
AZE87434,1.B.165,1.B.165,0.9999889,570,False
A5FN23,1.B.18,1.B.18,0.99999523,581,True
K9TEU5,1.B.18,1.B.18,0.99996567,583,True
B0RRH7,1.B.18,1.B.18,0.999998,585,True
A4LTL1,1.B.19,1.B.19,0.9999974,589,True
A2CB33,1.B.19,1.B.19,0.99999774,591,True
WP_012860170,1.B.21,1.B.21,0.9999764,603,True
EEW1721302,1.B.21,1.B.21,0.99998975,605,True
D0X4R0,1.B.21,1.B.21,0.99999774,607,True
H0QY58,1.B.24,1.B.24,0.9999877,611,True
Q0SC06,1.B.24,1.B.24,0.99999297,614,True
I8STK0,1.B.26,1.B.26,0.99999845,619,True
D7FG51,1.B.27,1.B.27,0.999997,630,False
Q8GDI6,1.B.27,1.B.27,0.9999968,631,False
A0PAQ8,1.B.27,1.B.27,0.99999666,633,False
Q7VHZ9,1.B.27,1.B.27,0.9366198,634,False
Q0WMZ5,1.B.30,1.B.30,0.8262949,638,True
M2X828,1.B.30,1.B.69,0.546901,642,True
Q7MR22,1.B.31,1.B.31,0.99999225,644,True
E4VH40,1.B.31,1.B.31,0.9999913,645,True
G7HYA1,1.B.34,1.B.34,0.99999094,652,True
WP_047253868,1.B.34,1.B.34,0.9999956,656,True
WP_123925997,1.B.34,1.B.34,0.9999882,658,True
SIQ09903,1.B.34,1.B.34,0.9999901,669,True
A3UR43,1.B.35,1.B.35,0.9999913,672,True
D6DXH3,1.B.35,1.B.35,0.99999297,674,True
P76773,1.B.35,1.B.35,0.99999344,678,True
Q1Z3D7,1.B.35,1.B.35,0.99999475,684,True
Q7BSC0,1.B.36,1.B.36,0.99998343,686,False
Q48546,1.B.37,1.B.37,0.99998975,689,False
Q9A8R4,1.B.39,1.B.39,0.9999958,698,True
V1E4I3,1.B.39,1.B.39,0.9999962,700,True
B0VUV8,1.B.39,1.B.39,0.99997795,703,True
Q8NRS4,1.B.41,1.B.41,0.9999949,705,False
Q8FQT0,1.B.41,1.B.41,0.9999968,708,False
Q8RSG0,1.B.49,1.B.49,0.9999888,714,True
Q5QFE8,1.B.49,1.B.49,0.99999,715,True
P05695,1.B.5,1.B.5,0.51428163,719,True
Q7UTK7,1.B.5,1.B.16,0.52923965,721,True
Q7UZ45,1.B.5,1.B.16,0.53608155,728,True
D3SLU1,1.B.5,1.B.16,0.5451346,735,True
C8VYW2,1.B.50,1.B.50,0.999995,738,False
Q44881,1.B.51,1.B.51,0.9999919,741,False
B8F2P1,1.B.52,1.B.52,0.99998164,743,False
P03663,1.B.53,1.B.53,0.9999925,746,False
E8RCF8,1.B.60,1.B.60,0.9999944,749,True
Q2IPL5,1.B.60,1.B.60,0.99999297,754,True
Q1DFS2,1.B.61,1.B.61,0.99999976,763,True
Q72DY0,1.B.61,1.B.61,0.99999666,764,True
B3EDW4,1.B.62,1.B.62,0.9999976,765,True
Q07KZ2,1.B.62,1.B.62,0.99999714,772,True
C0L0K3,1.B.63,1.B.63,0.9999701,774,False
B2RL31,1.B.63,1.B.63,0.992597,779,False
E4ZB76,1.B.65,1.B.65,0.99998236,786,False
F9EV82,1.B.65,1.B.65,0.9999968,788,False
B1KQV8,1.B.68,1.B.68,0.99999547,791,True
E9AYM1,1.B.69,1.B.69,0.7966879,795,True
L8H2D6,1.B.69,1.B.69,0.93416756,796,True
A0BTG7,1.B.69,1.B.69,0.87790215,800,True
P95467,1.B.7,1.B.7,0.9999881,808,True
P39767,1.B.7,1.B.7,0.9999856,809,True
D5RG91,1.B.70,1.B.70,0.9999924,817,True
B2FIM5,1.B.70,1.B.70,0.9999943,820,True
Q2K0Q0,1.B.70,1.B.70,0.999992,827,True
Q21E86,1.B.73,1.B.73,0.9999964,833,True
E4T302,1.B.73,1.B.73,0.9999895,836,True
I0A8J9,1.B.75,1.B.75,0.9999932,837,False
H6L3E7,1.B.75,1.B.75,0.999212,844,False
Q7U678,1.B.75,1.B.75,0.99999654,846,False
G9EQG6,1.B.76,1.B.76,0.9999988,851,False
P36649,1.B.76,1.B.76,0.6296544,854,False
Q9RST8,1.B.77,1.B.77,0.9999863,862,False
R1E3Q5,1.B.77,1.B.77,0.99999225,867,False
W7TBY2,1.B.77,1.B.77,0.99892896,868,False
A5G7L3,1.B.78,1.B.78,0.99999034,873,True
L1L857,1.B.79,1.B.79,0.99393636,875,False
L7WDA1,1.B.81,1.B.81,0.9999925,876,True
L7W843,1.B.81,1.B.81,0.9999943,886,True
WP_020562207,1.B.81,1.B.81,0.9999949,889,True
F8GDI1,1.B.81,1.B.81,0.9999932,891,True
Q9M903,1.B.82,1.B.82,0.99998033,894,False
OGR70538,1.B.84,1.B.84,0.9999914,903,False
NLW31479,1.B.84,1.B.84,0.9476715,904,False
Q2Y889,1.B.85,1.B.85,0.9999982,908,False
S2XLX4,1.B.85,1.B.85,0.9999943,909,False
CBA75730,1.B.92,1.B.92,0.9999912,917,True
WP_132308094,1.B.92,1.B.92,0.99999046,918,True
WP_133936143,1.B.95,1.B.95,0.9999871,921,True
NBO10119,1.B.95,1.B.95,0.9999914,931,True
WP_013181544,1.B.95,1.B.95,0.9266816,932,True
WP_105313043,1.B.95,1.B.95,0.99999535,937,True
T0RLN6,1.C.10,1.C.10,0.99999774,940,False
OQR89906,1.C.10,1.C.10,0.9998123,941,False
Q5DMU5,1.C.100,1.C.100,0.999995,946,False
NP_042687,1.C.101,1.C.101,0.99999225,951,False
C6SS71,1.C.102,1.C.26,0.9915372,954,True
XP_007676645,1.C.104,1.C.104,0.99999785,957,True
PMD25525,1.C.104,1.C.104,0.99996257,959,True
KIM99385,1.C.104,1.C.104,0.909531,962,True
B2LWZ0,1.C.106,1.C.106,0.99998164,971,False
Q51449,1.C.106,1.C.106,0.99999774,973,False
P81605,1.C.108,1.C.108,0.9999944,975,False
H2NHK4,1.C.108,1.C.108,0.9999963,976,False
Q06803,1.C.109,1.C.109,0.9999809,981,False
Q0PAS9,1.C.109,1.C.109,0.99998,983,False
P55117,1.C.11,1.C.11,0.99999714,987,True
P15377,1.C.11,1.C.11,0.99999714,988,True
P04637,1.C.110,1.C.110,0.99999917,996,False
O09049,1.C.111,1.C.111,0.9999975,999,False
C3UZX8,1.C.111,1.C.111,0.9999808,1004,False
E3TDI9,1.C.111,1.C.111,0.9999949,1005,False
Q27J51,1.C.111,1.C.111,0.99999833,1006,False
P54176,1.C.113,1.C.113,0.99999356,1017,False
W7FB61,1.C.113,1.C.113,0.99959725,1023,False
Q15546,1.C.113,1.C.113,0.99999475,1029,False
P82818,1.C.114,1.C.114,0.99999726,1032,False
P24492,1.C.115,1.C.115,0.999995,1037,False
U4UHJ7,1.C.115,1.C.115,0.9995946,1038,False
O42717,1.C.119,1.C.119,0.9999969,1043,True
P83467,1.C.119,1.C.119,0.9998367,1044,True
P04347,1.C.121,9.A.57,0.22755323,1050,False
Q56CZ9,1.C.122,1.C.122,0.9986965,1052,False
C5J888,1.C.124,1.C.124,0.9999962,1056,True
P82427,1.C.124,1.C.124,0.99999094,1057,True
Q54318,1.C.126,1.C.126,0.99999654,1059,True
AAZ49241,1.C.129,1.C.129,0.9999839,1064,False
P14608,1.C.13,1.C.13,0.99998784,1066,True
B7PSG2,1.C.13,1.C.13,0.9999919,1070,True
P64453,1.C.130,1.C.130,0.9999962,1072,False
CAA2615643,1.C.132,1.C.132,0.99999917,1077,True
WP_168566867,1.C.132,1.C.132,0.99999654,1082,True
WP_241450605,1.C.136,1.C.136,0.9997594,1084,False
Q1ELT9,1.C.138,1.C.138,0.9999714,1087,False
P19247,1.C.14,1.C.14,0.99998283,1091,True
WP_047703972,1.C.14,1.C.14,0.99835914,1094,True
P01504,1.C.18,1.C.18,0.9812183,1097,True
P28311,1.C.19,1.C.19,0.999998,1103,True
P82270,1.C.19,1.C.19,0.99926096,1104,True
Q8KZL7,1.C.2,1.C.2,0.99997663,1110,False
AWG87247,1.C.2,1.C.2,0.9996112,1117,False
WP_132821133,1.C.2,1.C.2,0.9999907,1118,False
P56955,1.C.2,1.C.2,0.99997663,1125,False
P19578,1.C.20,1.C.20,0.99993145,1132,False
WWQ01948,1.C.20,1.C.20,0.99998355,1134,False
P29430,1.C.24,1.C.24,0.99999,1135,True
P35618,1.C.24,1.C.24,0.99999547,1136,True
P38580,1.C.24,1.C.24,0.9999956,1141,True
WP_080375718,1.C.24,1.C.24,0.99999166,1150,True
WP_098856434,1.C.26,1.C.26,0.9845271,1153,True
Q83TS1,1.C.31,1.C.31,0.9999844,1156,True
P33046,1.C.33,1.C.33,0.99999785,1159,False
P15175,1.C.33,1.C.33,0.9999788,1161,False
Q61903,1.C.33,1.C.33,0.9999927,1164,False
WP_133014295,1.C.37,1.C.37,0.9999949,1174,False
WP_086461906,1.C.37,1.C.37,0.9999964,1175,False
WP_142504358,1.C.37,1.C.37,0.9999963,1181,False
A9S8W4,1.C.38,1.C.38,0.9999976,1188,False
B9W5G6,1.C.38,1.C.38,0.9999814,1189,False
Q5UCA8,1.C.38,1.C.38,0.9999771,1197,False
P07845,1.C.38,1.C.38,0.9999777,1198,False
P18428,1.C.40,1.C.40,0.99999833,1201,False
P11597,1.C.40,1.C.40,0.99999833,1207,False
Q46221,1.C.42,1.C.42,0.9999995,1211,False
F8V2N8,1.C.42,1.C.42,0.9999999,1212,False
P08943,1.C.44,1.C.44,0.99939394,1216,False
Q78AW6,1.C.46,1.C.46,0.99999726,1219,False
Q9BLJ3,1.C.47,1.C.47,0.99999356,1226,True
P81610,1.C.47,1.C.47,0.9998621,1227,True
I1T3C7,1.C.47,1.C.47,0.9999932,1231,True
F6LCB3,1.C.47,1.C.47,0.9999292,1237,True
P04156,1.C.48,1.C.48,0.99999726,1240,False
P06881,1.C.49,1.C.49,0.99660885,1244,False
Q02307,1.C.5,1.C.5,0.9966654,1245,True
Q57028,1.C.5,1.C.5,0.97963136,1248,True
T2MFP9,1.C.50,1.C.50,0.99998987,1255,True
Q07932,1.C.51,1.C.51,0.9999982,1256,False
P69178,1.C.54,1.C.54,0.9999863,1257,False
P0A3W8,1.C.55,1.C.55,0.999998,1258,False
P35674,1.C.56,1.C.56,0.9999614,1259,True
O69194,1.C.61,1.C.61,0.9999943,1263,False
L0CMD2,1.C.62,1.C.62,0.9999981,1270,True
Q02989,1.C.63,1.C.63,0.9999634,1272,True
Q9RLG7,1.C.64,1.C.64,0.9999913,1274,False
EPU65115,1.C.64,1.C.64,0.99999404,1276,False
EMB84096,1.C.64,1.C.64,0.99999154,1277,False
Q8XPT2,1.C.65,1.C.65,0.99999464,1289,True
P33432,1.C.66,1.C.66,0.9999981,1293,False
C4M9N5,1.C.67,1.C.67,0.9999763,1295,False
P83250,1.C.68,1.C.68,0.9999988,1297,False
P00587,1.C.7,1.C.7,0.99999654,1298,False
WP_062552397,1.C.70,1.C.70,0.99998164,1306,True
Q04470,1.C.71,1.C.71,0.9999871,1308,False
A5N971,1.C.71,1.C.71,0.9999621,1310,False
P60305,1.C.74,1.C.74,0.7370254,1315,True
P01382,1.C.74,1.C.74,0.758879,1321,True
WP_052259317,1.C.75,1.C.75,0.99999726,1324,True
WP_002261253,1.C.75,1.C.75,0.99999964,1326,True
P37840,1.C.77,1.C.77,0.99999106,1331,False
A7IZR5,1.C.78,1.C.78,0.8417091,1337,True
Q00496,1.C.8,1.C.8,0.9999981,1340,False
B7LAC5,1.C.80,1.C.80,0.9999857,1345,False
AYO99540,1.C.81,1.C.81,0.9997265,1347,False
Q9NS71,1.C.81,1.C.81,0.9999933,1354,False
Q9Y287,1.C.81,1.C.81,0.99999726,1355,False
WP_078474522,1.C.82,1.C.82,0.99997854,1359,False
Q9ZGP5,1.C.83,1.C.83,0.99875796,1361,True
F9P995,1.C.84,1.C.84,0.99967206,1363,True
P01210,1.C.89,1.C.89,0.99999213,1365,False
P55981,1.C.9,1.C.9,0.99999595,1367,False
Q0SUX0,1.C.90,1.C.90,0.9999887,1375,True
A5MY21,1.C.90,1.C.90,0.99999344,1378,True
P04080,1.C.91,1.C.91,0.9999907,1379,False
P02743,1.C.92,1.C.92,0.9999435,1381,False
A4UVR2,1.C.93,1.C.93,0.99999964,1383,False
WP_010524429,1.C.95,1.C.95,0.9999918,1389,False
WP_105368002,1.C.95,1.C.95,0.99999106,1392,False
WP_006059095,1.C.95,1.C.95,0.99999154,1395,False
YP_009724396,1.C.99,1.C.99,0.9999945,1400,False
AAX16199,1.C.99,1.C.99,0.9999949,1402,False
XP_004616922,1.D.118,1.D.118,0.99968386,1407,False
XP_045930465,1.D.194,1.D.194,0.9999926,1411,False
WP_069068278,1.D.24,1.D.24,0.9999908,1415,False
PKK88897,1.D.24,1.D.24,0.99998903,1417,False
P27360,1.E.1,1.E.1,0.99999833,1420,True
B1XBH4,1.E.1,1.E.1,0.9999981,1423,True
C0LT20,1.E.10,1.E.10,0.8457667,1430,True
C3WD05,1.E.14,1.E.14,0.9999975,1435,False
E7UC95,1.E.14,1.E.14,0.9999988,1441,False
C1CVJ8,1.E.14,1.E.14,0.99999785,1443,False
C9RFW8,1.E.14,1.E.14,0.9999989,1450,False
B6D7J1,1.E.16,1.E.10,0.75785094,1454,True
Q44828,1.E.17,1.E.17,0.9999733,1457,False
C0API8,1.E.17,1.E.17,0.9999727,1459,False
Q9G047,1.E.18,1.E.18,0.99999213,1466,False
F1TVG1,1.E.18,1.E.18,0.9999368,1470,False
WP_298535700,1.E.18,1.E.18,0.9998012,1476,False
Q9S583,1.E.20,1.E.20,0.99999094,1477,True
PIN93264,1.E.20,1.E.20,0.99997485,1481,True
Q37975,1.E.21,1.E.21,0.9999926,1487,True
B1S807,1.E.21,1.E.21,0.99998903,1488,True
P39603,1.E.23,1.E.23,0.99998593,1489,False
I0JPG6,1.E.23,1.E.23,0.99997044,1494,False
A2RJJ3,1.E.24,1.E.24,0.9999957,1499,False
E7MNX8,1.E.24,1.E.24,0.9999963,1501,False
Q5QF60,1.E.25,1.E.25,0.9999976,1503,True
Q54418,1.E.25,1.E.25,0.99999404,1509,True
WP_039294245,1.E.25,1.E.25,0.9999871,1511,True
A8FGN0,1.E.27,1.E.27,0.99998343,1516,False
J8N861,1.E.27,1.E.27,0.9999964,1521,False
A3QSC5,1.E.29,1.E.29,0.99999654,1524,True
D5T0T5,1.E.29,1.E.29,0.99998724,1530,True
A5D089,1.E.29,1.E.29,0.9999889,1533,True
G2HDC3,1.E.33,1.E.33,0.99999106,1541,False
E5Y2I3,1.E.33,1.E.33,0.9999975,1542,False
Q47424,1.E.4,1.E.4,0.99998784,1546,True
Q03BM3,1.E.42,1.E.42,0.99999356,1552,False
QDX55601,1.E.42,1.E.42,0.999998,1556,False
WP_081276159,1.E.44,1.E.44,0.99999225,1559,False
W7Wfe7,1.E.50,1.E.50,0.99997044,1562,True
D4L5L5,1.E.52,1.E.52,0.9999927,1564,False
C4FBP7,1.E.52,1.C.81,0.046190448,1565,False
P37305,1.E.53,1.E.53,0.9999887,1570,False
P13970,1.E.53,1.E.53,0.9999633,1579,False
E9U5S4,1.E.53,1.E.53,0.9999924,1580,False
K7PKN9,1.E.56,1.E.56,0.9999963,1583,False
H2BD74,1.E.56,1.E.56,0.99999547,1587,False
C1DBL0,1.E.56,1.E.56,0.99999475,1588,False
P03802,1.E.6,1.E.6,0.9999875,1593,True
I7EWD2,1.E.6,1.E.6,0.9999857,1601,True
YP_009798665,1.E.6,1.E.6,0.9999893,1604,True
A9C1R0,1.E.6,1.E.6,0.999995,1607,True
WP_080520514,1.E.61,1.E.61,0.9999912,1612,False
QDH50315,1.E.62,1.E.62,0.99999106,1613,False
TEB06505,1.E.62,1.E.62,0.99998164,1617,False
WP_022583979,1.E.65,1.E.65,0.9998412,1623,False
WP_221178964,1.E.65,1.E.65,0.9999975,1627,False
P51727,1.E.7,1.E.7,0.9999924,1628,True
WP_077419983,1.E.7,1.E.7,0.9999931,1631,True
WP_184711133,1.E.7,1.E.7,0.9999964,1636,True
MDI6753459,1.E.71,1.E.71,0.9999685,1643,False
P06808,1.E.8,1.E.8,0.99998975,1644,False
AZU98589,1.E.8,1.E.8,0.999995,1649,False
P08986,1.E.9,1.E.9,0.9999975,1650,False
C0BVR9,1.E.9,1.E.9,0.99999356,1653,False
Q8KCM5,1.E.9,1.E.9,0.99999726,1660,False
Q84097,1.G.1,1.G.1,0.999997,1663,True
Q8JN88,1.G.1,1.G.1,0.999997,1665,True
Q05320,1.G.12,1.G.12,0.9999987,1671,True
BAS18865,1.G.14,1.G.14,0.99998355,1675,True
H6SW53,1.G.15,1.G.15,0.99999523,1679,False
P04578,1.G.16,1.G.16,0.9999591,1683,False
P25190,1.G.18,1.G.18,0.99999416,1685,False
AGP04934,1.G.18,1.G.18,0.9999939,1688,False
P03420,1.G.2,1.G.2,0.99997675,1693,False
Q9QEW7,1.G.2,1.G.2,0.9999758,1695,False
P08668,1.G.20,1.G.20,0.9999882,1701,False
J4FBX9,1.G.20,1.G.20,0.99999046,1703,False
Q993G6,1.G.21,1.G.21,0.9999896,1709,False
P03315,1.G.4,1.G.4,0.99999905,1711,False
G0LWX4,1.G.4,1.G.4,0.99734193,1716,False
U5TZY3,1.G.5,1.G.5,0.99999595,1718,False
A7XED7,1.G.6,1.G.6,0.99999154,1721,False
P09991,1.G.8,1.G.8,0.9999888,1722,False
NP_775596,1.G.9,1.G.9,0.99999666,1729,True
M4HM10,1.G.9,1.G.9,0.9999956,1735,True
B6EFE0,1.J.1,1.J.1,0.99987125,1738,False
P03649,1.K.3,1.K.3,0.9999987,1742,False
Q03169,1.L.1,1.L.1,0.9999716,1744,False
DAZ31467,1.M.7,1.M.7,0.99999464,1748,True
WP_230060965,1.M.7,1.M.7,0.999995,1750,True
F4JP36,1.N.3,1.N.3,0.9999981,1753,False
Q22C76,1.N.3,1.N.3,0.999997,1755,False
G5EBM0,1.N.4,1.N.4,0.9999974,1761,False
OAP09968,1.N.5,1.N.5,0.99999845,1769,False
Q6DD88,1.N.5,1.N.5,0.99999905,1771,False
O00291,1.N.7,1.N.7,0.99999833,1772,False
q7z7g8,1.R.2,1.R.2,0.9999528,1776,False
A1Z713,1.R.2,1.R.2,0.9999887,1777,False
WP_068749265,1.S.1,1.S.1,0.9993374,1782,True
PZO17530,1.S.1,1.S.1,0.99999475,1784,True
Q31RK3,1.S.1,1.S.1,0.9998087,1786,True
Q5JEV9,1.S.11,1.S.11,0.99999416,1792,False
AAD39019,1.S.2,8.A.180,0.09988516,1798,True
Q31QW7,1.S.3,1.S.3,0.9999974,1799,False
4OLP_A,1.S.4,1.S.4,0.99997926,1802,False
P41792,1.S.5,1.S.5,0.99978906,1804,False
Q1D3Y8,1.S.7,1.S.7,0.99999917,1805,True
V5SGX5,1.S.8,1.S.8,0.9999938,1811,False
WP_005866925,1.W.1,1.W.1,0.99997985,1814,True
WP_149357188,1.W.1,1.W.1,0.9999951,1815,True
HCE08097,1.W.10,1.W.10,0.9999914,1823,True
WP_010699123,1.W.10,1.W.10,0.9999918,1824,True
AXP07702,1.W.10,1.W.10,0.99999917,1831,True
P25480,1.W.3,1.W.3,0.99999976,1832,True
WP_008881966,1.W.3,1.W.3,0.9999982,1835,True
WP_155320278,1.W.3,1.W.3,0.99975294,1846,True
XP_020558010,1.W.4,1.W.4,0.999987,1849,False
WP_140461085,1.W.4,1.W.4,0.99999297,1851,False
P03710,1.W.5,1.W.5,0.9999958,1853,True
ERI79391,1.W.5,1.W.5,0.99999714,1857,True
YP_009283032,1.W.8,1.W.8,0.99984586,1863,True
AWD93009,1.W.8,1.W.8,0.9999951,1864,True
ASJ79155,1.W.9,1.W.9,0.9999932,1880,True
AYD81498,1.W.9,1.W.9,0.9999963,1881,True
A7XXR3,1.W.9,1.W.9,0.99999166,1883,True
AXH46464,1.W.9,1.W.9,0.9999926,1889,True
P15701,2.A.10,2.A.10,0.999997,1891,True
F5X5Y2,2.A.10,2.A.10,0.9999497,1895,True
Q9JHI9,2.A.100,2.A.100,0.9999832,1897,True
Q6MLJ0,2.A.100,2.A.100,0.9999745,1904,True
C6B3K0,2.A.101,2.A.101,0.99998116,1907,True
X2BJI2,2.A.103,2.A.103,0.99999106,1911,True
F4CH44,2.A.103,2.A.103,0.9999862,1915,True
WP_082139284,2.A.103,2.A.103,0.9999962,1918,True
KKT62224,2.A.104,2.A.104,0.99999547,1923,True
P76264,2.A.107,1.C.104,0.2391486,1925,True
I0JS30,2.A.107,2.A.107,0.99999666,1927,True
O34997,2.A.109,2.A.109,0.9999968,1935,False
I3XAB3,2.A.109,2.A.109,0.9999796,1936,False
L7KNF9,2.A.109,2.A.109,0.99999034,1943,False
P55069,2.A.11,2.A.11,0.9999876,1944,True
Q03YV5,2.A.11,2.A.11,0.9995447,1950,True
Q8F285,2.A.111,2.A.111,0.9999976,1953,True
H2K1T5,2.A.116,2.A.116,0.9999883,1960,True
F5XJB6,2.A.116,2.A.116,0.99998844,1961,True
C7QK38,2.A.116,2.A.116,0.9999851,1962,True
A3M6E6,2.A.117,2.A.117,0.99999774,1971,False
D1BQY5,2.A.117,2.A.117,0.9999926,1976,False
G8QHP3,2.A.117,2.A.117,0.9999962,1980,False
A3QJL3,2.A.117,2.A.117,0.9999963,1981,False
Q93K64,2.A.118,2.A.118,0.9999974,1988,True
P39263,2.A.118,2.A.118,0.9999949,1995,True
A6VIJ1,2.A.119,2.A.119,0.9999944,1998,True
WP_009140119,2.A.119,2.A.119,0.99998343,2004,True
CDE72063,2.A.119,2.A.119,0.9999926,2005,True
OIO63212,2.A.119,2.A.119,0.9999937,2014,True
D4J4W2,2.A.120,2.A.120,0.99999833,2016,True
O57877,2.A.120,2.A.120,0.99999523,2019,True
J6H8T7,2.A.120,2.A.120,0.999995,2026,True
P39590,2.A.122,2.A.122,0.9999938,2033,False
B9EX61,2.A.122,2.A.122,0.9999982,2038,False
KKP01475,2.A.122,2.A.122,0.99782276,2043,False
E4RK11,2.A.124,2.A.124,0.9999987,2046,False
X2JQJ2,2.A.124,2.A.124,0.9999902,2051,False
CEL99167,2.A.125,2.A.125,0.9999963,2055,True
T1YCA9,2.A.129,2.A.129,0.9999951,2063,True
OQJ72346,2.A.129,2.A.129,0.9999949,2065,True
WP_111865303,2.A.129,2.A.129,0.9999987,2070,True
K0K2U6,2.A.13,2.A.13,0.9999963,2075,True
K0P0B6,2.A.13,2.A.13,0.9996171,2078,True
E6XPK2,2.A.131,2.A.131,0.999987,2079,True
WP_123898938,2.A.131,2.A.131,0.9999938,2083,True
Q465I3,2.A.133,2.A.133,0.99999475,2087,False
WP_049436883,2.A.133,2.A.133,0.9999976,2093,False
P42401,2.A.133,2.A.133,0.99999297,2096,False
B4AEM5,2.A.133,2.A.133,0.99999607,2097,False
P33231,2.A.14,2.A.14,0.999959,2103,True
AOY58527,2.A.14,2.A.14,0.9995134,2108,True
Q4ZLW8,2.A.15,2.A.15,0.99999356,2111,True
P0ABC9,2.A.15,2.A.15,0.9999857,2112,True
P31553,2.A.15,1.B.19,0.031075312,2123,True
B4EY22,2.A.15,4.H.1,0.05146016,2124,True
T2I7A2,2.A.16,2.A.16,0.99999595,2132,False
T2I8Z9,2.A.16,2.A.16,0.99999666,2133,False
Q58172,2.A.16,1.C.81,0.13983876,2137,False
C4IKV8,2.A.16,2.A.16,0.9999937,2143,False
O07032,2.A.24,2.A.24,0.99999034,2148,False
Q8VS41,2.A.24,2.A.24,0.9999987,2151,False
Q45068,2.A.25,2.A.25,0.99999607,2158,True
P30143,2.A.25,2.A.25,0.99999416,2163,True
P19072,2.A.26,2.A.26,0.9999981,2164,True
P25185,2.A.26,2.A.26,0.99999857,2165,True
P73275,2.A.27,2.A.27,0.9999875,2175,True
Q1A2K9,2.A.27,9.B.191,0.242964,2177,True
Q56725,2.A.33,2.A.33,0.9999931,2182,False
Q9S1X8,2.A.33,2.A.33,0.99999416,2186,False
Q9I2S5,2.A.34,2.A.34,0.9999925,2190,True
P27611,2.A.35,2.A.35,0.9999975,2191,True
Q8A897,2.A.35,2.A.35,0.9999981,2198,True
Q0PHV8,2.A.35,2.A.35,0.99999857,2202,True
P39141,2.A.41,2.A.41,0.99999106,2205,False
O43868,2.A.41,2.A.41,0.99999714,2210,False
Q9HAS3,2.A.41,2.A.41,0.9999974,2214,False
O00337,2.A.41,2.A.41,0.9999974,2219,False
Q47825,2.A.42,2.A.42,0.99999034,2223,True
AKM78056,2.A.42,2.A.42,0.99503845,2227,True
P0AAD6,2.A.42,2.A.42,0.9999958,2228,True
Q04671,2.A.45,2.A.45,0.99999845,2235,True
Q6NE56,2.A.45,2.A.45,0.99997294,2237,True
UYL04267,2.A.45,2.A.45,0.9998735,2242,True
A6WDE3,2.A.46,2.A.46,0.999992,2247,True
F8A1M3,2.A.46,2.A.46,0.99999297,2248,True
Q2J7N2,2.A.46,2.A.46,0.99999535,2250,True
Q17766,2.A.48,2.A.48,0.9999896,2258,True
A8BIM9,2.A.48,2.A.48,0.9999987,2261,True
O74869,2.A.52,2.A.52,0.9999969,2265,True
Q48262,2.A.52,2.A.52,0.9999912,2266,True
O05804,2.A.52,2.A.52,0.9999964,2269,True
E1AW23,2.A.58,2.A.58,0.99999607,2284,False
B2A3B7,2.A.58,2.A.58,0.9999856,2289,False
A8LPG6,2.A.58,2.A.58,0.9895335,2290,False
RLG13389,2.A.58,2.A.58,0.99997807,2293,False
P0ABP3,2.A.61,8.B.5,0.036810607,2294,True
G7WF32,2.A.61,2.A.61,0.99999785,2299,True
A5PGV3,2.A.62,2.A.62,0.9999981,2304,True
ANA11559,2.A.62,2.A.62,0.99999607,2306,True
Q0VR69,2.A.68,2.A.68,0.9999871,2312,True
O76729,2.A.71,2.A.71,0.9999963,2315,True
Q9SKZ5,2.A.71,2.A.71,0.9999976,2321,True
M5DKB8,2.A.71,2.A.71,0.99999607,2323,True
P63183,2.A.72,2.A.72,0.9999976,2327,True
P50505,2.A.72,2.A.72,0.9999974,2330,True
Q0G848,2.A.72,2.A.72,0.9999974,2331,True
O22397,2.A.72,2.A.72,0.9999982,2332,True
F8D4C5,2.A.73,2.A.73,0.999998,2346,False
Q61168,2.A.74,2.A.74,0.9999949,2348,False
M7BP63,2.A.74,2.A.74,0.9999218,2352,False
Q9VEW3,2.A.74,2.A.74,0.9999877,2354,False
G6DCT3,2.A.74,2.A.74,0.9999931,2356,False
P64711,2.A.75,2.A.75,0.9999732,2365,True
P0AG38,2.A.76,2.A.76,0.02491307,2368,True
G4NXW2,2.A.76,2.A.76,0.9999951,2374,True
D5FKJ1,2.A.76,2.A.76,0.99999464,2377,True
KKK40645,2.A.76,2.A.76,0.9999323,2379,True
Q3IPU1,2.A.77,2.A.77,0.99998033,2388,True
Q46892,2.A.8,1.B.95,0.07479568,2395,True
L8A802,2.A.8,2.A.8,0.9999974,2398,True
O32105,2.A.8,2.A.8,0.998538,2400,True
A7ZJR5,2.A.81,2.A.81,0.9999956,2407,True
O52005,2.A.81,2.A.81,0.999995,2410,True
A9DHE6,2.A.83,2.A.83,0.99997973,2413,False
P50726,2.A.87,2.A.87,0.99998915,2415,True
D3EWM9,2.A.87,2.A.87,0.9999887,2416,True
WP_147663164,2.A.87,2.A.87,0.9999964,2426,True
Q8NCS7,2.A.92,2.A.92,0.99999785,2433,False
Q12412,2.A.92,2.A.92,0.99999654,2436,False
B0WNM6,2.A.94,2.A.94,0.9999957,2440,True
XP_001033198,2.A.94,2.A.94,0.9975128,2443,True
O32244,2.A.95,2.A.58,0.07389299,2448,True
B8HLY6,2.A.95,2.A.95,0.9999895,2453,True
EPY33605,2.A.96,2.A.96,0.9999974,2463,False
W0T4M1,2.A.96,2.A.96,0.99999714,2464,False
WP_084729956,2.A.96,2.A.96,0.993252,2466,False
NLT21186,2.A.96,2.A.96,0.9999727,2467,False
P91927,2.A.97,2.A.97,0.9999924,2473,False
Q06493,2.A.97,2.A.97,0.9999974,2474,False
Q1M8G8,2.A.99,2.A.99,0.99999666,2480,False
WP_002792498,2.A.99,2.A.99,0.99999547,2482,False
Q9UP52,2.B.93,2.B.93,0.99984396,2488,False
Q9SVZ9,2.D.1,2.D.1,0.999987,2493,False
N4TIW3,2.D.1,2.D.1,0.99999595,2494,False
P46889,3.A.12,3.A.12,0.9999949,2499,False
Q3LAJ2,3.A.12,3.A.12,0.9999974,2505,False
P03657,3.A.13,3.A.13,0.99999,2506,False
Q9FLD5,3.A.28,3.A.28,0.999997,2511,True
J9HLW2,3.E.3,3.E.3,0.99999654,2515,True
KOO28456,3.E.3,3.E.3,0.99999833,2522,True
P50416,4.C.2,4.C.2,0.9999931,2526,False
P47075,4.E.1,4.E.1,0.99999726,2529,True
U6MIB1,4.E.1,4.E.1,0.9999771,2530,True
A4IE03,4.F.1,4.F.1,0.9999715,2535,False
WP_061331047,4.F.1,4.F.1,0.99999607,2537,False
U2ZTT2,4.F.1,4.F.1,0.99999607,2538,False
D8J2B2,4.F.1,4.F.1,0.9999908,2547,False
E5Y3Y1,4.H.1,4.H.1,0.9999932,2551,True
WP_106451403,4.H.1,4.H.1,0.9999844,2553,True
KZU99864,4.H.1,4.H.1,0.9999833,2554,True
Q9KV73,5.B.10,5.B.10,0.99999845,2561,False
RWX50390,5.B.15,5.B.15,0.99999654,2562,False
P49447,5.B.2,5.B.2,0.9999913,2566,True
Q9SWS1,5.B.2,5.B.2,0.9999925,2570,True
Q7SC62,5.B.2,5.B.2,0.99999666,2580,True
KHN35905,5.B.2,5.B.2,0.9999939,2581,True
PIY59600,5.B.6,5.B.6,0.999908,2586,False
Q8XB73,5.B.7,5.B.7,0.9997218,2587,False
P11091,8.A.1,8.A.1,0.99999714,2598,False
Q9XDR9,8.A.1,8.A.1,0.99995244,2606,False
P76397,8.A.1,8.A.1,0.9999833,2608,False
P37636,8.A.1,8.A.1,0.9999914,2609,False
Q7UZ72,8.A.1,8.A.1,0.99999106,2610,False
P15383,8.A.10,8.A.10,0.99998784,2612,False
Q9D808,8.A.10,8.A.10,0.9999969,2614,False
XP_021364688,8.A.101,8.A.101,0.999997,2620,False
Q6DBN4,8.A.102,8.A.102,0.9999913,2623,False
Q9ES97,8.A.102,8.A.102,0.99999046,2624,False
Q16799,8.A.102,8.A.102,0.99999106,2631,False
O15126,8.A.103,8.A.103,0.9999914,2638,False
S9UXC3,8.A.103,8.A.103,0.9999876,2647,False
EXX50183,8.A.103,8.A.103,0.9999782,2648,False
M5BEH1,8.A.104,8.A.185,0.0429515,2656,True
C5L569,8.A.104,1.B.39,0.03682923,2657,True
D8HIS0,8.A.104,9.A.57,0.16516125,2658,True
Q6MZM0,8.A.105,8.A.105,0.552739,2669,False
NP_498893,8.A.108,8.A.108,0.99967754,2674,False
XP_011087967,8.A.108,8.A.108,0.9999459,2676,False
WP_130079951,8.A.11,8.A.11,0.999998,2681,False
CBJ48530,8.A.111,8.A.111,0.9999583,2689,False
XP_022310796,8.A.111,8.A.111,0.8268594,2690,False
Q86TG1,8.A.113,8.A.113,0.9999877,2692,False
PDM67745,8.A.113,8.A.113,0.99916506,2697,False
XP_026683869,8.A.115,8.A.115,0.9999962,2706,False
KAG5184617,8.A.115,8.A.115,0.9999962,2709,False
XP_001748139,8.A.115,8.A.115,0.99999785,2717,False
WBW72430,8.A.115,8.A.115,0.99999774,2719,False
Q9VIM4,8.A.116,8.A.116,0.99999034,2723,False
Q8NFZ4,8.A.117,8.A.117,0.99999726,2724,False
Q8N2Q7,8.A.117,8.A.117,0.9999975,2725,False
Q4KMZ8,8.A.118,8.A.118,0.999995,2731,False
Q8N8D7,8.A.118,8.A.118,0.99999464,2733,False
P37249,8.A.12,8.A.12,0.99999535,2741,False
Q9NQZ5,8.A.120,1.E.7,0.087796144,2742,False
NP_001154233,8.A.120,1.E.18,0.07603342,2747,False
Q20687,8.A.121,8.A.121,0.99999714,2755,False
Q8IZ57,8.A.122,8.A.122,0.9999858,2756,False
Q96NL1,8.A.122,8.A.122,0.99999535,2759,False
Q9P0T7,8.A.123,8.A.123,0.99998057,2762,False
CCD72324,8.A.123,8.A.123,0.99999,2764,False
L8HG91,8.A.124,8.A.124,0.9999943,2771,False
XP_028543667,8.A.125,8.A.125,0.99998057,2774,False
XP_027796271,8.A.126,8.A.126,0.999972,2780,False
XP_020477270,8.A.127,8.A.127,0.9998841,2784,False
XP_002606196,8.A.127,8.A.127,0.99999464,2787,False
XP_010212262,8.A.129,8.A.129,0.99999774,2790,False
WP_145057599,8.A.129,8.A.129,0.99999964,2792,False
O42668,8.A.13,8.A.13,0.9999995,2796,False
O15393,8.A.131,8.A.131,0.99999595,2802,True
Q9Y5Q5,8.A.131,8.A.131,0.9999963,2804,True
XP_007101883,8.A.131,8.A.131,0.9999958,2806,True
KAE8599942,8.A.133,8.A.133,0.9999976,2816,False
KAF0724324,8.A.133,8.A.133,0.99999607,2817,False
XP_030066976,8.A.133,8.A.133,0.9999931,2819,False
XP_023215166,8.A.134,8.A.134,0.9999908,2826,False
Q6IIF2,8.A.135,8.A.135,0.99999905,2832,False
CAB3365159,8.A.135,8.A.135,0.99999917,2835,False
P49407,8.A.136,8.A.136,0.9999957,2838,False
XP_026067171,8.A.136,8.A.136,0.99999464,2840,False
XP_013118024,8.A.136,8.A.136,0.99999046,2847,False
Q9BYF1,8.A.139,8.A.139,0.99996495,2851,False
Q9NPA1,8.A.14,8.A.14,0.9999988,2858,False
XP_004208589,8.A.140,8.A.140,0.99999607,2862,False
XP_027225662,8.A.140,8.A.140,0.9999937,2863,False
R1ELF4,8.A.141,8.A.141,0.99996305,2869,False
XP_009167162,8.A.143,8.A.143,0.9988318,2873,False
WP_144051564,8.A.144,8.A.144,0.9992071,2879,False
XP_001614377,8.A.145,8.A.145,0.9999901,2881,False
O74887,8.A.147,8.A.147,0.9999988,2885,False
O70260,8.A.15,8.A.15,0.9997602,2888,False
WP_108911559,8.A.150,8.A.150,0.9999943,2893,True
O43865,8.A.151,8.A.151,0.99999225,2896,False
OWR05854,8.A.153,8.A.153,0.99999034,2899,False
MBC7395593,8.A.153,8.A.153,0.9999553,2902,False
XP_030604870,8.A.154,8.A.154,0.9999833,2905,False
WP_082825104,8.A.155,8.A.155,0.99999607,2912,False
KAF5827728,8.A.155,8.A.155,0.9987172,2913,False
XP_027238363,8.A.157,8.A.157,0.9999436,2915,False
Q8TCQ1,8.A.159,9.A.19,0.08346733,2919,False
XP_001355387,8.A.159,8.A.159,0.9999999,2924,False
XP_032802017,8.A.159,1.C.71,0.22476745,2929,False
Q96GS6,8.A.161,8.A.161,0.9999943,2932,False
Q16790,8.A.164,8.A.164,0.99999464,2933,False
P91344,8.A.166,8.A.166,0.9999876,2935,False
PBC25928,8.A.166,8.A.166,0.99999356,2936,False
XP_028411903,8.A.166,8.A.166,0.99999404,2945,False
P02724,8.A.168,8.A.168,0.9999759,2946,False
CDI51009,8.A.169,8.A.169,0.99994373,2953,False
RKP36971,8.A.169,8.A.169,0.9999927,2955,False
SSD60863,8.A.169,8.A.169,0.9999918,2959,False
NP_001035241,8.A.17,8.A.17,0.99999535,2961,True
Q07699,8.A.17,8.A.17,0.99994254,2964,True
XP_039634131,8.A.17,8.A.129,0.055460878,2967,True
Q9NXB0,8.A.170,8.A.170,0.9999976,2975,False
Q9H0V1,8.A.171,8.A.171,0.99986696,2976,False
P02489,8.A.172,8.A.94,0.05284297,2981,False
WP_005390806,8.A.172,8.A.172,0.99993885,2986,False
MBE3040074,8.A.172,8.A.172,0.9999956,2987,False
Q9H4B7,8.A.173,8.A.173,0.99999547,2992,False
WP_047541184,8.A.174,8.A.174,0.9997657,2995,False
MBT5252923,8.A.174,8.A.174,0.99997246,2998,False
PIA30661,8.A.175,8.A.175,0.9999933,3003,False
XP_020163427,8.A.175,8.A.175,0.9998913,3005,False
WP_106500450,8.A.176,8.A.176,0.99971,3007,False
XP_034766381,8.A.177,8.A.177,0.99999,3011,False
XP_036421266,8.A.177,8.A.177,0.9999924,3016,False
P25641,8.A.178,8.A.178,0.9999975,3019,True
XP_013762242,8.A.178,1.C.132,0.99949205,3026,True
Q9NY47,8.A.18,8.A.18,0.99999905,3028,False
E7F5Q0,8.A.18,8.A.18,0.9994104,3029,False
GFS50581,8.A.180,8.A.180,0.99995947,3034,True
Q9NWH2,8.A.181,8.A.181,0.99999404,3036,False
XP_006692388,8.A.182,8.A.182,0.99998057,3041,False
KAG8719545,8.A.183,8.A.183,0.99994624,3046,True
ETW46879,8.A.183,8.A.183,0.9999776,3048,True
XP_020432384,8.A.185,8.A.185,0.99999225,3054,False
L0R6Q1,8.A.185,8.A.185,0.9997644,3055,False
O00592,8.A.187,8.A.187,0.99999416,3056,False
RTG88142,8.A.188,8.A.188,0.9996718,3060,False
OVF07687,8.A.188,8.A.188,0.99999964,3062,False
KJE94133,8.A.189,9.B.135,0.041333597,3071,False
Q4V5U6,8.A.19,8.A.19,0.99119776,3076,False
XP_025358723,8.A.190,8.A.190,0.9999969,3079,False
XP_035709607,8.A.191,8.A.191,0.99999666,3085,False
PXF60217,8.A.191,8.A.191,0.99998903,3089,False
XP_006763275,8.A.192,8.A.192,0.99996376,3092,False
F4IVL6,8.A.192,8.A.192,0.9999976,3099,False
KAG7249990,8.A.193,8.A.193,0.88786876,3101,False
XP_032430359,8.A.194,1.C.81,0.13723996,3106,True
KAG2487039,8.A.194,8.A.194,0.99999523,3111,True
XP_043561697,8.A.196,8.A.196,0.999982,3115,True
XP_036444573,8.A.197,8.A.197,0.99996245,3118,False
Q01567,8.A.2,8.A.2,0.99993384,3122,False
E1ZNI7,8.A.20,8.A.20,0.9999827,3129,False
XP_005646384,8.A.20,8.A.20,0.9999745,3130,False
WP_198967200,8.A.201,8.A.201,0.9999795,3134,False
WP_075967942,8.A.201,8.A.201,0.99997413,3139,False
XP_042355292,8.A.202,8.A.202,0.99994326,3142,False
Q6PD74,8.A.203,8.A.203,0.9999845,3146,False
XP_014700841,8.A.204,8.A.204,0.9999807,3149,False
Q02487,8.A.204,8.A.204,0.9999989,3151,False
Q6PI78,8.A.205,8.A.205,0.9999887,3154,False
OLP90965,8.A.205,8.A.205,0.9999889,3159,False
XP_045182095,8.A.206,8.A.206,0.99997437,3164,False
Q8N6I4,8.A.208,8.A.208,0.99999905,3165,False
RDD44832,8.A.208,8.A.208,0.9998466,3167,False
Q9VKM7,8.A.209,8.A.209,0.99988294,3175,False
RHY26985,8.A.210,8.A.210,0.99474335,3179,False
XP_031323901,8.A.211,8.A.211,0.99999714,3182,False
WP_196367168,8.A.212,8.A.212,0.9999993,3186,False
MAH74360,8.A.213,8.A.213,0.99997497,3191,False
MBL4747290,8.A.213,8.A.213,0.9999974,3192,False
XP_035709626,8.A.214,8.A.214,0.9978498,3195,False
Q9BX97,8.A.215,8.A.215,0.9998461,3198,False
O95249,8.A.216,8.A.216,0.99999166,3201,False
OAO14106,8.A.216,8.A.216,0.9999945,3203,False
Q08289,8.A.22,8.A.22,0.99999976,3208,False
Q9NYP7,8.A.221,8.A.221,0.999992,3211,False
KAH8773178,8.A.221,8.A.221,0.9999945,3217,False
P42858,8.A.222,8.A.222,0.9999969,3220,False
WP_117026444,8.A.223,8.A.223,0.99973744,3223,False
KAF2218067,8.A.225,8.A.225,0.9999908,3226,False
XP_035216260,8.A.226,8.A.226,0.99998975,3230,False
NP_651733,8.A.226,8.A.226,0.99999774,3234,False
XP_002671474,8.A.227,8.A.227,0.9999994,3236,False
KAH9401620,8.A.227,8.A.227,0.9999404,3240,False
WP_076222359,8.A.228,8.A.228,0.9999113,3244,False
RAS33480,8.A.229,8.A.229,0.999998,3246,False
A0PK05,8.A.230,8.A.230,0.9999944,3247,False
P09758,8.A.237,8.A.237,0.9999944,3252,False
Q9UQF2,8.A.238,8.A.238,0.99999475,3255,False
H3CPN3,8.A.239,8.A.239,0.9999881,3259,False
G3VXE4,8.A.240,8.A.240,0.999961,3261,False
P26040,8.A.25,8.A.25,0.99999225,3262,False
Q6ZUT3,8.A.25,8.A.25,0.9999913,3266,False
ANK58183,8.A.26,8.A.26,0.99995315,3275,False
P56539,8.A.26,8.A.26,0.9999825,3276,False
Q9NV96,8.A.27,8.A.27,0.99999547,3281,False
Q3MIR4,8.A.27,8.A.27,0.99999344,3282,False
Q9Z2Y3,8.A.29,8.A.29,0.99999666,3286,False
P55000,8.A.31,8.A.31,0.9999949,3289,True
P56817,8.A.32,8.A.32,0.99998486,3291,False
Q9I8L5,8.A.33,8.A.33,0.99998844,3299,False
CCE37669,8.A.35,8.A.35,0.9999964,3305,True
BAH03288,8.A.37,8.A.37,0.9999963,3308,False
P91193,8.A.38,8.A.38,0.9999964,3312,False
XP_014034525,8.A.39,8.A.39,0.9999987,3314,False
P43111,8.A.4,8.A.4,0.97482854,3318,False
Q5KM96,8.A.41,8.A.41,0.99999785,3320,False
Q871R6,8.A.41,8.A.41,0.99999714,3324,False
A8FE88,8.A.42,8.A.42,0.99999845,3328,False
R5LHN3,8.A.42,8.A.42,0.9995264,3332,False
Q8IYU8,8.A.44,1.C.37,0.042626772,3334,True
A8JGI1,8.A.44,8.A.44,0.99999595,3338,True
Q9U3I4,8.A.45,8.A.45,0.9999937,3341,False
E9BX85,8.A.45,8.A.45,0.9999938,3343,False
C6Y217,8.A.46,8.A.46,0.999977,3349,False
Q5LEN2,8.A.46,8.A.46,0.9999846,3350,False
Q8A0N7,8.A.46,8.A.46,0.99998975,3354,False
G8ATL2,8.A.48,8.A.48,0.9999908,3364,False
Q887R7,8.A.48,8.A.48,0.9999918,3366,False
Q9UEF7,8.A.49,8.A.49,0.9999913,3369,False
Q14722,8.A.5,8.A.5,0.9999951,3372,False
P76187,8.A.5,1.E.18,0.25396758,3378,False
P0AAW9,8.A.50,8.A.50,0.9999964,3379,False
Q8N608,8.A.51,8.A.51,0.9999944,3381,True
KRY08793,8.A.51,8.A.77,0.05423009,3382,True
Q9NRR5,8.A.52,8.A.52,0.99998987,3386,False
E9ASH3,8.A.52,8.A.52,0.9999182,3388,False
C1BLC2,8.A.53,8.A.53,0.99959165,3394,False
Q5VZ72,8.A.55,8.A.55,0.99999607,3399,False
Q8MS19,8.A.57,8.A.57,0.9999881,3402,False
W6NBT2,8.A.57,8.A.57,0.99999356,3403,False
G7H3K9,8.A.58,8.A.58,0.9999943,3417,False
R6MVI4,8.A.58,8.A.58,0.99999714,3419,False
D5T4Y6,8.A.58,8.A.58,0.9989397,3423,False
Q9H7V2,8.A.58,8.A.58,0.99999726,3424,False
O28769,8.A.59,8.A.59,0.99990344,3426,True
Q8IV31,8.A.60,8.A.60,0.9999815,3429,False
P49858,8.A.61,8.A.61,0.99999416,3437,False
Q6PI25,8.A.61,8.A.61,0.9999939,3439,False
Q8TBE1,8.A.61,8.A.61,0.9999939,3441,False
H9JAB9,8.A.62,8.A.62,0.9999939,3444,False
KLT40488,8.A.63,8.A.63,0.99995947,3448,False
E6TG36,8.A.63,8.A.63,0.99995637,3452,False
A0EBH9,8.A.65,8.A.65,0.9999894,3454,False
E1ZS05,8.A.65,8.A.65,0.9999945,3457,False
O75369,8.A.66,2.A.116,0.095753014,3464,False
Q9UPN3,8.A.66,1.B.13,0.15905091,3466,False
Q8GWH3,8.A.67,8.A.67,0.99999726,3469,False
Q99805,8.A.68,8.A.68,0.99999547,3478,False
O15321,8.A.68,8.A.68,0.9999943,3485,False
NP_001122097,8.A.68,8.A.68,0.99999595,3486,False
KAF7834676,8.A.68,8.A.68,0.99997556,3487,False
B2KKY9,8.A.69,8.A.69,0.99998844,3491,True
Q0S1M9,8.A.7,8.A.7,0.99999607,3494,False
H1XXY9,8.A.7,8.A.7,0.9999968,3497,False
Q95QG3,8.A.70,8.A.70,0.9999981,3500,False
A9V5D8,8.A.70,8.A.70,0.99998987,3504,False
E3M513,8.A.71,8.A.71,0.9999988,3508,False
Q7TLC4,8.A.72,8.A.72,0.9999981,3510,False
G3AKL2,8.A.73,8.A.73,0.99998915,3520,False
P81450,8.A.73,8.A.73,0.9999889,3521,False
Q96DZ7,8.A.75,8.A.75,0.9999982,3524,False
O14894,8.A.75,8.A.75,0.99999356,3526,False
R0L4Z1,8.A.76,8.A.76,0.99998236,3530,False
O75173,8.A.77,8.A.77,0.99999726,3539,True
Q13444,8.A.77,8.A.77,0.999995,3540,True
Q14TH3,8.A.77,8.A.77,0.99999785,3542,True
XP_054180400,8.A.78,8.A.78,0.99997985,3546,True
A2SGV2,8.A.79,2.A.116,0.09284846,3549,False
P0AA04,8.A.8,9.A.57,0.12368652,3550,False
H1XXZ0,8.A.8,8.A.8,0.9999974,3554,False
Q96FQ6,8.A.81,1.E.9,0.08399802,3559,False
B8ZZ34,8.A.83,8.A.83,0.9999896,3563,False
A2RV66,8.A.83,8.A.83,0.99998415,3566,False
W4YAQ7,8.A.84,8.A.84,0.9999907,3572,False
V5IFI8,8.A.88,8.A.88,0.99999213,3577,False
O14958,8.A.88,8.A.88,0.9999964,3578,False
Q96JJ7,8.A.88,8.A.88,0.9999865,3581,False
Q05839,8.A.9,8.A.9,0.20954095,3587,False
Q64304,8.A.9,8.A.9,0.999995,3590,False
B5X967,8.A.90,8.A.90,0.99998164,3595,False
Q9BT76,8.A.90,8.A.90,0.9999889,3598,False
Q7ZWP6,8.A.91,8.A.91,0.99987566,3602,False
Q01590,8.A.91,8.A.91,0.9998642,3609,False
P93654,8.A.91,9.B.368,0.34392035,3613,False
W4YKR4,8.A.93,8.A.93,0.9999989,3619,False
Q9BZW5,8.A.93,8.A.93,0.9999993,3621,False
P0C862,8.A.94,8.A.94,0.9999925,3623,False
AOR82889,8.A.94,8.A.94,0.9999912,3624,False
P29310,8.A.98,9.B.297,0.16831253,3628,False
U1LZE8,8.A.98,8.A.98,0.99628216,3632,False
P27348,8.A.98,1.A.134,0.04280164,3635,False
WP_085304065,8.A.99,8.A.99,0.9999912,3640,False
P45697,8.B.1,8.B.1,0.9999906,3643,True
O77463,8.B.1,8.B.1,0.99999,3645,True
O61668,8.B.1,8.B.1,0.9999881,3647,True
AME17663,8.B.1,1.C.2,0.048415102,3659,True
P61542,8.B.11,8.B.11,0.99999344,3661,False
P86716,8.B.12,8.B.12,0.9999987,3668,True
Q9TWF8,8.B.13,8.B.13,0.9999895,3669,True
C1IBY4,8.B.13,8.B.13,0.99999535,3670,True
B1NWT3,8.B.17,8.B.17,0.9999987,3680,True
ATY39987,8.B.17,8.B.17,0.99980336,3682,True
C0HKG8,8.B.19,8.B.19,0.99996984,3693,True
P81790,8.B.19,8.B.19,0.99999833,3694,True
P0DKS3,8.B.23,8.B.23,0.9992187,3696,True
C0HJT4,8.B.23,1.C.74,0.73515564,3699,True
Q87088,8.B.25,8.B.25,0.99998367,3702,False
D1FXT2,8.B.25,8.B.25,0.99998033,3704,False
U5NPM6,8.B.25,8.B.25,0.99999857,3705,False
Q86DU6,8.B.28,8.B.4,0.5628288,3713,True
P01523,8.B.28,8.B.4,0.53219295,3715,True
P83471,8.B.3,8.B.5,0.9691557,3723,True
P0CH54,8.B.3,8.B.5,0.96915495,3726,True
P55817,8.B.30,8.B.30,0.9999409,3731,False
Q09470,8.B.31,8.B.31,0.9999653,3732,False
Q86RB2,8.B.32,8.B.32,0.9999907,3739,True
P55963,8.B.32,8.B.32,0.99999595,3742,True
Q2I2R5,8.B.32,8.B.32,0.99999547,3743,True
P0CY81,8.B.32,8.B.32,0.999995,3746,True
X5IWS1,8.B.4,8.B.4,0.5099765,3757,True
BAS25445,8.B.4,8.B.4,0.5385779,3760,True
P56633,8.B.4,8.B.4,0.5191749,3762,True
ATF27565,8.B.4,8.B.4,0.8346594,3764,True
YP_003858588,8.B.42,8.B.42,0.9999565,3767,False
WP_242953973,8.B.43,8.B.43,0.9998542,3774,False
WP_137635425,8.B.43,8.B.43,0.99998796,3776,False
P60992,8.B.5,8.B.5,0.9696397,3782,True
P0C247,8.B.5,8.B.3,0.68756974,3784,True
M5AY63,8.B.5,8.B.3,0.5033603,3787,True
B8XH25,8.B.7,8.B.7,0.99998796,3792,True
Q8I0L5,8.B.8,8.B.8,0.99999666,3794,True
P0C164,8.B.8,8.B.8,0.999982,3796,True
Q8JI39,8.B.9,8.B.9,0.9999981,3802,False
B0X6A3,8.B.9,1.C.38,0.063484006,3807,False
XP_024938493,9.A.1,9.A.1,0.9999913,3810,False
X2JDY8,9.A.1,9.B.223,0.07314554,3816,False
XP_015669028,9.A.16,9.A.16,0.9999825,3821,False
Q9UQV4,9.A.16,9.A.16,0.9999964,3825,False
Q986E2,9.A.18,9.A.18,0.9999956,3830,False
KAG5566124,9.A.19,9.A.19,0.9999777,3835,False
RLN46998,9.A.19,9.A.19,0.9999789,3836,False
Q9HVM8,9.A.21,9.A.21,0.9989077,3840,False
A9NFH9,9.A.23,9.A.23,0.9999865,3842,False
P40100,9.A.26,9.A.26,0.9999962,3845,False
B0N7T4,9.A.28,9.A.28,0.99999416,3848,False
R9K9J9,9.A.32,9.A.32,0.99999213,3852,False
O31580,9.A.32,9.A.32,0.99998915,3860,False
WP_173774957,9.A.32,9.A.32,0.9999862,3864,False
Q9KW03,9.A.33,9.A.33,0.9999957,3866,False
P18827,9.A.35,9.A.35,0.9999982,3868,False
CAF0919544,9.A.35,9.A.35,0.9999982,3872,False
P47140,9.A.36,9.A.36,0.9999738,3875,False
Q9NRY6,9.A.36,9.A.36,0.9999813,3879,False
Q1WF75,9.A.37,9.A.37,0.9999893,3881,False
P64564,9.A.4,9.A.4,0.99999726,3883,False
S6A3A3,9.A.4,9.A.4,0.99959236,3887,False
RLN19043,9.A.43,9.A.43,0.9999924,3899,True
F4I4B0,9.A.43,9.A.43,0.9999951,3900,True
XP_015973699,9.A.43,9.A.43,0.9999894,3903,True
D4GQY8,9.A.45,9.A.45,0.9999713,3905,False
O75915,9.A.49,9.A.49,0.9999881,3908,False
G0U3Y5,9.A.49,9.A.49,0.99999654,3911,False
C1MVA0,9.A.49,9.A.49,0.99999404,3914,False
Q99WQ7,9.A.5,9.A.5,0.9999716,3920,False
D2YRH2,9.A.5,9.A.5,0.99997544,3923,False
Q2HDJ0,9.A.54,9.A.54,0.9999869,3926,False
Q4DTX8,9.A.54,9.A.54,0.99999046,3929,False
G8ZNA0,9.A.54,9.A.54,0.9999819,3932,False
Q9BSJ8,9.A.57,9.A.57,0.9999925,3936,True
Q9HCH5,9.A.57,9.A.57,0.9999734,3939,True
B8XCH5,9.A.57,9.A.57,0.99999213,3942,True
Q9R4K8,9.A.59,9.A.59,0.99973434,3949,False
A0DG78,9.A.6,9.A.6,0.99993014,3952,False
Q5BU39,9.A.66,9.A.66,0.9999982,3953,False
WP_042977242,9.A.7,9.A.7,0.99998486,3958,False
WP_061080484,9.A.7,9.A.7,0.9992944,3962,False
P00505,9.A.70,9.A.70,0.9999937,3963,False
Q99445,9.A.71,9.A.71,0.99999654,3964,False
XP_029234550,9.A.76,9.A.76,0.99999905,3968,False
ATV93525,9.A.76,9.A.76,0.9999993,3971,False
KAE8977401,9.A.76,9.A.76,0.9999995,3975,False
P43125,9.A.78,9.A.78,0.9999809,3978,False
XP_002765820,9.A.79,9.A.79,0.98992646,3985,False
XP_046907484,9.A.80,9.A.80,0.9999844,3988,False
MCB9895653,9.A.81,9.A.81,0.99999607,3992,False
Q9HFE1,9.A.9,9.A.9,0.9999939,3997,False
E8XKQ3,9.B.100,9.B.100,0.99999714,3998,False
M1W124,9.B.103,9.B.103,0.9999919,4000,False
B3QN68,9.B.108,9.B.108,0.999992,4004,False
D8IUH5,9.B.108,9.B.108,0.99992514,4006,False
F0VLB1,9.B.11,9.B.11,0.99990857,4009,False
WP_024123891,9.B.110,9.B.110,0.99999547,4011,False
WP_047224658,9.B.111,9.B.111,0.99999857,4018,True
Q8BI84,9.B.113,9.B.113,0.999984,4020,False
P0AFY2,9.B.114,9.B.114,0.9999968,4024,False
F0PUM6,9.B.116,9.B.116,0.999997,4026,False
WP_185179402,9.B.116,9.B.116,0.99999774,4028,False
P45546,9.B.118,9.B.118,0.9999933,4034,False
WP_051287091,9.B.118,9.B.118,0.9999968,4038,False
P38631,9.B.119,9.B.119,0.9999968,4040,False
Q8LPI6,9.B.119,9.B.119,0.9997433,4044,False
P68178,9.B.12,9.B.12,0.9999943,4046,False
P87284,9.B.12,9.B.12,0.99999404,4047,False
P56508,9.B.12,9.B.12,0.99976856,4056,False
Q46831,9.B.120,9.B.120,0.9999957,4058,True
NYE48519,9.B.120,9.B.120,0.99999654,4066,True
P75962,9.B.122,9.B.122,0.99999523,4067,False
B8B6I6,9.B.123,1.E.18,0.1263995,4075,False
P64592,9.B.124,9.B.124,0.99999416,4077,False
C7T8Y9,9.B.124,9.B.124,0.98563135,4085,False
B7MI53,9.B.124,9.B.124,0.99999,4088,False
P0AE14,9.B.125,1.E.18,0.17328265,4090,False
P37642,9.B.126,9.B.126,0.99999845,4094,False
I3AVH2,9.B.126,9.B.126,0.99998665,4095,False
D0DT64,9.B.126,9.B.126,0.99999475,4103,False
WP_080060548,9.B.127,9.B.127,0.999997,4109,False
D7DZ35,9.B.128,9.B.128,0.99999,4114,True
B8H2Y5,9.B.13,9.B.13,0.99998844,4119,False
B3RX02,9.B.130,9.B.130,0.94484895,4127,True
U6J488,9.B.130,9.B.130,0.999688,4129,True
O55100,9.B.130,9.B.130,0.999949,4131,True
E7KKW7,9.B.132,9.B.132,0.9996362,4133,False
E4UA69,9.B.133,9.B.133,0.99997866,4137,False
I1L1Q2,9.B.134,9.B.134,0.9987011,4139,False
Q86GS2,9.B.135,9.B.135,0.9999932,4142,True
Q60EM1,9.B.135,9.B.135,0.999992,4148,True
Q9BWQ6,9.B.135,9.B.135,0.9999826,4153,True
WP_220194381,9.B.136,9.B.136,0.9999975,4158,False
OPX61096,9.B.136,9.B.136,0.99999964,4161,False
L7LJ31,9.B.138,9.B.138,0.99999666,4166,False
O34344,9.B.139,9.B.139,0.9999912,4168,False
G2NS49,9.B.139,9.B.139,0.99999344,4169,False
H3P2R4,9.B.141,9.B.141,0.9999025,4178,False
A6DJZ4,9.B.145,9.B.145,0.9999968,4181,False
J3JHP8,9.B.145,1.E.18,0.16656096,4182,False
M2X0J8,9.B.146,8.A.77,0.031968646,4190,False
P0A6W3,9.B.146,9.B.146,0.99999845,4191,False
Q9Z550,9.B.15,9.B.15,0.9999939,4196,False
X6JIS1,9.B.15,9.B.15,0.9999969,4197,False
F4FBR5,9.B.15,9.B.15,0.99999726,4199,False
A2BTW4,9.B.150,9.B.150,0.9999871,4208,False
D2R5K9,9.B.154,9.B.154,0.99999654,4215,False
OLS31059,9.B.154,9.B.154,0.9999958,4216,False
AJM78027,9.B.154,9.B.154,0.99999535,4220,False
C8UN36,9.B.156,9.B.156,0.9999893,4222,False
C9RAK9,9.B.156,9.B.156,0.9999831,4226,False
Q9NTM9,9.B.158,9.B.158,0.99999356,4230,False
Q1CUX7,9.B.160,9.B.160,0.9999732,4235,False
C6WVE5,9.B.160,9.B.160,0.99999034,4236,False
D5BDU3,9.B.160,9.B.160,0.9999877,4238,False
E8X5B7,9.B.160,9.B.160,0.99999607,4239,False
Q7UTG3,9.B.163,9.B.163,0.99999905,4249,False
D2QX43,9.B.163,9.B.163,0.9999969,4251,False
Q7UM60,9.B.163,9.B.163,0.9999964,4258,False
Q4KI39,9.B.164,9.B.164,0.9999932,4261,False
Q94AL8,9.B.166,9.B.166,0.999992,4264,False
A3UXB5,9.B.167,9.B.167,0.99999833,4267,False
Q8AA74,9.B.168,9.B.168,0.99999833,4269,False
A5G9S9,9.B.170,9.B.170,0.9999914,4274,True
B8FMP7,9.B.170,9.B.170,0.9999808,4276,True
E4TDD6,9.B.172,9.B.172,0.99999225,4279,False
WP_014775235,9.B.174,8.B.32,0.08736777,4285,False
WP_052749134,9.B.174,9.B.135,0.055190843,4288,False
J9Y628,9.B.176,9.B.176,0.99998975,4293,False
I3ZIU8,9.B.176,9.B.176,0.9999914,4295,False
S9VAZ9,9.B.177,9.B.177,0.9998467,4299,False
Q1CVQ2,9.B.18,9.B.18,0.9996178,4304,False
P27830,9.B.18,9.B.18,0.9999145,4308,False
W9ANA0,9.B.182,9.B.182,0.99999523,4310,False
K0N7U5,9.B.182,9.B.182,0.9999913,4315,False
W1UBV2,9.B.183,9.B.183,0.9999945,4316,True
A6MF01,9.B.183,9.B.183,0.99999285,4317,True
L9Z6H9,9.B.185,9.B.185,0.99999917,4325,False
D1CEH0,9.B.185,9.B.185,0.99999785,4331,False
Q9I7K5,9.B.188,9.B.188,0.9999926,4336,False
Q8SXY6,9.B.188,9.B.188,0.9999932,4337,False
Q8MNY4,9.B.19,9.B.19,0.99977547,4343,False
Q8T927,9.B.191,9.B.191,0.9999902,4347,True
Q5ZKX9,9.B.191,9.B.191,0.9999826,4353,True
A0Y0J1,9.B.191,9.B.191,0.9999877,4356,True
O95807,9.B.199,9.B.199,0.9999901,4358,False
B7FGM3,9.B.199,9.B.199,0.9999931,4360,False
Q4WGH5,9.B.20,9.B.20,0.99998856,4368,False
P0AFV2,9.B.20,9.B.20,0.9999925,4369,False
B9TCJ7,9.B.20,9.B.20,0.99999034,4372,False
Q6MNC6,9.B.20,9.B.20,0.9999982,4376,False
R7UE86,9.B.200,9.B.200,0.9999931,4385,False
W6UES1,9.B.203,9.B.203,0.99996436,4388,False
E7EYQ9,9.B.204,9.B.204,0.99999726,4391,False
XP_003064774,9.B.204,9.B.204,0.9999931,4396,False
Q8N511,9.B.206,9.B.206,0.9999962,4399,False
G4LVB1,9.B.206,9.B.206,0.99996686,4404,False
W5L189,9.B.207,9.B.207,0.99999547,4408,False
P06401,9.B.208,1.E.9,0.07658741,4413,False
Q13133,9.B.208,9.B.208,0.45950925,4415,False
Q7CJK3,9.B.209,9.B.209,0.99993074,4417,False
Q07540,9.B.21,2.A.116,0.041259587,4419,False
OIO22786,9.B.210,9.B.210,0.99999,4425,False
M0K5I6,9.B.210,9.B.210,0.99999356,4429,False
WP_109489060,9.B.210,9.B.210,0.99998784,4432,False
B1HGV3,9.B.211,9.B.211,0.9999552,4435,False
P04288,9.B.212,9.B.212,0.99999213,4438,False
P48565,9.B.213,9.B.213,0.9999958,4439,False
R4MM06,9.B.214,9.B.214,0.9999901,4451,False
WP_068761139,9.B.214,9.B.214,0.9993364,4453,False
WP_131276719,9.B.214,9.B.214,0.99999285,4455,False
Q55BP9,9.B.216,9.B.216,0.9999877,4458,False
Q9ASV5,9.B.216,9.B.216,0.99999106,4461,False
D4TYE3,9.B.218,9.B.218,0.99998736,4465,True
WP_014405681,9.B.218,9.B.218,0.9999932,4467,True
P42603,9.B.221,9.B.221,0.9999951,4469,False
C4TZN8,9.B.221,9.B.221,0.9999956,4470,False
ASV44226,9.B.221,9.B.221,0.99999976,4473,False
A6KZX2,9.B.223,9.B.223,0.9999958,4487,False
I0G5A7,9.B.223,9.B.223,0.9999949,4491,False
G9EP97,9.B.223,9.B.223,0.99999523,4493,False
SMC70286,9.B.225,9.B.225,0.99999595,4498,True
A4SKX1,9.B.225,9.B.225,0.99931026,4504,True
L0QS10,9.B.226,9.B.226,0.9999963,4507,False
C0VZJ6,9.B.226,9.B.226,0.99999845,4513,False
WP_122820729,9.B.226,9.B.226,0.99999845,4515,False
Q4DMY3,9.B.228,9.B.228,0.9999957,4519,False
KIO23915,9.B.228,9.B.228,0.99993515,4521,False
Q08919,9.B.229,2.B.93,0.9999753,4527,False
Q04609,9.B.229,9.B.229,0.99998593,4529,False
Q9NUM4,9.B.23,9.B.23,0.9999875,4530,False
A8I657,9.B.23,9.B.23,0.99998736,4532,False
Q9BVX2,9.B.23,9.B.23,0.99998546,4533,False
G3XN47,9.B.230,9.B.230,0.9999976,4542,False
K1WSG6,9.B.231,9.B.231,0.99999714,4547,False
S8GD98,9.B.231,9.B.231,0.9999949,4550,False
E5SAN1,9.B.232,9.B.232,0.9999957,4554,False
T1P8Q1,9.B.232,9.B.232,0.99999726,4555,False
Q4CPH8,9.B.232,9.B.232,0.9999956,4560,False
E4UAF4,9.B.234,9.B.234,0.9999937,4563,False
WP_046053143,9.B.237,9.B.237,0.9999958,4567,False
WP_009488228,9.B.237,9.B.237,0.9989926,4568,False
KKU35702,9.B.239,9.B.239,0.9999974,4571,True
WP_015233269,9.B.241,8.A.9,0.05356457,4582,False
WP_073151285,9.B.241,9.B.241,0.99999213,4583,False
PIR56717,9.B.243,9.B.243,0.9874336,4586,False
P37630,9.B.245,9.B.245,0.99998605,4588,False
Q18KM9,9.B.248,9.B.248,0.9999845,4590,False
WP_049954298,9.B.248,9.B.248,0.99998224,4595,False
WP_089376263,9.B.250,9.B.250,0.9999881,4598,True
WP_081449648,9.B.254,9.B.254,0.99920803,4604,False
F0ZPF9,9.B.26,9.B.26,0.99999166,4606,False
A2EH91,9.B.26,9.B.26,0.9993636,4611,False
WP_103344802,9.B.261,9.B.261,0.9999958,4613,False
WP_122628452,9.B.263,9.B.263,0.99998045,4618,False
PIE62953,9.B.263,9.B.263,0.99998784,4622,False
WP_017304407,9.B.265,9.B.265,0.9999962,4629,False
PIQ25652,9.B.265,8.B.32,0.064933166,4630,False
WP_102961726,9.B.273,9.B.273,0.9994356,4632,False
P37659,9.B.275,9.B.275,0.9999931,4633,False
G0QX98,9.B.276,9.B.276,0.9999821,4635,False
Q14118,9.B.277,9.B.277,0.99999905,4636,False
WP_067579642,9.B.286,9.B.286,0.99998975,4638,False
Q8N6M3,9.B.287,9.B.287,0.9999871,4642,False
RDE10902,9.B.296,9.B.296,0.999995,4648,False
P81329,9.B.297,9.B.297,0.9999882,4658,True
Q60336,9.B.297,9.B.297,0.99999607,4661,True
KAA0001724,9.B.297,9.B.297,0.9999963,4662,True
WP_332355618,9.B.297,9.B.297,0.9999939,4666,True
WP_048104312,9.B.299,9.B.299,0.999997,4668,False
KKK43087,9.B.300,9.B.300,0.99996674,4670,False
RJQ44302,9.B.301,9.B.301,0.99979895,4675,False
WP_015490561,9.B.302,9.B.302,0.9999896,4676,False
KKK43238,9.B.302,9.B.302,0.9999962,4677,False
YP_294138,9.B.309,9.B.309,0.99974793,4686,False
Q45064,9.B.31,9.B.31,0.99995875,4688,False
YP_001497468,9.B.310,9.B.310,0.99999833,4689,False
XP_016149115,9.B.314,9.B.314,0.9999838,4697,False
GBE61450,9.B.314,9.B.314,0.99389595,4700,False
Q68V05,9.B.315,9.B.315,0.999997,4703,False
OEH80241,9.B.315,9.B.315,0.9999964,4706,False
XP_007269378,9.B.316,9.B.316,0.99996567,4710,False
RJW66591,9.B.317,9.B.317,0.9999175,4716,False
RCN37802,9.B.317,9.B.317,0.9999906,4718,False
B8K566,9.B.32,9.B.32,0.9999807,4721,False
C7RSB7,9.B.32,9.B.32,0.9988758,4725,False
G0LIE5,9.B.323,9.B.323,0.99998915,4731,False
Q97YM6,9.B.323,9.B.323,0.9999963,4732,False
Q9EP95,9.B.329,9.B.329,0.99999166,4734,False
Q9BQ08,9.B.329,9.B.329,0.9999908,4735,False
ADC45923,9.B.33,9.B.33,0.9999931,4743,True
OPY34595,9.B.33,9.B.33,0.9999951,4744,True
WP_140455112,9.B.331,9.B.331,0.99999654,4749,False
RMG30132,9.B.333,9.B.333,0.9999707,4753,False
P76330,9.B.34,8.A.108,0.27144322,4758,True
WP_128121392,9.B.34,9.B.34,0.99999404,4761,True
OLS28508,9.B.349,9.B.349,0.9999968,4765,False
BAI61771,9.B.349,9.B.349,0.9999919,4768,False
Q9LVM5,9.B.35,1.E.25,0.07296049,4774,False
YP_009042119,9.B.350,9.B.350,0.9999459,4780,False
XP_002128085,9.B.360,9.B.360,0.999824,4782,False
XP_014667433,9.B.360,9.B.360,0.99995255,4785,False
XP_028519638,9.B.362,9.B.362,0.9976157,4790,False
RZC38043,9.B.362,9.B.362,0.9999782,4791,False
WP_004102457,9.B.363,9.B.363,0.999995,4798,False
XP_017423310,9.B.363,9.B.363,0.99999785,4799,False
Q9H0C3,9.B.366,9.B.366,0.999995,4802,False
OLP91653,9.B.366,9.B.366,0.99999785,4807,False
GAX93627,9.B.368,9.B.368,0.99999845,4812,False
XP_014528649,9.B.368,9.B.368,0.9997329,4815,False
Q8TAA9,9.B.369,9.B.369,0.9998896,4817,False
THD28296,9.B.369,9.B.369,0.99998116,4819,False
WP_037624212,9.B.370,9.B.370,0.9999926,4824,False
WP_129182729,9.B.370,9.B.370,0.9999925,4825,False
WP_104293812,9.B.370,9.B.370,0.99999535,4828,False
WP_137231904,9.B.371,9.B.371,0.9999875,4835,True
WP_221563781,9.B.371,9.B.371,0.99998045,4840,True
WP_144794409,9.B.371,9.B.371,0.99999404,4843,True
AIA62279,9.B.375,9.B.375,0.99998724,4849,False
NP_828859,9.B.376,9.B.376,0.99999356,4850,False
AWH65912,9.B.378,9.B.378,0.99994946,4855,False
AWH65880,9.B.379,9.B.379,0.999998,4857,False
A0E9B5,9.B.38,1.A.36,0.08767904,4863,False
WP_071608866,9.B.381,9.B.381,0.9999814,4865,False
OAT24401,9.B.381,9.B.381,0.99998987,4869,False
OIK28850,9.B.382,9.B.382,0.99999166,4871,False
WP_166610308,9.B.383,9.B.383,0.9999858,4874,False
XP_004337646,9.B.385,9.B.385,0.99998784,4878,False
HFE64014,9.B.386,9.B.386,0.9999889,4883,False
WP_075072024,9.B.386,9.B.386,0.99999523,4886,False
AOV16085,9.B.398,9.B.398,0.99999297,4891,False
NEV64173,9.B.398,9.B.398,0.9999927,4892,False
P0A8S5,9.B.4,9.B.4,0.99999,4893,False
Q9WW95,9.B.40,9.B.40,0.99999547,4895,False
WP_044639816,9.B.401,9.B.401,0.9999951,4898,False
WP_147664275,9.B.402,9.B.402,0.9999962,4902,False
WP_147664419,9.B.404,9.B.404,0.99997926,4905,False
WP_147664736,9.B.405,9.B.405,0.999926,4909,False
WP_162306615,9.B.408,9.B.408,0.9999981,4913,False
GAK50019,9.B.408,9.B.408,0.99999595,4920,False
XP_001611931,9.B.409,9.B.409,0.9999472,4922,False
XP_001611203,9.B.409,9.B.409,0.9999565,4927,False
Q16625,9.B.41,9.B.41,0.99997294,4929,True
I3JWG5,9.B.41,9.B.41,0.9999738,4930,True
Q6QP93,9.B.410,9.B.410,0.9999703,4939,False
APT40101,9.B.410,9.B.410,0.999992,4940,False
V9HVW9,9.B.411,9.B.411,0.999992,4945,False
Q4V9L6,9.B.413,9.B.413,0.99997425,4948,False
WP_021753393,9.B.415,9.B.415,0.9999703,4952,False
WP_085622568,9.B.415,9.B.415,0.9999993,4956,False
WP_157897187,9.B.418,9.B.418,0.9999958,4962,False
KAF4589549,9.B.418,9.B.418,0.99963343,4963,False
VDN16159,9.B.422,9.B.422,0.9999896,4968,False
XP_021346624,9.B.422,9.B.422,0.9999881,4973,False
XP_009021174,9.B.422,9.B.422,0.9999907,4974,False
P14679,9.B.423,9.B.423,0.9999801,4975,False
WP_012729106,9.B.429,9.B.429,0.9999974,4978,False
Q0EZ69,9.B.43,9.B.43,0.99994504,4985,False
WP_138319354,9.B.430,9.B.430,0.9999862,4986,False
WP_024707896,9.B.430,9.B.430,0.9999927,4989,False
KAF7387768,9.B.432,9.B.432,0.999995,4995,False
KPJ06551,9.B.432,9.B.432,0.96684563,4999,False
KAA8496383,9.B.433,9.B.433,0.9999968,5003,False
XP_017077840,9.B.433,9.B.433,0.9999932,5005,False
XP_021391155,9.B.434,9.B.434,0.9999963,5008,False
OLP90381,9.B.440,9.B.440,0.9999994,5014,False
XP_011131634,9.B.440,9.B.440,0.9999896,5016,False
MBS0605543,9.B.443,1.C.38,0.16948475,5020,False
WP_110324581,9.B.443,9.B.443,0.99999774,5023,False
Q46867,9.B.444,9.B.444,0.9999974,5026,False
XP_048367180,9.B.445,9.B.445,0.9999944,5034,False
AAR12991,9.B.445,9.B.445,0.9999907,5035,False
XP_049438914,9.B.445,9.B.445,0.99999,5036,False
Q96MH6,9.B.446,9.B.446,0.9999949,5043,False
WP_253878986,9.B.446,9.B.446,0.99997056,5045,False
Q9NRZ7,9.B.447,9.B.447,0.99999714,5050,False
P12691,9.B.450,9.B.450,0.9999938,5055,False
KAJ7992265,9.B.452,9.B.452,0.9999658,5060,False
XP_050344439,9.B.453,9.B.453,0.99999523,5064,False
NP_001097762,9.B.453,9.B.453,0.9999926,5065,False
KAH0723495,9.B.456,9.B.456,0.99999475,5074,False
KAI8063061,9.B.457,9.B.457,0.9999939,5079,False
XP_056038692,9.B.459,9.B.459,0.9999976,5085,False
Q8NVK5,9.B.46,9.B.46,0.99999416,5086,False
O82089,9.B.462,9.B.462,0.9999869,5090,True
F4LND9,9.B.50,9.B.50,0.99999404,5098,True
Q04NU6,9.B.50,9.B.50,0.9999567,5099,True
W7KYL9,9.B.51,9.B.51,0.9999875,5103,True
P40046,9.B.51,9.B.51,0.9999815,5107,True
L9ZK21,9.B.54,9.B.54,0.9999851,5112,True
B3S9N4,9.B.55,9.B.55,0.9999989,5120,False
OAJ10018,9.B.57,9.B.57,0.99999833,5125,True
Q8WVF1,9.B.68,9.B.68,0.99999285,5126,False
P75028,9.B.73,9.B.73,0.99775296,5128,False
P76555,9.B.75,9.B.75,0.9998853,5130,False
Q3C2E8,9.B.76,9.B.76,0.99996805,5133,False
Q5HYA8,9.B.77,9.B.77,0.99999046,5134,False
GBP68600,9.B.77,9.B.77,0.9999944,5136,False
O48670,9.B.82,9.B.82,0.9999809,5142,False
A4HCA2,9.B.82,9.B.82,0.9980165,5145,False
Q9RFR9,9.B.83,9.B.83,0.99999666,5146,False
Q5PR33,9.B.88,9.B.88,0.9999944,5148,False
Q93DY1,9.B.90,9.B.90,0.99996996,5150,False
WP_011390608,9.B.90,9.B.90,0.99999475,5155,False
A6ND01,9.B.92,9.B.92,0.9999875,5158,False
Q9BSG5,9.B.92,9.B.92,0.99998796,5161,False
Q8U0F6,9.B.98,9.B.98,0.9999908,5163,False
M0LLS9,9.B.98,9.B.98,0.9999982,5169,False
