Protein,True_Subfamily,Predicted_Subfamily,Confidence
AFH41240,1.A.102.1,1.A.102.1,0.9994936
WP_189658242,1.A.104.1,1.A.104.1,0.9999201
XP_022087427,1.A.105.1,1.A.105.1,0.9999851
C4LY15,1.A.106.1,1.A.106.1,0.5334257
Q54TU8,1.A.106.1,1.A.106.1,0.7905832
Q8ID84,1.A.106.1,1.A.106.1,0.72704506
D3RXV6,1.A.106.2,1.A.106.2,0.8951685
Q8WWM9,1.A.107.1,1.A.107.1,0.99939215
Q92915,1.A.108.1,1.A.108.1,0.9997991
P01584,1.A.109.1,1.A.109.1,0.99999714
A9JTM7,1.A.110.1,1.A.110.1,0.9992963
R4GK65,1.A.110.1,1.A.110.1,0.9990351
Q4U8M1,1.A.111.1,1.A.111.1,0.9998902
Q8IDG4,1.A.111.1,1.A.111.1,0.99989724
XP_007903208,1.A.114.1,1.A.114.1,0.9998319
H3CYV8,1.A.114.1,1.A.114.1,0.9998247
WP_062382148,1.A.115.1,9.B.297.3,0.058911525
Q91DM1,1.A.116.1,1.A.116.1,0.9998217
AGA19094,1.A.116.1,1.A.116.1,0.99958915
QII89021,1.A.117.1,1.A.117.1,0.06200061
Q9J3N8,1.A.117.1,1.A.117.1,0.2405654
PRW60447,1.A.119.1,1.A.119.1,0.9933182
RYG54403,1.A.119.1,1.A.119.1,0.9962469
XP_005851849,1.A.119.1,1.A.119.1,0.9979341
Q9Y696,1.A.12.1,1.A.12.1,0.71270216
O95833,1.A.12.1,1.A.12.1,0.69326043
Q8F2Y8,1.A.12.2,1.A.12.1,0.6707012
B7LBF5,1.A.12.3,1.A.12.3,0.5420281
KAF2073363,1.A.121.1,1.A.121.1,0.99961215
KNE65670,1.A.121.1,1.A.121.1,0.9996132
XP_005847969,1.A.126.1,1.A.126.1,0.999361
OLP87777,1.A.126.1,1.A.126.1,0.45061812
CAD7625038,1.A.126.1,1.A.126.1,0.99966156
Q3LZX6,1.A.127.1,1.A.127.1,0.998835
YP_009725255,1.A.128.1,1.A.128.1,0.9999963
P30405,1.A.129.1,1.A.129.1,0.9999999
XP_040533254,1.A.13.1,1.A.13.1,0.63454866
Q9UQC9,1.A.13.1,1.A.13.1,0.9984718
VIP05124,1.A.13.2,2.A.52.2,0.05872662
A9WIT9,1.A.13.3,1.A.13.3,0.99999845
B3QY78,1.A.13.4,8.A.18.2,0.8702112
KAI2464759,1.A.131.1,1.A.131.1,0.9999019
KKY14299,1.A.131.1,1.A.131.1,0.9995517
RCL04097,1.A.132.1,1.A.132.1,0.99999416
P31845,1.A.134.1,1.A.134.1,0.99973863
Q03105,1.A.137.1,1.A.137.1,0.9999554
XP_001687221,1.A.138.1,1.A.138.1,0.9173068
KAJ9467172,1.A.138.2,1.A.138.2,0.76258904
XP_025967337,1.A.139.1,1.A.139.1,0.99992526
CAC5415462,1.A.140.1,1.A.140.1,0.9987606
KNC21563,1.A.140.1,1.A.140.1,0.9994443
WP_159458826,1.A.141.1,1.A.141.1,0.7681045
WP_342171699,1.A.141.1,1.A.141.1,0.7654248
WP_248910494,1.A.141.2,1.A.141.1,0.7154247
NP_044070,1.A.143.1,1.A.143.1,0.9998996
YP_009448007,1.A.144.1,1.A.144.1,0.99994874
YP_784320,1.A.145.1,1.A.145.1,0.9998783
VVB63523,1.A.147.1,1.A.147.1,0.9997452
NVM01300,1.A.147.1,1.A.147.1,0.99950445
BBF24341,1.A.149.1,1.A.149.1,0.9999671
E1Z497,1.A.15.1,9.B.297.3,0.06264963
Q99442,1.A.15.1,1.A.15.1,0.9999924
M1V6H9,1.A.18.1,1.A.18.1,0.9999714
M9YRP5,1.A.19.1,1.A.19.1,0.9996673
YP_009165879,1.A.19.2,1.A.19.2,0.999977
XP_011598515,1.A.20.1,1.A.20.1,0.99257386
E5S402,1.A.20.2,1.A.20.1,0.97776574
XP_028455685,1.A.21.1,1.A.21.1,0.90008694
P41958,1.A.21.1,1.A.21.1,0.8226832
QSG71260,1.A.21.1,1.A.21.1,0.87156504
XP_032502729,1.A.21.2,1.A.21.2,0.9076218
R7QNM6,1.A.22.1,1.A.22.1,0.99925464
AUF82136,1.A.22.1,1.A.22.1,0.99846137
YP_003969926,1.A.22.1,1.A.22.1,0.9951604
A2C579,1.A.26.1,1.A.26.3,0.49737138
Q8EAE0,1.A.26.1,1.A.26.1,0.5133891
O44196,1.A.26.2,1.A.26.2,0.99326587
L9YYI5,1.A.26.3,1.A.26.3,0.5068772
Q93PJ3,1.A.29.1,1.A.29.1,0.99981767
Q814I5,1.A.29.1,1.A.29.1,0.99956924
A4JYY8,1.A.32.1,1.A.32.1,0.96737546
P11021,1.A.33.1,1.A.33.2,0.9246873
P36016,1.A.33.1,9.B.297.3,0.06104865
Q5YNG4,1.A.33.2,2.A.52.2,0.05957483
Q91892,1.A.36.1,1.A.36.1,0.937135
J0DPD5,1.A.36.2,1.A.36.2,0.9985677
XP_027868562,1.A.37.1,1.A.37.5,0.21684659
Q96PG2,1.A.37.2,1.A.37.2,0.23844932
XP_018964003,1.A.37.3,1.A.37.2,0.23733042
XP_031566461,1.A.37.4,1.A.37.6,0.50542116
E1BKV5,1.A.37.5,1.A.37.5,0.23058052
J9P7D8,1.A.37.6,1.A.37.6,0.3666605
A6NML5,1.A.37.7,1.A.37.7,0.9999033
C3ZEE2,1.A.37.8,1.A.37.6,0.3873882
A2XX57,1.A.38.1,1.A.38.2,0.8104204
E9AL43,1.A.38.2,1.A.38.2,0.8806762
Q7RQA4,1.A.38.3,1.A.38.3,0.9998016
I6T2J8,1.A.39.1,1.A.39.1,0.97946185
AJP61612,1.A.40.1,1.A.40.1,0.99747247
Q6Y8U3,1.A.40.2,1.A.40.2,0.9989379
Q69C27,1.A.41.1,1.A.41.1,0.94560665
PIN02799,1.A.41.2,1.A.41.2,0.9981464
R0EUA4,1.A.41.2,1.A.41.2,0.659275
ADO34202,1.A.42.1,1.A.42.1,0.9998271
Q7Y5E2,1.A.44.1,1.A.44.1,0.99999917
Q8NFU0,1.A.46.1,1.A.46.1,0.89736646
Q8N1M1,1.A.46.1,1.A.46.1,0.97753155
M2Y919,1.A.46.2,1.A.46.2,0.9959461
D8UGV3,1.A.46.2,1.A.46.2,0.9927154
GAQ79686,1.A.46.2,1.A.46.2,0.9963569
P54105,1.A.47.1,1.A.47.1,0.5892846
O13777,1.A.47.2,1.A.47.2,0.45439854
Q8IDZ0,1.A.47.3,1.A.47.3,0.9996722
Q9LVA7,1.A.47.4,1.A.47.1,0.42391938
Q9W5A5,1.A.48.1,1.A.48.1,0.9979792
KRX54150,1.A.48.1,1.A.48.1,0.9979232
KAF1786581,1.A.48.2,1.A.48.1,0.5318543
YP_009113027,1.A.49.1,1.A.49.1,0.99990976
Q93533,1.A.55.1,1.A.55.4,0.3196682
F2UA94,1.A.55.2,1.A.55.3,0.505975
Q5DFV8,1.A.55.3,1.A.55.3,0.61002326
D8LWX8,1.A.55.4,1.A.55.4,0.26196218
D8LKG3,1.A.55.5,1.A.55.5,0.2645921
Q54CR4,1.A.55.6,1.A.55.6,0.99904174
P0DTC3,1.A.57.1,1.A.57.1,0.9987923
AVM87627,1.A.58.1,1.A.58.1,0.99951625
R9RZY4,1.A.59.1,1.A.59.1,0.99912804
P12870,1.A.61.1,1.A.61.1,0.99998164
ATP66790,1.A.65.1,1.A.65.1,0.9992053
H9AA36,1.A.65.1,1.A.65.1,0.999318
P81861,1.A.66.1,1.A.66.1,0.999979
G4TKM5,1.A.67.1,1.A.67.1,0.46504214
KAI8073366,1.A.67.1,1.A.67.3,0.47156784
S9VKR5,1.A.67.2,1.A.67.2,0.96488804
XP_034420108,1.A.67.3,1.A.67.3,0.47345498
O36632,1.A.68.1,1.A.68.1,0.9996697
P80723,1.A.71.1,1.A.71.1,0.9965533
P17677,1.A.71.2,1.A.71.2,0.95603436
Q03709,1.A.73.1,1.A.73.1,0.99996614
Q9BVC6,1.A.74.1,1.A.74.3,0.53099734
Q8WY22,1.A.74.2,1.A.74.3,0.5115881
H3D9P2,1.A.74.3,1.A.74.3,0.5521369
P38224,1.A.81.1,1.A.81.2,0.2820573
Q59WR6,1.A.81.2,1.A.81.2,0.3058905
I3VPY1,1.A.81.3,1.A.81.2,0.31232885
TGO16390,1.A.81.4,1.A.81.1,0.27999476
Q7Z7J7,1.A.82.1,1.A.82.1,0.99911684
CAF0733683,1.A.82.1,1.A.82.1,0.9791519
CRH77963,1.A.86.1,1.A.86.1,0.9998579
I2K324,1.A.88.1,1.A.88.1,0.945349
G8YEP6,1.A.88.1,1.A.88.1,0.9997261
ANA96049,1.A.89.1,1.A.89.1,0.99997556
ADX59459,1.A.89.1,1.A.89.1,0.9997845
U5NGR3,1.A.93.1,1.A.93.1,0.99983156
E1AA99,1.A.93.2,1.A.93.2,0.9999647
UKG23804,1.A.94.1,1.A.94.1,0.9994406
L0N2B4,1.A.96.1,1.A.96.1,0.999912
B2BW34,1.A.99.1,1.A.99.1,0.99958247
P0A927,1.B.10.1,1.B.10.1,0.45109856
W3VB60,1.B.10.2,1.B.10.2,0.6808923
D5EHS6,1.B.10.2,1.B.10.2,0.42322102
H8JS16,1.B.10.3,1.B.10.3,0.47506055
E9Z1V5,1.B.13.1,1.B.13.1,0.46568933
Q0VSL2,1.B.13.1,1.B.13.1,0.70491385
I4B356,1.B.13.2,1.B.13.3,0.39305204
J4K5X9,1.B.13.3,1.B.13.3,0.47057107
A1T0X2,1.B.15.1,1.B.15.1,0.99974936
C1ADV7,1.B.16.1,1.B.5.1,0.3837855
D8PFV8,1.B.16.1,1.B.5.1,0.39566943
F8C3X3,1.B.16.1,1.B.16.1,0.45485014
D8PHW0,1.B.16.2,1.B.5.1,0.38664803
Q7UGJ0,1.B.16.2,1.B.5.1,0.40927225
WP_152053851,1.B.162.1,1.B.162.1,0.99921465
WP_160129378,1.B.162.1,1.B.162.1,0.9996326
M2YRU5,1.B.163.1,1.B.163.1,0.9970335
A0QP93,1.B.163.1,1.B.163.1,0.99972194
WP_231666935,1.B.165.1,1.B.165.1,0.9996201
I1SBC9,1.B.165.1,1.B.165.1,0.99904865
Q03961,1.B.18.1,1.B.18.3,0.5258278
P22236,1.B.18.2,1.B.18.2,0.75575465
P0A932,1.B.18.3,1.B.18.2,0.7614178
Q1CVQ0,1.B.18.3,1.B.18.3,0.6808732
C1F9P1,1.B.19.1,1.B.19.1,0.99957865
H8FL42,1.B.19.1,1.B.19.1,0.99922836
WP_024910978,1.B.21.1,1.B.21.2,0.5052375
EEW1721302,1.B.21.2,1.B.21.2,0.74257994
B8K3G3,1.B.21.3,1.B.21.2,0.45240575
Q0SBX7,1.B.24.1,1.B.24.1,0.99981254
Q0RYN1,1.B.24.1,1.B.24.1,0.99950695
K5RXM5,1.B.26.1,1.B.26.1,0.9954947
H2IWN4,1.B.26.2,1.B.26.2,0.9997763
Q8GDI6,1.B.27.1,1.B.27.1,0.9284473
Q9S3I7,1.B.27.1,1.B.27.1,0.93232065
A0PAQ8,1.B.27.1,1.B.27.1,0.92052203
R4Q7V2,1.B.27.2,1.B.27.1,0.86265534
Q0WMZ5,1.B.30.1,1.B.30.3,0.27225596
Q9LZH8,1.B.30.2,1.B.30.2,0.2806348
B8BRM2,1.B.30.3,1.B.30.2,0.2601223
K4D2B1,1.B.30.4,1.B.30.4,0.2457639
M2X828,1.B.30.5,1.B.30.5,0.26200205
B9D0I1,1.B.31.1,1.B.31.1,0.9994905
B9KFF7,1.B.31.1,1.B.31.1,0.99943775
SES17047,1.B.34.1,1.B.34.1,0.49697247
WP_123925997,1.B.34.1,1.B.34.1,0.64681906
AEX77393,1.B.34.2,1.B.34.1,0.59668005
SQI24628,1.B.34.3,1.B.34.3,0.34345442
SIQ09903,1.B.34.4,1.B.34.1,0.6326051
L0MIX9,1.B.35.1,1.B.35.1,0.45839402
A6TDJ4,1.B.35.1,1.B.35.1,0.48038232
KPL05111,1.B.35.2,1.B.35.2,0.6869912
M4U9K6,1.B.35.3,1.B.35.2,0.3429067
C9QGR6,1.B.35.4,1.B.35.1,0.33222395
F0RWP8,1.B.36.1,1.B.36.1,0.9999683
H2CJW4,1.B.37.1,1.B.37.2,0.88882685
D0LRV8,1.B.37.2,1.B.37.2,0.8431649
Q9A8E5,1.B.39.1,1.B.39.1,0.9997136
V1E4I3,1.B.39.1,1.B.39.1,0.9997247
B9M7K9,1.B.39.2,1.B.39.1,0.9987582
B0VUV8,1.B.39.3,1.B.39.3,0.99997544
Q8FQT0,1.B.41.1,1.B.41.1,0.99992836
C0XRQ2,1.B.41.1,1.B.41.1,0.99967253
Q6GZ99,1.B.49.1,1.B.49.1,0.99990034
Q8G8H4,1.B.49.1,1.B.49.1,0.99982315
Q2S4D9,1.B.5.1,1.B.5.2,0.31739476
G6XK71,1.B.5.1,1.B.5.1,0.40874273
F5SXN1,1.B.5.1,1.B.5.1,0.37527844
D3SLU1,1.B.5.2,1.B.5.1,0.39298767
D4U1N3,1.B.50.1,1.B.50.1,0.6072852
S0EUI6,1.B.50.2,1.B.50.1,0.5756337
Q44881,1.B.51.1,1.B.51.1,0.9999944
B8F2P1,1.B.52.1,1.B.52.1,0.9998392
A7ZLV9,1.B.53.1,1.B.53.1,0.99609715
D0LXF9,1.B.60.1,1.B.60.1,0.99931943
Q6MQH3,1.B.60.1,1.B.60.1,0.99368024
Q1DFS2,1.B.61.1,1.B.61.1,0.9999541
Q72DY0,1.B.61.1,1.B.61.1,0.99945873
Q07KZ2,1.B.62.1,1.B.62.1,0.99970526
A6DTR9,1.B.62.1,1.B.62.1,0.99955326
D2QNK6,1.B.63.1,1.B.63.1,0.99966776
B2RL31,1.B.63.1,1.B.63.1,0.9991166
F9EV82,1.B.65.1,1.B.65.1,0.9998704
I3DIB8,1.B.65.1,1.B.65.1,0.9998816
F6D908,1.B.68.1,1.B.68.1,0.99982905
A0BTG7,1.B.69.1,1.B.69.1,0.4733525
Q4PEM6,1.B.69.1,1.B.69.1,0.39416075
Q6GQ39,1.B.69.2,1.B.69.2,0.7467597
A4WXA3,1.B.7.1,1.B.7.1,0.99950624
Q5HB83,1.B.7.1,1.B.7.1,0.99986565
Q2K0Q0,1.B.70.1,1.B.70.1,0.9988558
Q9L7A9,1.B.70.1,1.B.70.1,0.9987452
Q44665,1.B.70.1,1.B.70.1,0.9987626
L0G408,1.B.73.1,1.B.73.1,0.72336
E4T302,1.B.73.2,1.B.73.2,0.5499389
C6XPW9,1.B.75.1,1.B.75.1,0.90898895
Q1CZE8,1.B.75.1,1.B.75.1,0.75284845
F8CR23,1.B.75.2,1.B.75.1,0.87324065
Q7VAD5,1.B.75.3,1.B.75.1,0.7788337
Q4KCN5,1.B.76.1,1.B.76.1,0.99984956
P36649,1.B.76.1,1.B.76.1,0.92081356
R7QJ14,1.B.77.1,1.B.77.2,0.57230276
F4H7F7,1.B.77.1,1.B.77.2,0.9514392
W7TBY2,1.B.77.2,1.B.77.2,0.99797803
A5G7L3,1.B.78.1,1.B.78.1,0.9998499
L1L857,1.B.79.1,1.B.79.1,0.9817136
F2IHT4,1.B.81.1,1.B.81.1,0.7904456
WP_020562207,1.B.81.1,1.B.81.1,0.7731868
W0A8H9,1.B.81.1,1.B.81.1,0.78044045
F8GDI1,1.B.81.1,1.B.81.1,0.7845707
WP_054039809,1.B.81.2,1.B.81.1,0.84984064
A5C9I8,1.B.82.1,1.B.82.1,0.99840003
OGR70538,1.B.84.1,1.B.84.1,0.9995828
NLW31479,1.B.84.1,1.B.84.1,0.9946548
S2XLX4,1.B.85.1,1.B.85.1,0.99988174
WP_094626014,1.B.85.1,1.B.85.1,0.9999263
CBA75730,1.B.92.1,1.B.92.1,0.54300284
WP_132308094,1.B.92.1,1.B.92.1,0.55052334
WP_101656401,1.B.92.2,1.B.92.1,0.51194614
WP_052632100,1.B.95.1,1.B.95.1,0.5158733
Q63IQ6,1.B.95.2,1.B.95.5,0.596924
WP_104228733,1.B.95.3,1.B.95.1,0.41810504
NBO10119,1.B.95.3,1.B.95.1,0.38681233
WP_068467660,1.B.95.4,1.B.95.1,0.46155953
WP_105313043,1.B.95.5,1.B.95.5,0.55257106
T0PS78,1.C.10.1,1.C.10.1,0.8472576
XP_008608581,1.C.10.2,1.C.10.2,0.8872348
B3MQ48,1.C.10.3,1.C.10.1,0.7671225
EKF9241902,1.C.100.1,1.C.100.1,0.98172826
AZY88389,1.C.101.1,1.C.101.1,0.99961793
C6SS71,1.C.102.1,1.C.26.1,0.7947766
POR31694,1.C.104.1,1.C.104.1,0.54773384
XP_016642337,1.C.104.1,1.C.104.2,0.505788
XP_008081830,1.C.104.2,1.C.104.2,0.511263
XP_007925356,1.C.104.3,1.C.104.1,0.77318937
O06497,1.C.106.1,1.C.106.4,0.5457181
Q9I788,1.C.106.4,1.C.106.1,0.9726642
P81605,1.C.108.1,1.C.108.1,0.94265336
XP_014317300,1.C.108.2,1.C.108.2,0.6970401
Q6UXR3,1.C.108.3,1.C.108.2,0.62596774
J8IXD8,1.C.109.1,1.C.109.1,0.9998983
C7BYV0,1.C.109.1,1.C.109.1,0.99959344
A1YKW7,1.C.11.1,1.C.11.1,0.9991837
AEH33294,1.C.11.1,1.C.11.1,0.9994357
G3WS63,1.C.110.1,1.C.110.1,0.9999995
Q9H2X3,1.C.111.1,1.C.111.1,0.99787927
Q5QGZ9,1.C.111.1,1.C.111.1,0.9992499
P05451,1.C.111.1,1.C.111.1,0.9982962
Q07108,1.C.111.1,1.C.111.1,0.9991541
P67153,1.C.113.1,9.B.297.3,0.061276924
Q86V24,1.C.113.1,1.C.113.1,0.9938319
Q8TEZ7,1.C.113.1,1.C.113.1,0.97484696
Q8IY49,1.C.113.2,1.C.113.1,0.57895094
Q7YZB4,1.C.114.1,1.C.114.1,0.9999229
K4PXJ9,1.C.115.1,1.C.115.1,0.99994683
P45884,1.C.115.1,1.C.115.1,0.99992156
E9EKK1,1.C.119.1,1.C.119.1,0.99958843
M5N9T8,1.C.119.1,1.C.119.1,0.9994165
P04347,1.C.121.1,9.B.160.1,0.022886533
Q56CZ9,1.C.122.1,1.C.122.1,0.997866
P82427,1.C.124.1,1.C.124.1,0.9991598
AEX09222,1.C.124.1,1.C.124.1,0.9975757
AHN67314,1.C.126.1,1.C.126.1,0.99948514
AAA32327,1.C.129.1,1.C.129.1,0.9999479
B7PSG2,1.C.13.1,1.C.13.1,0.99992347
J9HUA3,1.C.13.1,1.C.13.1,0.9998272
WP_072053873,1.C.130.1,1.C.130.1,0.9999696
XP_039042682,1.C.132.1,1.C.132.1,0.99961877
WP_168566867,1.C.132.1,1.C.132.1,0.99921536
WP_241450605,1.C.136.1,1.C.136.1,0.9996257
Q1ELT9,1.C.138.1,1.C.138.1,0.9894768
Q1ELU4,1.C.138.2,1.C.138.2,0.9176585
WP_047703972,1.C.14.1,1.C.14.1,0.9996117
D1J6Q5,1.C.14.1,1.C.14.1,0.99994075
CAC42164,1.C.18.1,1.C.18.1,0.99984145
P82270,1.C.19.1,1.C.19.1,0.89637655
Q6EZF9,1.C.19.1,1.C.19.1,0.99986315
AWG87247,1.C.2.1,1.C.2.3,0.79135436
WP_132821133,1.C.2.1,1.C.2.1,0.48711106
KAB2896819,1.C.2.1,1.C.2.1,0.4711868
Q9ZIU5,1.C.2.2,1.C.2.1,0.46198195
P56955,1.C.2.3,1.C.2.1,0.4572164
P08136,1.C.20.1,1.C.20.1,0.98673767
O68586,1.C.20.1,1.C.20.1,0.9938771
WWQ01948,1.C.20.2,1.C.20.1,0.949208
P84962,1.C.24.1,1.C.24.1,0.9959785
P83002,1.C.24.1,1.C.24.1,0.9925552
Q6TGQ7,1.C.24.1,1.C.24.1,0.9986016
WP_080375718,1.C.24.1,1.C.24.1,0.9991086
WP_098856434,1.C.26.1,1.C.26.1,0.7078461
Q83TS1,1.C.31.1,1.C.31.1,0.9974821
A7GJP5,1.C.31.2,1.C.31.2,0.99974185
P49913,1.C.33.1,1.C.33.1,0.999212
P54228,1.C.33.1,1.C.33.1,0.9993666
ASN73764,1.C.33.1,1.C.33.1,0.9990656
WP_121688872,1.C.37.1,1.C.37.1,0.99966395
WP_142504358,1.C.37.1,1.C.37.1,0.99943584
CRH85725,1.C.37.1,1.C.37.1,0.999185
XP_010767831,1.C.38.1,1.C.38.1,0.99953365
Q5UCA8,1.C.38.1,1.C.38.1,0.998415
P07845,1.C.38.1,1.C.38.1,0.9984493
P0DQV7,1.C.38.1,1.C.38.1,0.999724
C0RWX4,1.C.40.1,1.C.40.1,0.9982463
P11597,1.C.40.1,1.C.40.1,0.9995851
B5ABT1,1.C.40.2,1.C.40.2,0.9999989
B2LWZ1,1.C.42.1,1.C.42.1,0.32384336
O06498,1.C.42.1,1.C.42.1,0.99994016
P08943,1.C.44.1,1.C.44.1,0.9881242
Q9PW56,1.C.46.1,1.C.46.1,0.6900213
P01160,1.C.46.2,1.C.46.1,0.72121334
B7PQR1,1.C.47.1,1.C.47.1,0.5242776
I1T3C7,1.C.47.1,1.C.47.1,0.5424092
C3Z4F2,1.C.47.1,1.C.47.1,0.5087531
Q53I06,1.C.47.2,1.C.47.2,0.6353702
F6LCB3,1.C.47.3,1.C.47.2,0.99995506
Q07A30,1.C.47.4,1.C.47.1,0.4807693
Q9UKY0,1.C.48.1,1.C.48.1,0.9997305
P06881,1.C.49.1,1.C.49.1,0.9677439
NFF70739,1.C.5.1,1.C.5.1,0.33300978
R7ZEE7,1.C.5.2,1.C.5.2,0.36886567
Q45728,1.C.5.3,1.C.5.2,0.35954967
T2MFP9,1.C.50.1,1.C.50.1,0.9999795
Q07932,1.C.51.1,1.C.51.1,1.0
P69178,1.C.54.1,1.C.54.1,0.9999969
P0A3W8,1.C.55.1,1.C.55.1,0.9999994
F2JTE2,1.C.56.1,1.C.56.1,0.9993467
WP_089964624,1.C.61.1,1.C.61.1,0.99993944
L0CMD2,1.C.62.1,1.C.62.1,0.9998275
XP_015918646,1.C.63.1,1.C.63.1,0.9999888
Q6BF25,1.C.64.1,1.C.64.1,0.9997236
MBA8650993,1.C.64.1,1.C.64.1,0.9989411
WP_141754689,1.C.64.1,1.C.64.1,0.9989116
Q5Y4S2,1.C.65.1,1.C.65.1,0.999688
Q9L6W3,1.C.65.2,1.C.65.2,0.99997663
P33432,1.C.66.1,1.C.66.1,0.999998
C4M9N5,1.C.67.1,1.C.67.1,0.9999523
P83250,1.C.68.1,1.C.68.1,0.9999366
WP_030364034,1.C.7.1,1.C.7.1,0.99441564
KID84774,1.C.7.2,1.C.7.1,0.9933431
WP_062552397,1.C.70.1,1.C.70.1,0.9990336
A5N971,1.C.71.1,1.C.71.1,0.995806
S8E3M3,1.C.71.2,1.C.71.2,0.9965718
P01382,1.C.74.1,1.C.74.1,0.64190644
Q8QGR0,1.C.74.1,1.C.74.1,0.73210037
B1Z6U1,1.C.75.1,1.C.75.1,0.98753744
AKC96038,1.C.75.1,1.C.75.1,0.99967015
O76070,1.C.77.1,1.C.77.1,0.9999031
A7IZR5,1.C.78.1,1.C.78.1,0.35612577
P46081,1.C.8.1,1.C.8.1,0.9998815
B7LAC5,1.C.80.1,1.C.80.1,0.9998342
NP_001011705,1.C.81.1,1.C.81.1,0.6966015
Q9NS71,1.C.81.1,1.C.81.1,0.5591295
Q9NQX7,1.C.81.2,1.C.81.2,0.58613014
WP_078474522,1.C.82.1,1.C.82.1,0.9999484
Q9ZGP5,1.C.83.1,1.C.83.1,0.9720795
F9P995,1.C.84.1,1.C.84.1,0.9998665
Q13519,1.C.89.1,1.C.89.1,0.99995506
WP_013023010,1.C.9.1,1.C.9.1,0.99987805
A5H1G9,1.C.90.1,1.C.90.3,0.74294037
A0RKJ6,1.C.90.2,1.C.90.3,0.7133211
A5MY21,1.C.90.3,1.C.90.3,0.88729066
P04080,1.C.91.1,1.C.91.1,0.99999976
Q15818,1.C.92.1,1.C.92.1,0.9999738
A4UVR2,1.C.93.1,1.C.93.1,0.99999714
WP_084614884,1.C.95.1,1.C.95.1,0.9999447
WP_006059095,1.C.95.1,1.C.95.1,0.99908614
WP_018802519,1.C.95.1,1.C.95.1,0.9990332
NP_849177,1.C.99.1,1.C.99.1,0.92283386
QCX35176,1.C.99.2,1.C.99.2,0.90965605
XP_004616922,1.D.118.1,1.D.118.1,0.9996985
XP_045930465,1.D.194.1,1.D.194.1,0.9998838
PKK88897,1.D.24.1,1.D.24.1,0.9969047
NIM52277,1.D.24.1,1.D.24.1,0.99954706
KUH88733,1.D.24.2,1.D.24.2,0.99998534
TKY80222,1.E.1.1,1.E.1.1,0.9998017
ECY3018204,1.E.1.1,1.E.1.1,0.9993716
Q37895,1.E.10.1,1.E.10.1,0.84090984
B1YMD9,1.E.14.1,1.E.14.1,0.9985241
I6T8M5,1.E.14.1,1.E.14.1,0.997686
P39591,1.E.14.1,1.E.14.1,0.9981128
P94515,1.E.14.1,1.E.14.1,0.99727005
D3S646,1.E.14.2,1.E.14.2,0.97950006
F9LWA6,1.E.16.1,1.E.16.1,0.97896975
Q44946,1.E.17.1,1.E.17.1,0.99628276
B8F2U3,1.E.17.1,1.E.17.1,0.9964799
WP_080684304,1.E.17.2,1.E.17.1,0.9957151
M9MU75,1.E.18.1,1.E.18.1,0.9984921
ERG63474,1.E.18.1,1.E.18.1,0.9973224
WP_298535700,1.E.18.1,1.E.18.1,0.99812204
PIN93264,1.E.20.1,1.E.20.1,0.99789536
EJG08371,1.E.20.1,1.E.20.1,0.9995895
K9A5I7,1.E.21.1,1.E.21.2,0.81055737
B1S807,1.E.21.2,1.E.21.2,0.64171064
U1YCE7,1.E.23.1,1.E.23.1,0.63949364
WP_068445074,1.E.23.2,1.E.23.2,0.98653865
A7A6X9,1.E.24.1,1.E.24.2,0.4966043
E7MNX8,1.E.24.2,1.E.24.1,0.60760045
G1WGA3,1.E.24.3,1.E.24.3,0.99999106
C1D824,1.E.25.1,1.E.25.2,0.8580799
WP_083008638,1.E.25.1,1.E.25.2,0.6772001
RYC38893,1.E.25.2,1.E.25.2,0.6998994
ALA46464,1.E.25.2,1.E.25.2,0.7380373
C3GBU6,1.E.27.1,1.E.27.1,0.9996884
CRG98304,1.E.27.1,1.E.27.1,0.9990614
RYS64810,1.E.29.1,1.E.29.1,0.5203296
F9DMS4,1.E.29.2,1.E.29.1,0.66427624
QOQ37200,1.E.29.2,1.E.29.2,0.8439009
WP_116059751,1.E.29.3,1.E.29.3,0.9997875
D5CT34,1.E.33.1,1.E.33.1,0.9933221
G4FVE2,1.E.33.1,1.E.33.1,0.9996325
R4JJW4,1.E.4.1,1.E.4.1,0.9999628
ESK64892,1.E.42.1,1.E.42.1,0.99852437
QDX55601,1.E.42.1,1.E.42.1,0.9994529
WP_081276159,1.E.44.1,1.E.44.1,0.99999297
W7Wfe7,1.E.50.1,1.E.50.1,0.999879
D4L5L5,1.E.52.1,1.E.52.1,0.9953941
C4FBP7,1.E.52.2,1.E.52.2,0.9999975
B8JFG0,1.E.52.3,1.E.52.3,0.558439
K4WL31,1.E.53.1,1.E.53.1,0.9227904
E7J6N6,1.E.53.1,1.E.53.1,0.99782974
P13970,1.E.53.1,1.E.53.1,0.99828184
E9U5S4,1.E.53.2,1.E.53.2,0.9847474
M4K1R4,1.E.56.1,1.E.56.1,0.9998022
B0VUM9,1.E.56.1,1.E.56.1,0.99958974
K4PA82,1.E.56.1,1.E.56.1,0.9987708
Q859D9,1.E.6.1,1.E.6.1,0.63124806
KOQ79687,1.E.6.2,1.E.6.3,0.5929067
YP_009798665,1.E.6.2,1.E.6.1,0.6352568
C1D8E7,1.E.6.3,1.E.6.3,0.4894597
WLJ89320,1.E.6.3,1.E.6.1,0.34006357
WP_080520514,1.E.61.1,1.E.61.1,0.99996674
WP_006300053,1.E.62.1,1.E.62.1,0.99921
WP_072024012,1.E.62.1,1.E.62.1,0.99954706
WP_033100758,1.E.65.1,1.E.65.1,0.99985015
WP_221178964,1.E.65.1,1.E.65.1,0.9999356
WP_077419983,1.E.7.1,1.E.7.1,0.51896137
WP_097540830,1.E.7.2,1.E.7.1,0.5943901
WP_055414402,1.E.7.2,1.E.7.1,0.7298896
MDI6753459,1.E.71.1,1.E.71.1,0.9993938
K7NTM2,1.E.8.1,1.E.8.1,0.999926
AZU98589,1.E.8.1,1.E.8.1,0.9999201
C1A5F4,1.E.9.1,1.E.9.1,0.99952567
Q8KCM5,1.E.9.1,1.E.9.1,0.9993783
B3QMN8,1.E.9.1,1.E.9.1,0.99935275
AMQ26458,1.G.1.1,1.G.1.1,0.9998746
AFV53227,1.G.1.1,1.G.1.1,0.9998746
P03397,1.G.12.1,1.G.12.1,0.99996424
Q1PDC7,1.G.12.2,1.G.12.2,0.99978226
AVM87398,1.G.14.1,1.G.14.1,0.9999199
P28977,1.G.15.1,1.G.15.1,0.999851
P04578,1.G.16.1,1.G.16.1,0.99974686
YP_009724390,1.G.18.1,1.G.18.1,0.99980754
YP_007188579,1.G.18.1,1.G.18.1,0.9998412
O92765,1.G.2.1,1.G.2.1,0.99938416
Q9IH63,1.G.2.1,1.G.2.1,0.9996854
WP_150375648,1.G.2.2,1.G.2.2,0.9999757
P09612,1.G.20.1,1.G.20.1,0.96259487
B8PWH4,1.G.20.2,1.G.20.1,0.7101981
O36400,1.G.21.1,1.G.21.1,0.99968016
AFJ15605,1.G.4.1,1.G.4.1,0.9998872
G0LWX4,1.G.4.1,1.G.4.1,0.57165784
U5YDR4,1.G.5.1,1.G.5.1,0.999961
A7XED7,1.G.6.1,1.G.6.1,0.9999907
YP_002929490,1.G.8.1,1.G.8.1,0.99970067
NP_775596,1.G.9.1,1.G.9.1,0.57349735
Q7ZFT7,1.G.9.2,1.G.9.2,0.7463307
M4HM10,1.G.9.2,1.G.9.2,0.7455492
YP_010771824,1.J.1.1,1.J.1.1,0.999757
Q2LM93,1.K.3.1,1.K.3.1,0.999783
U3IYW3,1.L.1.1,1.L.1.1,0.9999968
WP_250671306,1.M.7.1,1.M.7.1,0.99968076
WP_200664041,1.M.7.1,1.M.7.1,0.9996742
A4GRC6,1.N.3.1,1.N.3.1,0.9993166
Q4YCF6,1.N.3.1,1.N.3.1,0.9983613
E5S3P2,1.N.4.1,1.N.4.1,0.99993265
Q99287,1.N.5.1,1.N.5.1,0.9940117
Q6DD88,1.N.5.1,1.N.5.1,0.9995196
O00291,1.N.7.1,1.N.7.1,1.0
A1Z713,1.R.2.1,1.R.2.1,0.9996026
Q96RL7,1.R.2.1,1.R.2.1,0.9996629
WP_094276346,1.S.1.1,1.S.1.1,0.99942976
6NER_A,1.S.1.1,1.S.1.1,0.9860247
MBT6724251,1.S.1.1,1.S.1.1,0.99999094
Q8U2E0,1.S.11.1,1.S.11.1,0.9998307
3IO0_A,1.S.2.1,1.S.2.1,0.99953365
WP_063040943,1.S.2.2,1.S.2.2,0.99993896
AAD39019,1.S.2.3,1.S.2.3,0.999998
GCA95139,1.S.3.1,1.S.3.1,0.999995
4OLP_A,1.S.4.1,1.S.4.1,0.9999994
P41792,1.S.5.1,1.S.5.1,0.99908674
D0LZ73,1.S.7.1,1.S.7.1,0.99972886
V5SGX5,1.S.8.1,1.S.8.1,0.99981207
WP_039622912,1.W.1.1,1.W.1.1,0.9995819
WP_073187488,1.W.1.1,1.W.1.1,0.9993851
WP_115732651,1.W.10.1,1.W.10.1,0.85726345
PNX53637,1.W.10.2,1.W.10.3,0.87759703
AXP07702,1.W.10.3,1.W.10.3,0.99994195
KQC09679,1.W.3.1,1.W.3.2,0.9549058
WP_037616440,1.W.3.1,1.W.3.1,0.95210224
RLG54911,1.W.3.2,1.W.3.2,0.7319864
WP_155320278,1.W.3.2,1.W.3.1,0.9539439
WP_140461085,1.W.4.1,1.W.4.1,0.99948406
Q76RH0,1.W.4.1,1.W.4.1,0.99963784
MAG24778,1.W.5.1,1.W.5.1,0.9990212
WP_077072253,1.W.5.1,9.B.297.3,0.06330398
RLG01344,1.W.8.1,1.W.8.1,0.9999584
TXH14527,1.W.8.1,1.W.8.1,0.99985754
A7XXR3,1.W.9.1,1.W.9.1,0.7219283
WP_053235977,1.W.9.1,1.W.9.1,0.8210845
WP_025803616,1.W.9.1,1.W.9.1,0.6552932
RXG66789,1.W.9.1,1.W.9.1,0.5267749
HBY62778,1.W.9.2,1.W.9.2,0.9165823
AXH46464,1.W.9.3,1.W.9.1,0.5022707
HAM56808,1.W.9.4,1.W.9.4,0.9998927
F5X5Y2,2.A.10.1,2.A.10.1,0.9978961
S4H275,2.A.10.1,2.A.10.1,0.99997735
RQM11249,2.A.100.1,2.A.100.1,0.96359134
Q9I9R3,2.A.100.1,2.A.100.1,0.79480296
XP_012758493,2.A.100.2,2.A.100.1,0.9714172
C6B3K0,2.A.101.1,2.A.101.1,0.99998283
WP_076734059,2.A.103.1,9.B.297.3,0.061115842
WP_082139284,2.A.103.1,2.A.103.1,0.9996387
WP_071389592,2.A.103.1,2.A.103.1,0.9998752
G4R961,2.A.104.1,2.A.104.1,0.9953597
H5SVY7,2.A.104.2,2.A.104.2,0.9824981
KKP64473,2.A.104.3,2.A.104.1,0.74844027
WP_089030044,2.A.107.1,2.A.107.1,0.7970737
E4RIT5,2.A.107.2,2.A.107.2,0.99973184
L8Q2C2,2.A.107.3,2.A.107.3,0.8780368
I1HMH4,2.A.109.1,2.A.109.1,0.81327665
P42601,2.A.109.1,2.A.109.1,0.59321666
L5DDD7,2.A.109.2,2.A.109.1,0.8243157
L7KNF9,2.A.109.3,2.A.109.3,0.99961036
O05407,2.A.11.1,2.A.11.1,0.93735445
A4QA05,2.A.11.1,2.A.11.1,0.8364871
D7AXM6,2.A.11.2,2.A.11.1,0.93688357
Q4QSA9,2.A.111.1,2.A.111.1,0.99967515
Q821X2,2.A.111.2,2.A.111.1,0.9994324
K2REU1,2.A.116.1,2.A.116.1,0.6330728
K6W6C5,2.A.116.1,2.A.116.1,0.83148265
Q7TUV9,2.A.116.2,2.A.116.1,0.7566689
B8I848,2.A.116.3,2.A.116.2,0.5359844
A3QJL3,2.A.117.1,2.A.117.1,0.56071013
A0B354,2.A.117.1,2.A.117.2,0.59172225
Q87QJ4,2.A.117.1,2.A.117.2,0.6099679
MBK8180943,2.A.117.2,2.A.117.2,0.6295661
WP_203595623,2.A.117.3,2.A.117.3,0.9999789
Q38YQ0,2.A.118.1,2.A.118.1,0.99949396
P39263,2.A.118.1,2.A.118.1,0.9992812
WP_069955515,2.A.119.1,2.A.119.1,0.99350435
Q8EJL9,2.A.119.1,2.A.119.3,0.5941616
WP_048118532,2.A.119.2,2.A.119.3,0.5502919
WP_092498738,2.A.119.3,2.A.119.2,0.4971793
OIO63212,2.A.119.3,2.A.119.2,0.49269006
J6H8T7,2.A.120.1,2.A.120.1,0.999398
A8MA30,2.A.120.1,2.A.120.1,0.99930537
ARG45194,2.A.120.1,2.A.120.1,0.9990332
P42102,2.A.122.1,2.A.122.1,0.96829706
WP_159220376,2.A.122.1,2.A.122.1,0.96708125
B8CB30,2.A.122.2,2.A.122.2,0.9964709
B5YN56,2.A.122.2,2.A.52.2,0.061675027
KKP01475,2.A.122.3,2.A.122.3,0.9999697
C3MTK1,2.A.124.1,2.A.124.1,0.9996049
X2JQJ2,2.A.124.1,2.A.124.1,0.9996263
D2VY17,2.A.125.1,2.A.125.1,0.9995765
OQJ72346,2.A.129.1,2.A.129.1,0.81956345
WP_074970406,2.A.129.1,2.A.129.1,0.8532409
WP_027108241,2.A.129.1,2.A.129.2,0.6403453
WP_086951747,2.A.129.2,2.A.129.1,0.749457
Q0PC49,2.A.13.1,2.A.13.1,0.9990945
Q0PAK3,2.A.13.1,2.A.52.2,0.059581947
K0P0B6,2.A.13.2,2.A.13.2,0.99997866
RKY32654,2.A.131.1,2.A.131.1,0.99893445
RZN41577,2.A.131.1,2.A.131.1,0.99940515
P42401,2.A.133.1,2.A.133.2,0.6559697
B4AEM5,2.A.133.1,2.A.133.2,0.5771433
K2JND9,2.A.133.1,2.A.133.2,0.9946301
WP_022597737,2.A.133.2,2.A.133.2,0.59957623
Q8TUV1,2.A.14.1,2.A.14.1,0.999933
AOY58527,2.A.14.2,2.A.14.1,0.99573755
Q6IUV3,2.A.15.1,2.A.15.1,0.99794894
AIU86122,2.A.15.1,2.A.15.1,0.9981542
AJH13638,2.A.15.1,2.A.15.1,0.99895334
B7L6S9,2.A.15.2,2.A.15.1,0.99817526
P44741,2.A.16.1,2.A.16.4,0.63442034
I7ZSL4,2.A.16.2,2.A.16.2,0.9998766
T2I8Z9,2.A.16.3,2.A.16.4,0.6116416
Q4J820,2.A.16.4,9.B.297.3,0.06258111
Q9KY69,2.A.16.4,9.B.297.3,0.06247456
Q9FLV9,2.A.16.5,2.A.16.5,0.99947876
WP_057757662,2.A.16.6,2.A.16.6,0.99176896
P0A2F9,2.A.24.1,2.A.24.2,0.7075083
Q8VS41,2.A.24.2,2.A.24.2,0.83487296
Q48769,2.A.24.3,2.A.24.3,0.99992204
W0WFC6,2.A.25.1,2.A.25.1,0.9994011
P30143,2.A.25.1,2.A.25.1,0.9992378
F2HK99,2.A.26.1,2.A.26.1,0.9996081
P0AD99,2.A.26.1,2.A.26.1,0.9997136
K0J2V5,2.A.27.1,2.A.27.1,0.9640434
M1QJN9,2.A.27.2,2.A.27.1,0.99179876
Q9S1X8,2.A.33.1,2.A.33.1,0.99966395
XP_003075324,2.A.33.1,2.A.33.1,0.999814
Q9I2S5,2.A.34.1,2.A.34.1,0.99993587
Q8A897,2.A.35.1,2.A.35.1,0.5980122
T1YBZ7,2.A.35.1,2.A.35.1,0.5557333
Q838P8,2.A.35.2,2.A.35.2,0.81638134
P42312,2.A.41.1,2.A.41.1,0.8246742
Q9KPL5,2.A.41.2,2.A.41.1,0.8111911
A1Z7N3,2.A.41.2,2.A.41.2,0.99034905
O00337,2.A.41.2,2.A.41.2,0.98448294
F0LJG4,2.A.42.1,2.A.42.1,0.8235104
AKM78056,2.A.42.1,2.A.42.1,0.98171705
P63340,2.A.42.2,2.A.42.1,0.8274789
WP_078436298,2.A.45.1,2.A.45.1,0.5090355
XP_015614851,2.A.45.2,2.A.45.2,0.7701248
UYL04267,2.A.45.2,2.A.45.2,0.676587
A1SPN6,2.A.45.3,2.A.45.2,0.6744121
P76103,2.A.46.1,2.A.46.1,0.9989322
Q88I34,2.A.46.1,9.B.297.3,0.06367632
7TAK_A,2.A.46.1,2.A.46.1,0.9975018
A8BIM9,2.A.48.1,2.A.48.1,0.99965227
O45166,2.A.48.1,2.A.48.1,0.99909806
Q7S3L8,2.A.52.1,2.A.52.1,0.8206029
R1EDF9,2.A.52.1,2.A.52.2,0.755557
C7PI41,2.A.52.2,9.B.297.3,0.06662009
Q7NN80,2.A.52.2,9.B.297.3,0.06370236
SFO07861,2.A.58.1,2.A.58.2,0.93020105
R4VUJ8,2.A.58.1,2.A.58.1,0.67217404
Q0W3W9,2.A.58.2,2.A.58.2,0.7073709
RLG13389,2.A.58.2,2.A.58.2,0.60039335
A5KHL1,2.A.61.1,9.B.297.3,0.06179433
C0QDE6,2.A.61.2,2.A.61.2,0.9999635
A5F120,2.A.62.1,2.A.62.1,0.99955636
WP_020086767,2.A.62.1,2.A.62.1,0.9995147
Q183S2,2.A.68.1,2.A.68.1,0.99827147
A8WCI8,2.A.71.1,2.A.71.1,0.95664394
V5B8W0,2.A.71.1,2.A.71.1,0.95495987
Q9XIQ7,2.A.71.2,2.A.71.1,0.93665457
Q8IBB7,2.A.71.2,2.A.71.2,0.9972752
Q9CHU5,2.A.72.1,2.A.72.1,0.9999691
Q0G848,2.A.72.2,2.A.72.3,0.5666815
Q9FE38,2.A.72.3,2.A.72.3,0.97903603
Q19A13,2.A.72.3,2.A.72.3,0.9907816
O49423,2.A.72.3,2.A.72.3,0.99696594
F8D4C5,2.A.73.1,2.A.73.1,0.9998331
M7BP63,2.A.74.1,2.A.74.2,0.9463855
XP_015987553,2.A.74.1,2.A.74.2,0.6491895
C3XYE5,2.A.74.2,2.A.74.1,0.96544594
E2B9N7,2.A.74.2,2.A.74.2,0.9268225
B5U2Z3,2.A.75.1,2.A.75.1,0.9999838
D5FKJ1,2.A.76.1,2.A.76.1,0.793368
AKM77924,2.A.76.1,2.A.76.1,0.99393314
KKK40645,2.A.76.1,2.A.76.3,0.99652356
V9RYY0,2.A.76.2,2.A.76.1,0.8439914
A3U6A7,2.A.76.3,2.A.76.3,0.99996686
Q3IPU1,2.A.77.1,2.A.77.1,0.99893457
Q8RFA1,2.A.8.1,2.A.8.1,0.9992244
Q81E21,2.A.8.1,2.A.8.1,0.99952555
H7C6B2,2.A.8.1,2.A.8.1,0.99969864
B7L824,2.A.81.1,2.A.81.2,0.75681686
Q845W9,2.A.81.1,2.A.81.1,0.73066646
A6LP55,2.A.81.2,2.A.81.2,0.6885931
P73953,2.A.83.1,2.A.83.2,0.57435095
A9DHE6,2.A.83.2,2.A.83.2,0.60556275
Q8Y5W0,2.A.87.1,2.A.87.1,0.6807322
F9LXW4,2.A.87.2,2.A.87.3,0.99876803
A9NEB8,2.A.87.3,2.A.87.3,0.8849335
Q14P12,2.A.87.4,2.A.87.5,0.3554886
AFN04413,2.A.87.5,2.A.87.5,0.52787983
Q54IJ2,2.A.92.1,2.A.92.1,0.9993624
Q94AN2,2.A.92.1,2.A.92.1,0.9995691
Q9UBH6,2.A.94.1,2.A.94.1,0.9998512
P16151,2.A.94.1,2.A.94.1,0.9993412
P25743,2.A.95.1,9.B.297.3,0.06087194
B8HLY6,2.A.95.1,2.A.95.1,0.9998779
KAG2233815,2.A.96.1,2.A.96.2,0.51625526
WP_084729956,2.A.96.1,2.A.96.2,0.5699744
NLT21186,2.A.96.1,2.A.96.1,0.9758499
KXS96282,2.A.96.2,2.A.96.2,0.50966024
Q6P1Q0,2.A.97.1,2.A.97.1,0.99991274
Q8I1R5,2.A.97.1,2.A.97.1,0.9999242
WP_162301253,2.A.99.1,2.A.99.1,0.9993505
WP_149777770,2.A.99.1,2.A.99.1,0.99963343
Q9UP52,2.B.93.1,2.B.93.1,0.8868026
A0BM91,2.D.1.1,2.D.1.1,0.9998642
Q9VC05,2.D.1.1,2.D.1.1,0.999708
C0SP86,3.A.12.1,3.A.12.1,0.98940545
P22409,3.A.12.2,3.A.12.2,0.991055
Q3LAJ2,3.A.12.3,3.A.12.2,0.9878473
YP_008130281,3.A.13.1,3.A.13.1,0.99984837
Q9Y276,3.A.28.1,3.A.28.1,0.9999244
KOO28456,3.E.3.1,3.E.3.1,0.999716
WP_055898914,3.E.3.1,3.E.3.1,0.99939466
P50416,4.C.2.1,4.C.2.1,0.9999783
S7VV85,4.E.1.1,4.E.1.1,0.9999609
Q5CWX6,4.E.1.1,4.E.1.1,0.9994814
K0WKG7,4.F.1.1,4.F.1.3,0.8818123
TAJ02730,4.F.1.1,4.F.1.3,0.5733458
G5SQC7,4.F.1.2,4.F.1.1,0.8255524
OIO15329,4.F.1.3,4.F.1.1,0.6071056
WP_051595943,4.H.1.1,4.H.1.1,0.9975432
RIJ99294,4.H.1.1,4.H.1.1,0.9974528
VDG77260,4.H.1.2,4.H.1.2,0.999451
Q9KV73,5.B.10.1,5.B.10.1,0.9999969
RWX50390,5.B.15.1,5.B.15.1,0.99999785
Q5D8X4,5.B.2.1,5.B.2.1,0.9937006
Q9SWS1,5.B.2.1,5.B.2.1,0.8747639
A8IUR9,5.B.2.2,5.B.2.3,0.5267663
Q9SV71,5.B.2.2,5.B.2.3,0.49575418
KHN35905,5.B.2.3,5.B.2.1,0.71522677
PIY59600,5.B.6.1,5.B.6.1,0.9960056
Q8XB73,5.B.7.1,5.B.7.1,0.9596169
Q7NNK2,5.B.7.2,5.B.7.2,0.5820392
F8L6Z5,5.B.7.3,5.B.7.3,0.92685616
D7C9K8,5.B.7.4,5.B.7.2,0.5560333
P37683,8.A.1.1,8.A.1.1,0.621312
M4VE83,8.A.1.2,8.A.1.3,0.36745003
OUT43425,8.A.1.3,8.A.1.2,0.5826179
BAB77003,8.A.1.3,8.A.1.3,0.6295355
P36498,8.A.1.4,8.A.1.3,0.54391164
Q9XDR9,8.A.1.5,8.A.1.5,0.99952567
Q7UZ72,8.A.1.6,8.A.1.6,0.88987947
P46482,8.A.1.7,8.A.1.7,0.5115952
Q6FHJ6,8.A.10.1,8.A.10.1,0.87670636
Q9D808,8.A.10.2,8.A.10.2,0.5024093
Q9Y6H6,8.A.10.3,8.A.10.3,0.69613284
Q9WTW3,8.A.10.4,8.A.10.4,0.82186157
XP_020894714,8.A.101.1,8.A.101.1,0.99978
Q16799,8.A.102.1,8.A.102.1,0.978961
V8NAX5,8.A.102.1,8.A.102.1,0.9865892
CUV07185,8.A.102.2,8.A.102.2,0.99218553
PJF17748,8.A.103.1,8.A.103.1,0.9971252
XP_010699644,8.A.103.1,8.A.103.1,0.9990662
Q22DV9,8.A.103.1,8.A.103.1,0.99182326
P53355,8.A.104.1,9.B.297.3,0.06289096
Q9BXM7,8.A.104.1,2.A.52.2,0.059004463
NP_001257414,8.A.104.1,9.B.297.3,0.06133443
Q6MZM0,8.A.105.1,8.A.105.1,0.9935708
Q9H902,8.A.108.1,8.A.108.1,0.99923253
Q96HR9,8.A.108.1,8.A.108.1,0.9995634
WP_130079951,8.A.11.1,8.A.11.1,0.999985
CBJ48530,8.A.111.1,8.A.111.1,0.99896276
XP_022310796,8.A.111.1,8.A.111.1,0.18015473
Q8N682,8.A.113.1,8.A.113.1,0.99987483
Q6UX65,8.A.113.1,8.A.113.1,0.99982786
XP_026683869,8.A.115.1,8.A.115.1,0.18870537
RNA30858,8.A.115.1,8.A.115.7,0.29786223
XP_005822896,8.A.115.2,8.A.115.7,0.30252397
WP_018930613,8.A.115.3,8.A.115.6,0.24356136
OWB63767,8.A.115.4,8.A.115.4,0.26762676
KAI8905181,8.A.115.5,8.A.115.1,0.38864407
XP_001748139,8.A.115.6,8.A.115.1,0.19175085
TPX40645,8.A.115.7,8.A.115.7,0.39461353
WBW72430,8.A.115.8,8.A.115.4,0.19605318
Q8NEW7,8.A.116.1,8.A.116.1,0.8749449
Q9XXE7,8.A.116.2,8.A.116.2,0.9984491
Q9VIM4,8.A.116.3,8.A.116.3,0.97204655
Q9XTG1,8.A.117.1,8.A.117.1,0.9992988
Q9NZ94,8.A.117.1,8.A.117.1,0.9997272
GAV02799,8.A.118.1,8.A.118.1,0.999788
XP_019853507,8.A.118.1,8.A.118.1,0.9997261
P37249,8.A.12.1,8.A.12.1,0.9999536
WP_014802473,8.A.120.1,8.A.120.1,0.99997425
NP_001154233,8.A.120.1,9.B.297.3,0.06191271
Q9W145,8.A.120.2,8.A.120.2,0.9619403
Q96DR4,8.A.120.3,8.A.120.3,0.99999917
Q20687,8.A.121.1,8.A.121.1,0.9997162
XP_004672840,8.A.122.1,8.A.122.1,0.9832982
XP_022318076,8.A.122.2,8.A.122.1,0.9361266
XP_001747355,8.A.123.1,8.A.123.1,0.99660206
Q9NQ34,8.A.123.1,8.A.123.1,0.9985006
WP_031585819,8.A.123.2,8.A.123.2,0.99988997
P57088,8.A.124.1,8.A.124.1,0.993519
Q96KA5,8.A.125.1,8.A.125.1,0.99960667
XP_027796271,8.A.126.1,8.A.126.1,0.9992281
XP_020477270,8.A.127.1,8.A.127.1,0.503421
XP_030900971,8.A.127.2,8.A.127.2,0.5904951
XP_013349430,8.A.129.1,8.A.129.1,0.99965954
GBG75892,8.A.129.1,8.A.129.1,0.99982554
O42668,8.A.13.1,8.A.13.1,1.0
P83748,8.A.131.1,8.A.131.1,0.99707866
P00738,8.A.131.1,8.A.131.1,0.99924904
B0FXM1,8.A.131.1,8.A.131.1,0.99750936
Q9BUZ4,8.A.133.1,8.A.133.1,0.98032594
WGW18136,8.A.133.1,9.B.297.3,0.0668048
Q9C039,8.A.133.1,9.B.297.3,0.068478614
ORZ11951,8.A.134.1,8.A.134.1,0.99976367
Q6IIF2,8.A.135.1,8.A.135.1,0.54960155
MPD02914,8.A.135.2,8.A.135.2,0.86021316
Q96B67,8.A.136.1,8.A.136.1,0.9993274
Q9H3M7,8.A.136.1,8.A.136.1,0.99932015
Q20232,8.A.136.1,8.A.136.1,0.9297174
XP_016921581,8.A.139.1,8.A.139.1,0.65488744
SMO36342,8.A.139.2,8.A.139.1,0.8348653
Q9NPA1,8.A.14.1,8.A.14.1,0.9999639
XP_004208589,8.A.140.1,8.A.140.2,0.5151927
KAF5277533,8.A.140.2,8.A.140.2,0.7918066
R1ELF4,8.A.141.1,8.A.141.1,0.9995977
Q6IEE7,8.A.143.1,8.A.143.1,0.99997914
TNV81984,8.A.144.1,8.A.144.1,0.9997706
WP_144051564,8.A.144.2,8.A.144.2,0.9996321
KAF2077471,8.A.145.1,8.A.145.1,0.9999753
P30041,8.A.147.1,8.A.147.1,0.9999318
B8B381,8.A.15.1,9.B.297.3,0.060356826
WP_008488490,8.A.150.1,8.A.150.1,0.9996327
O43865,8.A.151.1,8.A.151.1,0.99999905
WP_181340520,8.A.153.1,8.A.153.1,0.9997305
MBC7395593,8.A.153.2,8.A.153.2,0.998752
XP_034038246,8.A.154.1,8.A.154.1,0.9947286
WP_082825104,8.A.155.1,8.A.155.1,0.99979705
KAF5827728,8.A.155.1,8.A.155.1,0.99949133
XP_315963,8.A.157.1,8.A.157.2,0.5053241
XP_018009461,8.A.157.2,8.A.157.2,0.50662297
P90489,8.A.159.1,8.A.159.1,0.6105945
O60337,8.A.159.1,8.A.159.1,0.6529168
XP_032802017,8.A.159.2,9.B.297.3,0.06083048
PWZ10394,8.A.159.3,8.A.159.3,0.53777087
Q96GS6,8.A.161.1,8.A.161.1,0.9999964
Q16790,8.A.164.1,8.A.164.1,0.9999988
VDL89025,8.A.166.1,8.A.166.1,0.9991819
CAF2143533,8.A.166.1,8.A.166.1,0.99886936
XP_028411903,8.A.166.1,8.A.166.1,0.99951947
XP_011530207,8.A.168.1,8.A.168.1,0.99979764
GAW06118,8.A.169.1,8.A.169.1,0.99932027
SSD60863,8.A.169.1,8.A.169.1,0.9992791
XP_001229202,8.A.169.1,8.A.169.1,0.99876654
Q07699,8.A.17.1,8.A.17.3,0.9839968
P25189,8.A.17.2,8.A.17.4,0.32350188
AAO89003,8.A.17.3,8.A.17.4,0.40284866
Q15116,8.A.17.4,8.A.17.4,0.47764686
Q9NXB0,8.A.170.1,8.A.170.1,0.9999714
CAF0816190,8.A.171.1,8.A.171.1,0.999853
XP_036123603,8.A.172.1,2.A.52.2,0.06020645
HHM12341,8.A.172.2,8.A.172.2,0.9966234
WP_165159837,8.A.172.2,8.A.172.2,0.99841344
Q9H4B7,8.A.173.1,8.A.173.1,0.9999709
HFO91905,8.A.174.1,8.A.174.1,0.9999181
MBT5252923,8.A.174.1,8.A.174.1,0.9997112
KAF4354721,8.A.175.1,8.A.175.2,0.6564315
XP_020163427,8.A.175.2,8.A.175.2,0.83882666
WP_054576892,8.A.176.1,8.A.176.1,0.99990463
UQL51144,8.A.177.1,8.A.177.1,0.99958926
P50591,8.A.177.1,8.A.177.1,0.9997229
KAG6546873,8.A.178.1,8.A.178.1,0.99941564
XP_013762242,8.A.178.1,1.C.132.1,0.99966156
Q9NY47,8.A.18.1,8.A.18.3,0.9173084
Q5VU97,8.A.18.2,8.A.18.3,0.82747513
Q7Z3S7,8.A.18.3,8.A.18.3,0.91881526
WP_165133333,8.A.180.1,8.A.180.1,0.9894945
VZI44309,8.A.181.1,8.A.181.1,0.99993277
KAH8130706,8.A.182.1,8.A.182.1,0.99994195
PSC71052,8.A.183.1,8.A.183.1,0.9999801
ETW46879,8.A.183.1,8.A.183.1,0.9997502
XP_020432384,8.A.185.1,8.A.185.1,0.9996984
L0R6Q1,8.A.185.1,8.A.185.1,0.99969447
O00592,8.A.187.1,8.A.187.1,1.0
XP_001748040,8.A.188.1,8.A.188.1,0.98466843
OMJ82451,8.A.188.1,8.A.188.1,0.99990547
THD25096,8.A.189.1,8.A.189.1,0.9998528
KJE94133,8.A.189.2,8.A.189.2,0.99999857
Q4V5U6,8.A.19.1,8.A.19.1,0.9795567
QID84842,8.A.190.1,8.A.190.1,0.999514
RMZ54818,8.A.191.1,8.A.191.1,0.99976164
PXF60217,8.A.191.1,8.A.191.1,0.9992555
WP_224341048,8.A.192.1,8.A.192.1,0.9979171
P25491,8.A.192.1,8.A.192.1,0.99816614
F4IVL6,8.A.192.2,8.A.192.2,0.9990188
KAG8010605,8.A.193.1,8.A.193.1,0.9998739
XP_029997346,8.A.194.1,9.B.297.3,0.05936536
KAG2487039,8.A.194.1,8.A.194.1,0.9999403
XP_031756194,8.A.196.1,8.A.196.1,0.99858713
CDW53771,8.A.197.1,8.A.197.1,0.99940157
P0AA95,8.A.2.1,8.A.2.1,0.9993297
GBF99282,8.A.20.1,8.A.20.1,0.68113065
KAF5839021,8.A.20.2,8.A.20.1,0.56435466
XP_005646384,8.A.20.3,8.A.20.1,0.76593566
TMD93600,8.A.201.1,8.A.201.1,0.6250303
MBS4889330,8.A.201.2,8.A.201.2,0.9933674
TWW75268,8.A.202.1,8.A.202.1,0.999959
Q6PD74,8.A.203.1,8.A.203.1,0.9999826
NP_001336488,8.A.204.1,8.A.204.1,0.99828535
P32926,8.A.204.1,8.A.204.1,0.9968712
OLP90965,8.A.205.1,8.A.205.1,0.99992096
SCM17177,8.A.205.1,8.A.205.1,0.9974335
XP_045182095,8.A.206.1,8.A.206.1,0.999387
XP_033734125,8.A.208.1,8.A.208.1,0.99867404
XP_048394075,8.A.208.1,8.A.208.1,0.999579
Q9VKM7,8.A.209.1,8.A.209.1,0.9967385
RHY26985,8.A.210.1,8.A.210.1,0.5864921
XP_031323901,8.A.211.1,8.A.211.1,0.99994206
WP_196367168,8.A.212.1,8.A.212.1,0.99998665
MAH74360,8.A.213.1,8.A.213.1,0.998548
MBL4747290,8.A.213.1,8.A.213.1,0.9997391
XP_028399918,8.A.214.1,8.A.214.1,0.9998167
XP_035489110,8.A.215.1,8.A.215.1,0.9971934
KAJ3260049,8.A.216.1,8.A.216.1,0.99815327
P38736,8.A.216.1,8.A.216.1,0.9983353
O00305,8.A.22.1,8.A.22.1,0.80112326
EKF99199,8.A.221.1,8.A.221.1,0.99911076
TFJ87285,8.A.221.1,8.A.221.1,0.9998665
P42858,8.A.222.1,8.A.222.1,1.0
AAG25642,8.A.223.1,8.A.223.1,0.99994266
KAG7342390,8.A.225.1,8.A.225.1,0.9999505
KAI6194636,8.A.226.1,8.A.226.1,0.9992756
NP_651733,8.A.226.1,8.A.226.1,0.9999583
GFO46191,8.A.227.1,8.A.227.1,0.99977857
KAI8730524,8.A.227.1,8.A.227.1,0.99988055
WP_076222359,8.A.228.1,8.A.228.1,0.9964541
RAS33480,8.A.229.1,8.A.229.1,0.9999454
KAF0027435,8.A.230.1,8.A.230.1,0.9537692
XP_017548242,8.A.237.1,8.A.237.1,0.999959
Q9UBP9,8.A.238.1,8.A.238.1,0.7804317
H3CPN3,8.A.239.1,8.A.239.1,0.99995184
G3VXE4,8.A.240.1,8.A.240.1,0.99903214
Q9Y4G6,8.A.25.1,8.A.25.1,0.9962037
Q9BQL6,8.A.25.1,8.A.25.1,0.9977036
ANK58183,8.A.26.1,8.A.26.1,0.9795807
P56539,8.A.26.1,8.A.26.1,0.99908006
H2L0H3,8.A.27.1,8.A.27.1,0.9994418
CZT62675,8.A.27.1,8.A.27.1,0.9997061
Q9Z2Y3,8.A.29.1,8.A.29.1,0.9999994
Q09098,8.A.31.1,8.A.31.1,0.9998596
Q8I6Z5,8.A.32.1,8.A.32.1,0.99981636
AGZ86590,8.A.33.1,9.B.297.3,0.06406853
CCE37669,8.A.35.1,8.A.35.1,0.99996126
POE55702,8.A.37.1,8.A.37.1,0.9955195
P91193,8.A.38.1,8.A.38.1,0.999974
XP_012918761,8.A.39.1,8.A.39.1,0.99983776
P42501,8.A.4.1,8.A.4.1,0.9999907
P43111,8.A.4.2,8.A.4.2,0.95131487
Q10063,8.A.41.1,8.A.41.1,0.99949706
B9WHV4,8.A.41.1,8.A.41.1,0.9997806
R4G5U4,8.A.42.1,8.A.42.1,0.9998516
R5LHN3,8.A.42.1,8.A.42.1,0.93620235
E9AL21,8.A.44.1,8.A.44.1,0.999739
A8JGI1,8.A.44.1,8.A.44.1,0.9997328
E9BX85,8.A.45.1,8.A.45.1,0.99933904
D6X268,8.A.45.1,8.A.45.1,0.9992638
F2U0C1,8.A.45.2,8.A.45.1,0.9988883
E4RVP8,8.A.46.1,8.A.46.1,0.435393
G0IYY9,8.A.46.1,8.A.46.3,0.4915179
G2PKA2,8.A.46.2,8.A.46.3,0.98844683
BAE20200,8.A.46.3,8.A.46.1,0.45654052
I9WSV7,8.A.48.1,8.A.48.1,0.99917126
MBV8416225,8.A.48.1,8.A.48.1,0.9991973
AKM80894,8.A.49.1,8.A.49.1,0.99977154
P77735,8.A.5.1,2.A.52.2,0.065011054
P76187,8.A.5.1,2.A.52.2,0.06064555
P0AAW9,8.A.50.1,8.A.50.1,0.999997
P27487,8.A.51.1,8.A.51.1,0.99926025
Q12884,8.A.51.1,8.A.51.1,0.9992368
S3DAG4,8.A.52.1,9.B.297.3,0.062419057
Q7XZ04,8.A.52.1,8.A.52.1,0.99979645
O60260,8.A.52.2,8.A.52.2,0.99998534
V8NZN5,8.A.53.1,8.A.53.1,0.9998833
W5KQV6,8.A.55.1,8.A.55.1,0.51645243
Q5VZ72,8.A.55.2,8.A.55.3,0.49007598
Q1ZYL8,8.A.55.3,8.A.55.3,0.48916367
KAG7176625,8.A.57.1,8.A.57.1,0.99986124
XP_023218887,8.A.57.1,8.A.57.1,0.99982846
Q91499,8.A.58.1,8.A.58.1,0.5614977
D5T4Y6,8.A.58.2,8.A.58.2,0.58957887
Q9H7V2,8.A.58.2,8.A.58.2,0.560983
O35449,8.A.58.2,8.A.58.2,0.5661754
OLS30636,8.A.59.1,8.A.59.1,0.9997708
F7FKR6,8.A.60.1,8.A.60.1,0.9997166
Q9C7D7,8.A.61.1,8.A.61.1,0.9978465
Q8TBE1,8.A.61.1,8.A.61.1,0.9985139
L7ILZ6,8.A.61.1,8.A.61.1,0.9982146
W6UD82,8.A.62.1,8.A.62.1,0.99965906
O02109,8.A.63.1,8.A.63.1,0.9997279
E6TG36,8.A.63.1,8.A.63.1,0.999383
Q4UF74,8.A.65.1,8.A.65.1,0.99997544
V7PSH7,8.A.65.1,8.A.65.1,0.99994814
Q9UPN3,8.A.66.1,9.B.297.3,0.0593759
Q01082,8.A.66.1,2.A.52.2,0.06039974
Q99220,8.A.67.1,8.A.67.1,0.99944264
NP_001122097,8.A.68.1,8.A.68.1,0.9996191
KAF7834676,8.A.68.1,8.A.68.1,0.9982016
XP_020044853,8.A.68.1,8.A.68.1,0.9997812
XP_022972624,8.A.68.1,8.A.68.1,0.9978331
V9L7R9,8.A.69.1,8.A.69.1,0.99981254
H1XXY9,8.A.7.1,8.A.7.1,0.99998105
A1RZ61,8.A.7.1,8.A.7.1,0.9997341
KND87996,8.A.70.1,8.A.70.1,0.9998617
A9V5D8,8.A.70.1,8.A.70.1,0.99926645
E3M513,8.A.71.1,8.A.71.1,0.9999682
AIA09566,8.A.72.1,8.A.72.1,0.99994445
L1J6I0,8.A.73.1,8.A.73.1,0.99974555
F2UQI9,8.A.73.1,8.A.73.2,0.7194117
P81450,8.A.73.2,8.A.73.2,0.96500725
O14894,8.A.75.1,8.A.75.1,0.9993185
P30408,8.A.75.1,8.A.75.1,0.99930394
I1CE35,8.A.76.1,8.A.76.2,0.6001319
M0ZJN1,8.A.76.2,8.A.76.2,0.7177111
O75173,8.A.77.1,8.A.77.1,0.7732078
Q13444,8.A.77.1,8.A.77.1,0.6881977
NP_080609,8.A.77.2,8.A.77.1,0.7823715
P01057,8.A.77.3,8.A.77.3,0.9998129
XP_054180400,8.A.78.1,8.A.78.1,0.99989843
A2SGV2,8.A.79.1,2.A.52.2,0.060956974
A1RZ60,8.A.8.1,8.A.8.1,0.9998946
O50515,8.A.8.1,8.A.8.1,0.99977344
P28783,8.A.81.1,9.B.297.3,0.06165581
XP_055072748,8.A.83.1,8.A.83.1,0.9999218
XP_017264102,8.A.83.1,8.A.83.1,0.99930024
Q9BXS4,8.A.84.1,8.A.84.1,0.9998355
O14958,8.A.88.1,8.A.88.1,0.89818937
P30101,8.A.88.2,8.A.88.2,0.7975777
AAH93062,8.A.88.2,8.A.88.1,0.99812716
Q8A1G3,8.A.9.1,9.B.297.3,0.06390783
Q9VHX9,8.A.9.2,9.B.297.3,0.061283242
Q5DDT5,8.A.9.3,8.A.9.3,0.99999726
W5M5V0,8.A.90.1,8.A.90.2,0.62883776
T2F9S8,8.A.90.2,8.A.90.2,0.5923119
Q12846,8.A.91.1,8.A.91.1,0.99884295
A0AVG3,8.A.91.1,8.A.91.1,0.99321955
P93654,8.A.91.1,9.B.297.3,0.06302079
L8HA63,8.A.93.1,8.A.93.1,0.9589533
Q9BZW5,8.A.93.2,8.A.93.2,0.9379103
SBP60566,8.A.94.1,8.A.94.1,0.9996008
Q7Z5L3,8.A.94.1,8.A.94.1,0.9997354
P62258,8.A.98.1,2.A.52.2,0.06144947
P61981,8.A.98.1,9.B.297.3,0.059934493
V4QS44,8.A.98.2,8.A.98.2,0.999998
WP_026610930,8.A.99.1,8.A.99.1,0.9991523
C9X4K7,8.B.1.1,8.B.1.1,0.9982533
S5TR00,8.B.1.1,8.B.1.1,0.6013922
P63019,8.B.1.1,8.B.1.1,0.991759
P60266,8.B.1.2,8.B.1.1,0.99818665
TKW02011,8.B.1.3,8.B.1.3,0.9764886
AME17663,8.B.1.4,8.B.1.4,0.9999993
P84919,8.B.11.1,8.B.11.1,0.999984
P86716,8.B.12.1,8.B.12.1,0.99993515
O43278,8.B.13.1,8.B.13.2,0.80315435
O43291,8.B.13.2,8.B.13.2,0.8783656
C3TS07,8.B.17.1,8.B.17.1,0.99991524
B1B5I9,8.B.17.1,8.B.17.1,0.99993634
A7RMN1,8.B.19.1,8.B.19.2,0.9988142
C0HKG8,8.B.19.2,8.B.19.2,0.9746816
P81790,8.B.19.2,8.B.19.2,0.6577082
P86094,8.B.23.1,8.B.23.1,0.999828
P81782,8.B.23.2,1.C.74.1,0.6415068
J9QWM7,8.B.25.1,8.B.25.1,0.6625945
Q2QBC6,8.B.25.1,8.B.25.1,0.65583414
Q80KL8,8.B.25.2,8.B.25.2,0.9880525
Q9BPH7,8.B.28.1,8.B.4.1,0.46246326
Q2I2Q5,8.B.28.1,8.B.4.1,0.4680753
AXL93751,8.B.28.2,8.B.4.1,0.5296126
B1P1H2,8.B.3.1,8.B.5.2,0.9639519
Q7YT39,8.B.3.1,8.B.5.3,0.41344872
P55817,8.B.30.1,8.B.30.1,0.9928121
Q09470,8.B.31.1,8.B.31.1,0.9999819
P55963,8.B.32.1,8.B.32.1,0.67496455
Q2I2R5,8.B.32.1,8.B.32.1,0.9767867
P69657,8.B.32.1,8.B.32.1,0.8395718
P0C2C5,8.B.32.2,8.B.32.2,0.6895372
BAS25445,8.B.4.1,8.B.4.1,0.5159737
P58808,8.B.4.1,8.B.4.1,0.9298504
P56633,8.B.4.1,8.B.4.1,0.48539186
WEQ50348,8.B.4.3,8.B.4.3,0.5652954
AKZ19080,8.B.42.1,8.B.42.1,0.99946994
WP_125548623,8.B.43.1,8.B.43.1,0.9995276
WP_137635425,8.B.43.1,8.B.43.1,0.9994783
P83480,8.B.5.1,8.B.5.3,0.34578338
P58426,8.B.5.2,8.B.5.3,0.36049554
P60590,8.B.5.3,8.B.5.3,0.36033124
M5AY63,8.B.5.3,8.B.3.1,0.5366852
B8XH25,8.B.7.1,8.B.7.1,0.9999113
P0C194,8.B.8.1,8.B.8.1,0.99983084
P0C8R1,8.B.8.1,8.B.8.1,0.9997658
B0X6A3,8.B.9.1,9.B.297.3,0.061254695
P48060,8.B.9.1,8.B.9.1,0.9995933
KAE8630831,9.A.1.1,9.B.297.3,0.06470922
XP_005472026,9.A.1.1,9.B.297.3,0.05984331
X2JDY8,9.A.1.2,9.A.1.2,0.99998903
Q9V9S0,9.A.16.1,9.A.16.1,0.9997689
Q9UQV4,9.A.16.1,9.A.16.1,0.99991393
Q986E2,9.A.18.1,9.A.18.1,0.9996358
RLN46998,9.A.19.1,9.A.19.1,0.99938726
XP_044548243,9.A.19.1,9.A.19.1,0.99877137
PYI33190,9.A.19.2,9.A.19.2,0.9999552
Q9HVM8,9.A.21.1,9.A.21.1,0.9886769
A9NFH9,9.A.23.1,9.A.23.1,0.9999609
Q59Q40,9.A.26.1,9.A.26.1,0.99997044
A4XHF2,9.A.28.1,9.A.28.1,0.9998572
WP_167816028,9.A.32.1,9.A.32.1,0.5085499
WP_158507728,9.A.32.1,9.A.32.1,0.98110765
WP_173774957,9.A.32.2,9.A.32.1,0.9495653
WP_090409123,9.A.32.2,9.A.32.1,0.55279434
Q9KW03,9.A.33.1,9.A.33.1,0.9999981
CAF0919544,9.A.35.1,9.A.35.1,0.9997892
Q8I4H9,9.A.35.1,9.A.35.1,0.99979585
Q9NRY6,9.A.36.1,9.A.36.1,0.9994468
Q8IJH8,9.A.36.1,9.A.36.1,0.9988636
Q1WF75,9.A.37.1,9.A.37.1,0.9999968
P64564,9.A.4.1,9.A.4.2,0.7935932
S6A3A3,9.A.4.2,9.A.4.2,0.911357
Q73GS7,9.A.4.3,9.A.4.3,0.9999317
KQJ85610,9.A.43.1,9.A.43.1,0.9948907
Q8LPS2,9.A.43.1,9.A.43.1,0.99949574
XP_015973699,9.A.43.1,9.A.43.1,0.99886036
D4GQY8,9.A.45.1,9.A.45.1,0.9997917
Q54NS7,9.A.49.1,9.A.49.1,0.9992279
Q5CW48,9.A.49.1,9.A.49.1,0.99991095
P53633,9.A.49.1,9.A.49.1,0.99965715
Q8EHH6,9.A.5.1,9.A.5.1,0.6455659
Q99WQ7,9.A.5.2,9.A.5.1,0.58432937
O34765,9.A.5.3,9.A.5.1,0.75127554
P39379,9.A.5.4,9.A.5.1,0.7418363
Q4DTX8,9.A.54.1,9.A.54.2,0.43172035
B3L7M4,9.A.54.2,9.A.54.2,0.46974424
Q68DH5,9.A.54.3,9.A.54.3,0.43568167
Q12466,9.A.57.1,9.A.57.1,0.9996018
P48231,9.A.57.1,9.A.57.1,0.9996105
Q03640,9.A.57.1,9.A.57.1,0.99957997
H1A8I6,9.A.59.1,9.A.59.1,0.99990606
A0DG78,9.A.6.1,9.A.6.1,0.9956748
I8AJB9,9.A.66.1,9.A.66.1,0.9999577
WP_101143913,9.A.7.1,9.A.7.1,0.9998846
WP_061080484,9.A.7.1,9.A.7.1,0.9996892
P00505,9.A.70.1,9.A.70.1,0.9999939
Q99445,9.A.71.1,9.A.71.1,0.9999951
RJU95109,9.A.76.1,9.B.297.3,0.06251515
KAE8977401,9.A.76.1,9.A.76.1,0.99907815
RLT34927,9.A.76.1,9.B.297.3,0.062059153
KAF4923135,9.A.78.1,9.A.78.1,0.99998426
XP_002765820,9.A.79.1,9.A.79.1,0.99497545
XP_011674862,9.A.80.1,9.A.80.1,0.99986804
NBO37220,9.A.81.1,9.A.81.1,0.99982893
Q9HFE1,9.A.9.1,9.A.9.1,0.9999393
E8XKQ3,9.B.100.1,9.B.100.1,0.9999976
KMZ66701,9.B.103.1,9.B.103.1,0.999876
D8IUH5,9.B.108.1,9.B.108.1,0.9992093
A3TJM9,9.B.108.1,9.B.108.1,0.999846
F0VLB1,9.B.11.1,9.B.11.1,0.99993825
PSG98608,9.B.110.1,9.B.110.1,0.5588416
WP_042258648,9.B.110.2,9.B.110.2,0.511468
WP_121250785,9.B.111.1,9.B.297.3,0.09235694
Q96PC5,9.B.113.1,8.B.28.2,0.036851756
P0AFY2,9.B.114.1,9.B.114.1,0.99999857
WP_185179402,9.B.116.1,9.B.116.2,0.36806107
E5Z496,9.B.116.2,9.B.116.2,0.4057578
TFH37055,9.B.116.3,9.B.116.2,0.42998323
WP_051287091,9.B.118.1,9.B.118.1,0.9995827
WP_089971100,9.B.118.1,9.B.118.1,0.999491
Q8LPI6,9.B.119.1,9.B.119.1,0.9587014
QIR82081,9.B.119.1,9.B.119.1,0.9994067
B3QLD9,9.B.12.1,9.B.12.2,0.47131136
Q9ZNQ7,9.B.12.1,9.B.12.1,0.36556652
I1CTU6,9.B.12.2,9.B.12.1,0.37384722
P56508,9.B.12.3,9.B.12.3,0.9879458
Q20516,9.B.12.4,9.B.12.1,0.3685245
SDO08619,9.B.120.1,9.B.120.1,0.9997696
NYE48519,9.B.120.1,9.B.120.1,0.99965143
D1NQT2,9.B.122.1,9.B.122.1,0.99847704
Q82QI0,9.B.122.2,9.B.122.2,0.9990646
F6ULR8,9.B.123.1,9.B.123.1,0.8945821
B8B6I6,9.B.123.2,2.A.52.2,0.060116492
C4M797,9.B.123.3,9.B.123.3,0.97663057
C7T8Y9,9.B.124.1,9.B.124.1,0.43619776
AKM80210,9.B.124.1,9.B.124.1,0.89806014
V4PBP8,9.B.124.2,9.B.124.1,0.54622066
Q1LK71,9.B.125.1,9.B.297.3,0.06182099
Q8PVB2,9.B.125.2,9.B.125.2,0.9999902
E4N6G8,9.B.126.1,9.B.126.1,0.6766872
Q72HC9,9.B.126.2,9.B.126.2,0.6601205
AUZ87169,9.B.126.2,9.B.126.1,0.6536299
A7ZGK4,9.B.127.1,9.B.127.2,0.9578209
WP_014620776,9.B.127.2,9.B.127.1,0.6495337
B6I4D1,9.B.128.1,9.B.128.1,0.9417437
OJV97403,9.B.128.2,9.B.128.3,0.94477445
P0A236,9.B.128.3,9.B.128.3,0.9991968
H0J079,9.B.13.1,9.B.13.2,0.9270569
K9HWE0,9.B.13.2,9.B.13.2,0.99425983
C1L5K7,9.B.130.1,9.B.130.1,0.6189753
Q98SD9,9.B.130.1,9.B.130.1,0.5936584
O55100,9.B.130.2,9.B.130.2,0.5594991
E7KKW7,9.B.132.1,9.B.132.1,0.9915554
B0FXJ3,9.B.133.1,9.B.133.1,0.99831283
E4UA69,9.B.133.2,9.B.133.2,0.99895453
Q8IY95,9.B.134.1,9.B.134.1,0.9999862
I1L1Q2,9.B.134.2,9.B.134.2,0.9999006
P53093,9.B.135.1,9.B.135.2,0.58217365
Q9BSR8,9.B.135.1,9.B.135.2,0.5460858
Q9BWQ6,9.B.135.2,9.B.135.2,0.60732216
P53108,9.B.135.2,9.B.135.2,0.6090056
WP_066168960,9.B.136.1,9.B.136.3,0.37467697
WP_220194381,9.B.136.2,9.B.136.3,0.7301041
WP_013217642,9.B.136.3,9.B.136.3,0.4191309
A8A9N6,9.B.136.4,9.B.136.4,0.75115746
MQY02608,9.B.138.1,9.B.138.1,0.9998227
F2HGA2,9.B.139.1,9.B.139.1,0.55309945
O06748,9.B.139.1,9.B.139.1,0.548147
Q1CXZ2,9.B.139.2,9.B.139.1,0.5722029
E2S7A3,9.B.139.3,9.B.139.1,0.5496635
C7TAQ3,9.B.141.1,9.B.141.1,0.99983513
G0G9H5,9.B.145.1,9.B.145.1,0.99863476
H0R417,9.B.145.1,9.B.145.1,0.9993654
P0AC78,9.B.146.1,9.B.146.1,0.99976546
ALM14264,9.B.146.1,9.B.146.1,0.99994993
P0AAW6,9.B.15.1,9.B.15.1,0.98964196
Q138B7,9.B.15.2,9.B.15.2,0.9997701
D2S9V8,9.B.15.2,9.B.15.2,0.99979645
Q6MHC6,9.B.15.2,9.B.15.2,0.99951243
Q6MK65,9.B.150.1,9.B.150.1,0.9998617
OHB97472,9.B.154.1,9.B.154.1,0.99956447
AJM78027,9.B.154.1,9.B.154.1,0.9995504
B1ZTG9,9.B.154.1,9.B.154.1,0.9995552
C9RAK9,9.B.156.1,9.B.156.1,0.9983525
Q58290,9.B.156.2,9.B.156.2,0.9975924
I6ZUE8,9.B.156.3,9.B.156.3,0.99999774
F2MU33,9.B.158.1,9.B.158.1,0.9998055
D5EE66,9.B.160.1,9.B.160.1,0.99904186
A4TZ39,9.B.160.1,9.B.160.1,0.9988945
Q1MQG2,9.B.160.1,9.B.160.1,0.99938834
P08550,9.B.160.1,9.B.160.1,0.99845195
G8PPB1,9.B.163.1,9.B.163.2,0.33898172
F0SJU9,9.B.163.1,9.B.163.1,0.8792042
Q6N889,9.B.163.2,9.B.163.2,0.48042557
Q7UM60,9.B.163.3,9.B.163.1,0.38245296
D5ST04,9.B.163.4,9.B.163.1,0.30231303
E1THQ6,9.B.164.1,9.B.164.1,0.99998546
Q94AL8,9.B.166.1,9.B.166.1,0.99999654
A3UXB5,9.B.167.1,9.B.167.1,0.9999294
D2QPR7,9.B.168.1,9.B.168.1,0.99940634
B8FMP7,9.B.170.1,9.B.170.1,0.99928916
Q1IUU0,9.B.170.1,9.B.170.1,0.99968314
Q11WV5,9.B.172.1,9.B.172.1,0.9998292
XP_015643584,9.B.174.1,9.B.297.3,0.060366027
WP_088466477,9.B.174.2,9.B.297.3,0.061757136
I3ZIU8,9.B.176.1,9.B.176.1,0.99944335
Q12VB2,9.B.176.2,9.B.176.1,0.9922442
S9VAZ9,9.B.177.1,9.B.177.1,0.9993298
Q1CVQ2,9.B.18.1,9.B.18.1,0.9394626
P27830,9.B.18.2,9.B.18.2,0.68446517
R8RPP1,9.B.182.1,9.B.182.1,0.9989483
K0N7U5,9.B.182.1,9.B.182.1,0.99953747
D1PQ73,9.B.183.1,9.B.183.1,0.9993973
P71056,9.B.183.1,9.B.183.1,0.9996717
C5CCA2,9.B.185.1,9.B.185.1,0.99971586
D1CEH0,9.B.185.1,9.B.185.1,0.9997317
Q9BVK6,9.B.188.1,9.B.188.1,0.99988616
Q6NWI7,9.B.188.1,9.B.188.1,0.99977475
A5KC26,9.B.19.1,9.B.19.1,0.9999583
KAF4675608,9.B.191.1,9.B.191.1,0.7475618
P48583,9.B.191.1,9.B.191.1,0.8069705
MBE0344742,9.B.191.2,9.B.191.2,0.82762045
Q12016,9.B.199.1,9.B.199.1,0.9995247
L1JGY1,9.B.199.1,9.B.199.1,0.9998324
A6V4Q2,9.B.20.1,9.B.20.1,0.6297069
B9TCJ7,9.B.20.2,9.B.20.1,0.6104263
Q6MNC6,9.B.20.3,9.B.20.4,0.9187058
WP_020581537,9.B.20.4,9.B.20.1,0.42926618
KKQ27895,9.B.20.4,9.B.20.4,0.8016801
PIK57755,9.B.200.1,9.B.200.1,0.99987924
C5GC38,9.B.203.1,9.B.203.1,0.99990237
XP_003064774,9.B.204.1,9.B.204.1,0.96664643
GET92160,9.B.204.1,9.B.204.1,0.9889178
XP_002683027,9.B.204.2,9.B.204.2,0.99420303
A8IIR9,9.B.206.1,9.B.206.1,0.5996664
G4LVB1,9.B.206.1,9.B.206.1,0.9535644
W0T9B7,9.B.206.2,9.B.206.1,0.5697474
W5L189,9.B.207.1,9.B.207.1,0.9999945
Q07869,9.B.208.1,2.A.52.2,0.057665065
Q13133,9.B.208.1,9.B.208.1,0.07977859
Q7CJK3,9.B.209.1,9.B.209.1,0.9996996
Q07540,9.B.21.1,9.B.297.3,0.06189941
P27838,9.B.21.2,9.B.21.2,0.9999957
WP_044276278,9.B.210.1,9.B.210.1,0.9708053
WP_058186819,9.B.210.1,9.B.210.1,0.99876285
WP_109489060,9.B.210.1,9.B.210.1,0.9978933
WP_044729301,9.B.210.2,9.B.210.1,0.99877983
H0E5G9,9.B.211.1,9.B.211.1,0.99981815
P04288,9.B.212.1,9.B.212.1,0.9999988
A5H0X7,9.B.213.1,9.B.213.1,0.9998766
XP_003003461,9.B.214.1,9.B.214.1,0.99527574
AKM78436,9.B.214.2,9.B.214.2,0.74021626
R4MM06,9.B.214.2,9.B.214.2,0.7285307
WP_053485284,9.B.214.3,9.B.214.3,0.89316636
WP_131276719,9.B.214.4,9.B.214.4,0.61704314
M2XSV3,9.B.216.1,9.B.216.1,0.9998826
Q9ASV5,9.B.216.1,9.B.216.1,0.9997311
D4TYE3,9.B.218.1,9.B.218.2,0.57906085
WP_031561678,9.B.218.2,9.B.218.2,0.6240584
WP_062417086,9.B.218.3,9.B.218.2,0.613384
WP_151624151,9.B.221.1,9.B.221.1,0.53545886
MAM34034,9.B.221.1,9.B.221.1,0.5333169
EMC02884,9.B.221.1,9.B.221.1,0.5220537
WP_119506911,9.B.221.2,9.B.221.1,0.5311744
G9EP97,9.B.223.1,9.B.223.1,0.9996196
AKM78687,9.B.223.1,9.B.223.1,0.99928963
AKM78689,9.B.223.1,9.B.223.1,0.998936
WP_090249803,9.B.225.1,9.B.225.1,0.9998024
WP_051394874,9.B.225.1,9.B.225.1,0.9997123
A4SKX1,9.B.225.2,9.B.225.2,0.9999614
C0VZJ6,9.B.226.1,9.B.226.1,0.9997801
K9B2Q0,9.B.226.1,9.B.226.1,0.9997509
WP_122820729,9.B.226.1,9.B.226.1,0.99978346
Q4Q4P9,9.B.228.1,9.B.228.1,0.9998087
KIO23915,9.B.228.1,9.B.228.1,0.9998567
Q08693,9.B.229.1,2.B.93.1,0.53518796
Q04609,9.B.229.1,9.B.229.1,0.9980083
Q96A25,9.B.23.1,9.B.23.1,0.63555056
W6UFX4,9.B.23.1,9.B.23.3,0.6475161
B9RCI8,9.B.23.3,9.B.23.1,0.6001238
K3XFH1,9.B.23.4,9.B.23.4,0.99987066
D6RJM9,9.B.230.1,9.B.230.1,0.9998281
Q8L638,9.B.231.1,9.B.231.1,0.9996941
S8GD98,9.B.231.1,9.B.231.1,0.9995239
Q9H6X4,9.B.232.1,9.B.232.1,0.76030815
Q22DH8,9.B.232.1,9.B.232.1,0.7684322
E9B152,9.B.232.2,9.B.232.1,0.77051693
Q5YNM5,9.B.234.1,9.B.234.1,0.9998646
AHB41346,9.B.237.1,9.B.237.1,0.99967027
SEG41633,9.B.237.1,9.B.237.1,0.99987745
KKR67229,9.B.239.1,9.B.239.1,0.99991477
KUK17074,9.B.241.1,9.B.241.1,0.7987147
WP_073151285,9.B.241.2,9.B.241.1,0.6255359
KKK45936,9.B.241.2,9.B.241.2,0.9989993
PIR56717,9.B.243.1,9.B.243.1,0.83464885
MBQ1273715,9.B.245.1,9.B.245.1,0.9999279
WP_012020642,9.B.248.1,9.B.248.1,0.99944526
WP_049954298,9.B.248.1,9.B.248.1,0.99939764
WP_038794236,9.B.250.1,9.B.250.1,0.9999
WP_081449648,9.B.254.1,9.B.254.1,0.9988637
K9FAK7,9.B.26.1,9.B.26.2,0.80884445
A2EH91,9.B.26.2,9.B.26.2,0.83149475
WP_103344802,9.B.261.1,9.B.261.1,0.9999802
WP_156468100,9.B.263.1,9.B.263.1,0.9870461
PIE62953,9.B.263.2,9.B.263.2,0.9291346
RZD16788,9.B.263.2,9.B.263.2,0.8025185
WP_017304407,9.B.265.1,9.B.265.1,0.999632
PIQ25652,9.B.265.1,9.B.297.3,0.06162665
WP_102961726,9.B.273.1,9.B.273.1,0.9888881
P37659,9.B.275.1,9.B.275.1,0.9999964
G0QX98,9.B.276.1,9.B.276.1,0.999793
Q14118,9.B.277.1,9.B.277.1,0.99999964
OUC06354,9.B.286.1,9.B.286.1,0.9999279
NP_081084,9.B.287.1,9.B.287.1,0.99989474
NIQ06385,9.B.296.1,9.B.296.1,0.9995815
DAC08545,9.B.297.1,9.B.297.2,0.8504842
G2EDH3,9.B.297.2,9.B.297.3,0.55574125
PIU21855,9.B.297.3,9.B.297.4,0.34588182
PAW60084,9.B.297.4,9.B.297.3,0.49425688
WP_332355618,9.B.297.4,9.B.297.3,0.49037966
WP_044035693,9.B.299.1,9.B.299.1,0.8189083
WP_006828861,9.B.300.1,9.B.300.1,0.999871
RJQ44302,9.B.301.1,9.B.301.1,0.99917907
WP_069909221,9.B.302.1,9.B.302.1,0.9994899
WP_069116643,9.B.302.1,9.B.302.1,0.9997414
YP_294138,9.B.309.1,9.B.309.1,0.99997926
Q45064,9.B.31.1,9.B.31.1,0.9998945
WP_018247222,9.B.310.1,9.B.310.1,0.9977083
XP_012651217,9.B.314.1,9.B.314.1,0.9997105
GBE61450,9.B.314.1,9.B.314.1,0.9989711
P47026,9.B.315.1,9.B.315.1,0.9986518
OEH80241,9.B.315.1,9.B.315.1,0.9998449
XP_007269378,9.B.316.1,9.B.316.1,0.99965954
RNA04992,9.B.317.1,9.B.317.2,0.9900357
RJW66591,9.B.317.1,9.B.317.2,0.9862287
RCN37802,9.B.317.2,9.B.317.2,0.9429595
B9QYG9,9.B.32.1,9.B.32.1,0.99934417
Q0K0R7,9.B.32.1,9.B.32.1,0.9994591
C7RSB7,9.B.32.2,9.B.32.2,0.99991465
AKB47484,9.B.323.1,9.B.323.1,0.9960878
G0LIE5,9.B.323.1,9.B.323.1,0.9975479
Q97YM6,9.B.323.2,9.B.323.2,0.5144365
TXT58066,9.B.323.3,9.B.323.3,0.9827483
XP_014717418,9.B.329.1,9.B.329.1,0.9984737
XP_008709693,9.B.329.1,9.B.329.1,0.9992674
OPY34595,9.B.33.1,9.B.33.1,0.9996081
WP_141687139,9.B.33.1,9.B.33.1,0.99939144
OPY17395,9.B.331.1,9.B.331.1,0.9998683
WP_011249992,9.B.333.1,9.B.333.1,0.99999225
WP_128121392,9.B.34.1,9.B.34.1,0.99988484
EHB50236,9.B.34.1,9.B.34.1,0.9998024
BAI61771,9.B.349.1,9.B.349.1,0.5868047
TFF86251,9.B.349.1,9.B.349.1,0.5857257
PWI46967,9.B.349.2,9.B.349.1,0.5811093
Q9LVM5,9.B.35.1,2.A.52.2,0.061157525
F7ZL37,9.B.35.2,9.B.35.2,0.84529716
YP_009042119,9.B.350.1,9.B.350.1,0.9994894
XP_016890459,9.B.360.1,9.B.360.1,0.99989116
XP_015767335,9.B.360.1,9.B.360.1,0.999742
TTE66793,9.B.362.1,9.B.297.3,0.060451683
TGZ58939,9.B.362.1,9.B.362.1,0.99934787
XP_025610126,9.B.363.1,9.B.363.1,0.99994016
PIN75864,9.B.363.1,9.B.363.1,0.99631715
XP_028885247,9.B.366.1,9.B.366.1,0.99978787
OLP91653,9.B.366.1,9.B.366.1,0.99998677
XP_014528649,9.B.368.1,9.B.368.1,0.9993305
CBN75028,9.B.368.1,9.B.368.1,0.9997485
VEL21795,9.B.369.1,9.B.369.1,0.9999796
VZI30569,9.B.369.1,9.B.369.1,0.9999573
WP_148791740,9.B.370.1,9.B.370.1,0.99962807
WP_066759509,9.B.370.1,9.B.370.1,0.9995466
WP_163572643,9.B.370.1,9.B.370.1,0.9998455
WP_221563781,9.B.371.1,9.B.371.1,0.99794585
P0ADP2,9.B.371.1,9.B.371.1,0.9979887
WP_143505982,9.B.371.2,9.B.297.3,0.06435484
WP_119313807,9.B.371.2,9.B.297.3,0.06442887
AIA62279,9.B.375.1,9.B.375.1,0.99995136
AVP78050,9.B.376.1,9.B.376.1,0.99991214
AWH65912,9.B.378.1,9.B.378.1,0.9986104
YP_001039965,9.B.379.1,9.B.379.1,0.9990921
P60201,9.B.38.1,9.B.38.1,0.9997873
A0E9B5,9.B.38.2,9.B.38.2,0.99999964
VFS91205,9.B.381.1,9.B.381.1,0.9993031
OAT24401,9.B.381.1,9.B.381.1,0.9994549
WP_144901851,9.B.382.1,9.B.382.1,0.99906236
WP_123670180,9.B.383.1,9.B.383.1,0.9998222
KAF0742818,9.B.385.1,9.B.385.1,0.9999485
OGO15652,9.B.386.1,9.B.386.1,0.9999318
WP_075072024,9.B.386.1,9.B.386.1,0.99991834
AOV16085,9.B.398.1,9.B.398.1,0.9998387
NEV64173,9.B.398.1,9.B.398.1,0.99991417
P0A8S5,9.B.4.1,9.B.4.1,0.9999938
WP_061358437,9.B.40.1,9.B.40.1,0.9998828
WP_147581693,9.B.401.1,9.B.401.1,0.99898833
OLS18358,9.B.402.1,9.B.402.1,0.9999418
WP_139066557,9.B.404.1,9.B.404.1,0.9999634
WP_147664736,9.B.405.1,9.B.405.1,0.9988452
OQB95506,9.B.405.2,9.B.405.3,0.8320394
PNY01650,9.B.405.3,9.B.405.3,0.83152145
MEM0111568,9.B.408.1,9.B.408.1,0.99970776
GAK50019,9.B.408.1,9.B.408.1,0.99944
XP_001611203,9.B.409.1,9.B.409.1,0.9984549
XP_001609170,9.B.409.1,9.B.409.1,0.9997583
H2SME2,9.B.41.1,9.B.41.1,0.960777
H9H2J6,9.B.41.2,9.B.41.1,0.984404
Q6QPG7,9.B.410.1,9.B.410.1,0.6751509
P16743,9.B.410.2,9.B.410.2,0.7655161
KPM02837,9.B.411.1,9.B.411.1,0.99996746
XP_031425709,9.B.413.1,9.B.413.1,0.9998578
WP_035807909,9.B.415.1,9.B.415.2,0.6271444
WP_085622568,9.B.415.2,9.B.415.1,0.67614466
WP_157897187,9.B.418.1,9.B.418.1,0.9985709
KAF4589549,9.B.418.1,9.B.418.1,0.8774731
CAF1434434,9.B.422.1,9.B.422.1,0.99868876
XP_021346624,9.B.422.1,9.B.422.1,0.99885595
XP_009021174,9.B.422.1,9.B.422.1,0.998988
P40126,9.B.423.1,9.B.423.1,0.999741
WP_050659402,9.B.429.1,9.B.429.1,0.9984289
WP_031370192,9.B.43.1,9.B.43.2,0.83791804
Q0EZ69,9.B.43.2,9.B.43.2,0.99946314
MBP2646560,9.B.430.1,9.B.430.1,0.9999163
MPZ73731,9.B.430.1,9.B.430.1,0.9989544
XP_029039495,9.B.432.1,9.B.432.1,0.9974382
AHL30243,9.B.432.1,9.B.432.1,0.99702555
KPJ06551,9.B.432.2,9.B.432.2,0.9977437
O00264,9.B.433.1,9.B.433.1,0.6789282
XP_017077840,9.B.433.2,9.B.433.1,0.6499369
XP_021391155,9.B.434.1,9.B.434.1,0.9999691
CAD7941936,9.B.440.1,9.B.440.1,0.9992766
XP_011131634,9.B.440.1,9.B.440.1,0.9996387
MPZ51052,9.B.443.1,9.B.443.1,0.94533765
WP_018894818,9.B.443.1,9.B.297.3,0.060039695
AHG20698,9.B.444.1,9.B.444.1,0.99830973
XP_049438914,9.B.445.1,9.B.445.1,0.6386465
XP_051576024,9.B.445.1,9.B.445.1,0.9351073
XP_012821900,9.B.445.2,9.B.445.2,0.57108146
XP_020261152,9.B.446.1,9.B.446.1,0.99989605
MCO5232536,9.B.446.1,9.B.446.1,0.9999113
KAJ6224412,9.B.447.1,9.B.447.1,0.9998091
MAD56197,9.B.450.1,9.B.450.1,0.99985266
XP_020357351,9.B.452.1,9.B.452.1,0.99998
SVE85553,9.B.453.1,9.B.453.1,0.58085
XP_002738061,9.B.453.1,9.B.453.1,0.9998204
XP_005764538,9.B.456.1,9.B.456.1,0.99935025
XP_004341655,9.B.457.1,9.B.457.1,0.99979717
XP_056038692,9.B.459.1,9.B.459.1,0.999984
Q8NVK5,9.B.46.1,9.B.46.1,0.9999931
O00244,9.B.462.1,9.B.462.1,0.9998796
Q04NU6,9.B.50.1,9.B.50.1,0.984335
Q72TA0,9.B.50.1,9.B.50.1,0.84235936
F7NHB4,9.B.50.2,9.B.50.2,0.58387876
A8IKM0,9.B.51.1,9.B.51.1,0.9997911
A8J7Z7,9.B.51.1,9.B.51.1,0.9997886
I4EGF2,9.B.54.1,9.B.54.1,0.98902714
E1ZTI3,9.B.55.1,9.B.55.2,0.81284
B3S9N4,9.B.55.2,9.B.55.2,0.99774605
OAJ10018,9.B.57.1,9.B.57.1,0.9999366
Q8WVF1,9.B.68.1,9.B.68.1,0.99999547
P75028,9.B.73.1,9.B.73.1,0.93574995
Q93NG7,9.B.75.1,9.B.75.1,0.99983346
P76555,9.B.75.2,9.B.75.2,0.9999106
B2JQU6,9.B.75.3,9.B.75.3,0.9997273
P23157,9.B.75.4,9.B.75.4,0.9999937
Q3C2E8,9.B.76.1,9.B.76.1,0.99997866
ORY52361,9.B.77.1,9.B.77.1,0.99982244
PWU93445,9.B.77.1,9.B.77.1,0.9999218
A0CS82,9.B.82.1,9.B.82.1,0.9995901
A4HCA2,9.B.82.2,9.B.82.2,0.99936
Q9RFR9,9.B.83.1,9.B.83.1,0.99999976
M1EV50,9.B.88.1,9.B.88.1,0.99136657
WP_011390608,9.B.90.1,9.B.90.1,0.9995653
WP_092927329,9.B.90.1,9.B.90.1,0.9996076
C3Z5S0,9.B.92.1,9.B.92.1,0.782785
K7E4M5,9.B.92.2,9.B.92.1,0.8204969
C7T873,9.B.98.1,9.B.98.1,0.54805636
WP_138772272,9.B.98.1,9.B.98.1,0.8801146
P37873,9.B.98.2,9.B.98.1,0.56110257
