Protein,True_Subfamily,Predicted_Subfamily,Confidence,Index,True_Family,Predicted_Family
AFH41240,1.A.102.1,1.A.102.1,0.9998443,3,1.A.102,1.A.102
WP_189658242,1.A.104.1,1.A.104.1,0.9999573,7,1.A.104,1.A.104
XP_022087427,1.A.105.1,1.A.105.1,0.9999151,10,1.A.105,1.A.105
C4LY15,1.A.106.1,1.A.106.1,0.6790047,19,1.A.106,1.A.106
Q54TU8,1.A.106.1,1.A.106.1,0.83245057,20,1.A.106,1.A.106
Q8ID84,1.A.106.1,1.A.106.1,0.79471767,21,1.A.106,1.A.106
D3RXV6,1.A.106.2,1.A.106.2,0.76129144,26,1.A.106,1.A.106
Q8WWM9,1.A.107.1,1.A.107.1,0.9990269,31,1.A.107,1.A.107
Q92915,1.A.108.1,1.A.108.1,0.999946,34,1.A.108,1.A.108
P01584,1.A.109.1,1.A.109.1,0.9999932,36,1.A.109,1.A.109
A9JTM7,1.A.110.1,1.A.110.1,0.99966455,45,1.A.110,1.A.110
R4GK65,1.A.110.1,1.A.110.1,0.9995407,46,1.A.110,1.A.110
Q4U8M1,1.A.111.1,1.A.111.1,0.9999871,54,1.A.111,1.A.111
Q8IDG4,1.A.111.1,1.A.111.1,0.9999882,55,1.A.111,1.A.111
XP_007903208,1.A.114.1,1.A.114.1,0.9998357,60,1.A.114,1.A.114
H3CYV8,1.A.114.1,1.A.114.1,0.99982846,61,1.A.114,1.A.114
WP_062382148,1.A.115.1,8.B.28.2,0.15524714,66,1.A.115,8.B.28
Q91DM1,1.A.116.1,1.A.116.1,0.99980396,72,1.A.116,1.A.116
AGA19094,1.A.116.1,1.A.116.1,0.9996178,73,1.A.116,1.A.116
QII89021,1.A.117.1,1.A.117.1,0.28498748,79,1.A.117,1.A.117
Q9J3N8,1.A.117.1,1.A.117.1,0.5949134,80,1.A.117,1.A.117
PRW60447,1.A.119.1,1.A.119.1,0.9971746,89,1.A.119,1.A.119
RYG54403,1.A.119.1,1.A.119.1,0.99802834,90,1.A.119,1.A.119
XP_005851849,1.A.119.1,1.A.119.1,0.9993766,91,1.A.119,1.A.119
Q9Y696,1.A.12.1,1.A.12.1,0.59320813,97,1.A.12,1.A.12
O95833,1.A.12.1,1.A.12.1,0.5670203,98,1.A.12,1.A.12
Q8F2Y8,1.A.12.2,1.A.12.1,0.5564052,100,1.A.12,1.A.12
B7LBF5,1.A.12.3,1.A.12.1,0.4774278,102,1.A.12,1.A.12
KAF2073363,1.A.121.1,1.A.121.1,0.9998485,111,1.A.121,1.A.121
KNE65670,1.A.121.1,1.A.121.1,0.99984944,112,1.A.121,1.A.121
XP_005847969,1.A.126.1,1.A.126.1,0.99961096,121,1.A.126,1.A.126
OLP87777,1.A.126.1,1.A.126.1,0.63603586,122,1.A.126,1.A.126
CAD7625038,1.A.126.1,1.A.126.1,0.99977773,123,1.A.126,1.A.126
Q3LZX6,1.A.127.1,1.A.127.1,0.9993623,126,1.A.127,1.A.127
YP_009725255,1.A.128.1,1.A.128.1,0.9999988,127,1.A.128,1.A.128
P30405,1.A.129.1,1.A.129.1,0.9999974,128,1.A.129,1.A.129
XP_040533254,1.A.13.1,1.A.13.1,0.8491491,137,1.A.13,1.A.13
Q9UQC9,1.A.13.1,1.A.13.1,0.9976343,138,1.A.13,1.A.13
VIP05124,1.A.13.2,8.B.28.2,0.14389834,142,1.A.13,8.B.28
A9WIT9,1.A.13.3,1.A.13.3,0.9999988,143,1.A.13,1.A.13
B3QY78,1.A.13.4,8.A.18.2,0.99856585,146,1.A.13,8.A.18
KAI2464759,1.A.131.1,1.A.131.1,0.9992539,154,1.A.131,1.A.131
KKY14299,1.A.131.1,1.A.131.1,0.99836916,155,1.A.131,1.A.131
RCL04097,1.A.132.1,1.A.132.1,0.99999845,158,1.A.132,1.A.132
P31845,1.A.134.1,1.A.134.1,0.9997918,163,1.A.134,1.A.134
Q03105,1.A.137.1,1.A.137.1,0.99997044,165,1.A.137,1.A.137
XP_001687221,1.A.138.1,1.A.138.1,0.89073765,170,1.A.138,1.A.138
KAJ9467172,1.A.138.2,1.A.138.2,0.79952085,171,1.A.138,1.A.138
XP_025967337,1.A.139.1,1.A.139.1,0.9999455,176,1.A.139,1.A.139
CAC5415462,1.A.140.1,1.A.140.1,0.99856794,181,1.A.140,1.A.140
KNC21563,1.A.140.1,1.A.140.1,0.9997422,182,1.A.140,1.A.140
WP_159458826,1.A.141.1,1.A.141.1,0.857633,191,1.A.141,1.A.141
WP_342171699,1.A.141.1,1.A.141.1,0.8543896,192,1.A.141,1.A.141
WP_248910494,1.A.141.2,1.A.141.1,0.8095877,196,1.A.141,1.A.141
NP_044070,1.A.143.1,1.A.143.1,0.9999225,199,1.A.143,1.A.143
YP_009448007,1.A.144.1,1.A.144.1,0.99994206,203,1.A.144,1.A.144
YP_784320,1.A.145.1,1.A.145.1,0.9999788,206,1.A.145,1.A.145
VVB63523,1.A.147.1,1.A.147.1,0.999889,215,1.A.147,1.A.147
NVM01300,1.A.147.1,1.A.147.1,0.9996737,216,1.A.147,1.A.147
BBF24341,1.A.149.1,1.A.149.1,0.9999788,218,1.A.149,1.A.149
E1Z497,1.A.15.1,8.B.28.2,0.1554104,223,1.A.15,8.B.28
Q99442,1.A.15.1,1.A.15.1,0.9999895,224,1.A.15,1.A.15
M1V6H9,1.A.18.1,1.A.18.1,0.99992466,226,1.A.18,1.A.18
M9YRP5,1.A.19.1,1.A.19.1,0.9997944,230,1.A.19,1.A.19
YP_009165879,1.A.19.2,1.A.19.2,0.999998,231,1.A.19,1.A.19
XP_011598515,1.A.20.1,1.A.20.1,0.99671113,234,1.A.20,1.A.20
E5S402,1.A.20.2,1.A.20.1,0.9795129,236,1.A.20,1.A.20
XP_028455685,1.A.21.1,1.A.21.1,0.9099746,247,1.A.21,1.A.21
P41958,1.A.21.1,1.A.21.1,0.7858693,248,1.A.21,1.A.21
QSG71260,1.A.21.1,1.A.21.1,0.8999592,249,1.A.21,1.A.21
XP_032502729,1.A.21.2,1.A.21.2,0.87062675,254,1.A.21,1.A.21
R7QNM6,1.A.22.1,1.A.22.1,0.9999008,266,1.A.22,1.A.22
AUF82136,1.A.22.1,1.A.22.1,0.99961686,267,1.A.22,1.A.22
YP_003969926,1.A.22.1,1.A.22.1,0.99881256,268,1.A.22,1.A.22
A2C579,1.A.26.1,1.A.26.1,0.5726086,274,1.A.26,1.A.26
Q8EAE0,1.A.26.1,1.A.26.1,0.5966043,275,1.A.26,1.A.26
O44196,1.A.26.2,1.A.26.2,0.9996315,279,1.A.26,1.A.26
L9YYI5,1.A.26.3,1.A.26.1,0.559821,280,1.A.26,1.A.26
Q93PJ3,1.A.29.1,1.A.29.1,0.999859,285,1.A.29,1.A.29
Q814I5,1.A.29.1,1.A.29.1,0.9994,286,1.A.29,1.A.29
A4JYY8,1.A.32.1,1.A.32.1,0.95481575,289,1.A.32,1.A.32
P11021,1.A.33.1,1.A.33.2,0.9767471,294,1.A.33,1.A.33
P36016,1.A.33.1,8.B.28.2,0.14324756,295,1.A.33,8.B.28
Q5YNG4,1.A.33.2,8.B.28.2,0.16613021,298,1.A.33,8.B.28
Q91892,1.A.36.1,1.A.36.1,0.9721348,303,1.A.36,1.A.36
J0DPD5,1.A.36.2,1.A.36.2,0.9998956,305,1.A.36,1.A.36
XP_027868562,1.A.37.1,1.A.37.8,0.31714997,307,1.A.37,1.A.37
Q96PG2,1.A.37.2,1.A.37.2,0.3546076,308,1.A.37,1.A.37
XP_018964003,1.A.37.3,1.A.37.2,0.35724235,311,1.A.37,1.A.37
XP_031566461,1.A.37.4,1.A.37.6,0.37979865,313,1.A.37,1.A.37
E1BKV5,1.A.37.5,1.A.37.8,0.350882,314,1.A.37,1.A.37
J9P7D8,1.A.37.6,1.A.37.6,0.4311824,315,1.A.37,1.A.37
A6NML5,1.A.37.7,1.A.37.7,0.9999279,316,1.A.37,1.A.37
C3ZEE2,1.A.37.8,1.A.37.6,0.4518466,320,1.A.37,1.A.37
A2XX57,1.A.38.1,1.A.38.1,0.54744995,323,1.A.38,1.A.38
E9AL43,1.A.38.2,1.A.38.2,0.50824946,324,1.A.38,1.A.38
Q7RQA4,1.A.38.3,1.A.38.3,0.9995177,325,1.A.38,1.A.38
I6T2J8,1.A.39.1,1.A.39.1,0.99641114,328,1.A.39,1.A.39
AJP61612,1.A.40.1,1.A.40.1,0.9988921,330,1.A.40,1.A.40
Q6Y8U3,1.A.40.2,1.A.40.2,0.99759907,334,1.A.40,1.A.40
Q69C27,1.A.41.1,1.A.41.1,0.9351357,338,1.A.41,1.A.41
PIN02799,1.A.41.2,1.A.41.2,0.9993205,343,1.A.41,1.A.41
R0EUA4,1.A.41.2,1.A.41.2,0.8379283,344,1.A.41,1.A.41
ADO34202,1.A.42.1,1.A.42.1,0.99997485,349,1.A.42,1.A.42
Q7Y5E2,1.A.44.1,1.A.44.1,0.9999995,350,1.A.44,1.A.44
Q8NFU0,1.A.46.1,1.A.46.1,0.91489697,357,1.A.46,1.A.46
Q8N1M1,1.A.46.1,1.A.46.1,0.9848646,358,1.A.46,1.A.46
M2Y919,1.A.46.2,1.A.46.2,0.9981957,368,1.A.46,1.A.46
D8UGV3,1.A.46.2,1.A.46.2,0.99716944,369,1.A.46,1.A.46
GAQ79686,1.A.46.2,1.A.46.2,0.99842155,370,1.A.46,1.A.46
P54105,1.A.47.1,1.A.47.1,0.57830906,371,1.A.47,1.A.47
O13777,1.A.47.2,1.A.47.2,0.43879104,372,1.A.47,1.A.47
Q8IDZ0,1.A.47.3,1.A.47.3,0.99966586,373,1.A.47,1.A.47
Q9LVA7,1.A.47.4,1.A.47.4,0.3714359,374,1.A.47,1.A.47
Q9W5A5,1.A.48.1,1.A.48.1,0.99970514,379,1.A.48,1.A.48
KRX54150,1.A.48.1,1.A.48.1,0.9994543,380,1.A.48,1.A.48
KAF1786581,1.A.48.2,1.A.48.1,0.91987675,382,1.A.48,1.A.48
YP_009113027,1.A.49.1,1.A.49.1,0.99979943,385,1.A.49,1.A.49
Q93533,1.A.55.1,1.A.55.1,0.35556033,388,1.A.55,1.A.55
F2UA94,1.A.55.2,1.A.55.3,0.7328068,390,1.A.55,1.A.55
Q5DFV8,1.A.55.3,1.A.55.3,0.8017483,391,1.A.55,1.A.55
D8LWX8,1.A.55.4,1.A.55.1,0.277161,394,1.A.55,1.A.55
D8LKG3,1.A.55.5,1.A.55.1,0.267345,395,1.A.55,1.A.55
Q54CR4,1.A.55.6,1.A.55.6,0.9986558,397,1.A.55,1.A.55
P0DTC3,1.A.57.1,1.A.57.1,0.9996958,402,1.A.57,1.A.57
AVM87627,1.A.58.1,1.A.58.1,0.9999958,406,1.A.58,1.A.58
R9RZY4,1.A.59.1,1.A.59.1,0.9994795,409,1.A.59,1.A.59
P12870,1.A.61.1,1.A.61.1,0.99990547,411,1.A.61,1.A.61
ATP66790,1.A.65.1,1.A.65.1,0.99952865,419,1.A.65,1.A.65
H9AA36,1.A.65.1,1.A.65.1,0.999605,420,1.A.65,1.A.65
P81861,1.A.66.1,1.A.66.1,0.9999989,421,1.A.66,1.A.66
G4TKM5,1.A.67.1,1.A.67.1,0.50173646,430,1.A.67,1.A.67
KAI8073366,1.A.67.1,1.A.67.1,0.5004631,431,1.A.67,1.A.67
S9VKR5,1.A.67.2,1.A.67.2,0.9840262,434,1.A.67,1.A.67
XP_034420108,1.A.67.3,1.A.67.3,0.4698377,437,1.A.67,1.A.67
O36632,1.A.68.1,1.A.68.1,0.9998803,440,1.A.68,1.A.68
P80723,1.A.71.1,1.A.71.1,0.99770737,441,1.A.71,1.A.71
P17677,1.A.71.2,1.A.71.2,0.99193454,442,1.A.71,1.A.71
Q03709,1.A.73.1,1.A.73.1,0.99999046,445,1.A.73,1.A.73
Q9BVC6,1.A.74.1,1.A.74.3,0.5722529,447,1.A.74,1.A.74
Q8WY22,1.A.74.2,1.A.74.3,0.54826677,449,1.A.74,1.A.74
H3D9P2,1.A.74.3,1.A.74.3,0.5797288,450,1.A.74,1.A.74
P38224,1.A.81.1,1.A.81.4,0.4238044,451,1.A.81,1.A.81
Q59WR6,1.A.81.2,1.A.81.4,0.33015853,452,1.A.81,1.A.81
I3VPY1,1.A.81.3,1.A.81.1,0.29192296,453,1.A.81,1.A.81
TGO16390,1.A.81.4,1.A.81.4,0.49489787,455,1.A.81,1.A.81
Q7Z7J7,1.A.82.1,1.A.82.1,0.9997681,462,1.A.82,1.A.82
CAF0733683,1.A.82.1,1.A.82.1,0.9932701,463,1.A.82,1.A.82
CRH77963,1.A.86.1,1.A.86.1,0.99959856,467,1.A.86,1.A.86
I2K324,1.A.88.1,1.A.88.1,0.9480349,475,1.A.88,1.A.88
G8YEP6,1.A.88.1,1.A.88.1,0.9998883,476,1.A.88,1.A.88
ANA96049,1.A.89.1,1.A.89.1,0.9999609,481,1.A.89,1.A.89
ADX59459,1.A.89.1,1.A.89.1,0.9998276,482,1.A.89,1.A.89
U5NGR3,1.A.93.1,1.A.93.1,0.9998975,486,1.A.93,1.A.93
E1AA99,1.A.93.2,1.A.93.2,0.9999144,487,1.A.93,1.A.93
UKG23804,1.A.94.1,1.A.94.1,0.99982077,491,1.A.94,1.A.94
L0N2B4,1.A.96.1,1.A.96.1,0.9999752,494,1.A.96,1.A.96
B2BW34,1.A.99.1,1.A.99.1,0.9996244,497,1.A.99,1.A.99
P0A927,1.B.10.1,1.B.10.1,0.45403692,498,1.B.10,1.B.10
W3VB60,1.B.10.2,1.B.10.2,0.73786896,503,1.B.10,1.B.10
D5EHS6,1.B.10.2,1.B.10.2,0.5453567,504,1.B.10,1.B.10
H8JS16,1.B.10.3,1.B.10.3,0.46804962,506,1.B.10,1.B.10
E9Z1V5,1.B.13.1,1.B.13.3,0.58853585,512,1.B.13,1.B.13
Q0VSL2,1.B.13.1,1.B.13.1,0.77658653,513,1.B.13,1.B.13
I4B356,1.B.13.2,1.B.13.3,0.44588333,515,1.B.13,1.B.13
J4K5X9,1.B.13.3,1.B.13.3,0.58290684,520,1.B.13,1.B.13
A1T0X2,1.B.15.1,1.B.15.1,0.9999471,525,1.B.15,1.B.15
C1ADV7,1.B.16.1,1.B.5.1,0.47997382,534,1.B.16,1.B.5
D8PFV8,1.B.16.1,1.B.5.1,0.47795722,535,1.B.16,1.B.5
F8C3X3,1.B.16.1,1.B.5.1,0.43977123,536,1.B.16,1.B.5
D8PHW0,1.B.16.2,1.B.5.1,0.47665903,543,1.B.16,1.B.5
Q7UGJ0,1.B.16.2,1.B.5.1,0.44496268,544,1.B.16,1.B.5
WP_152053851,1.B.162.1,1.B.162.1,0.9996203,553,1.B.162,1.B.162
WP_160129378,1.B.162.1,1.B.162.1,0.9998896,554,1.B.162,1.B.162
M2YRU5,1.B.163.1,1.B.163.1,0.99844295,562,1.B.163,1.B.163
A0QP93,1.B.163.1,1.B.163.1,0.9998248,563,1.B.163,1.B.163
WP_231666935,1.B.165.1,1.B.165.1,0.9998834,571,1.B.165,1.B.165
I1SBC9,1.B.165.1,1.B.165.1,0.9995453,572,1.B.165,1.B.165
Q03961,1.B.18.1,1.B.18.3,0.53537893,574,1.B.18,1.B.18
P22236,1.B.18.2,1.B.18.2,0.50965,578,1.B.18,1.B.18
P0A932,1.B.18.3,1.B.18.2,0.5109867,586,1.B.18,1.B.18
Q1CVQ0,1.B.18.3,1.B.18.3,0.7167914,587,1.B.18,1.B.18
C1F9P1,1.B.19.1,1.B.19.1,0.99980015,595,1.B.19,1.B.19
H8FL42,1.B.19.1,1.B.19.1,0.99932957,596,1.B.19,1.B.19
WP_024910978,1.B.21.1,1.B.21.1,0.5684498,600,1.B.21,1.B.21
EEW1721302,1.B.21.2,1.B.21.3,0.70675224,605,1.B.21,1.B.21
B8K3G3,1.B.21.3,1.B.21.1,0.4500907,608,1.B.21,1.B.21
Q0SBX7,1.B.24.1,1.B.24.1,0.9999018,615,1.B.24,1.B.24
Q0RYN1,1.B.24.1,1.B.24.1,0.9997466,616,1.B.24,1.B.24
K5RXM5,1.B.26.1,1.B.26.1,0.99601233,618,1.B.26,1.B.26
H2IWN4,1.B.26.2,1.B.26.2,0.99998784,620,1.B.26,1.B.26
Q8GDI6,1.B.27.1,1.B.27.1,0.92247504,631,1.B.27,1.B.27
Q9S3I7,1.B.27.1,1.B.27.1,0.92607933,632,1.B.27,1.B.27
A0PAQ8,1.B.27.1,1.B.27.1,0.9134385,633,1.B.27,1.B.27
R4Q7V2,1.B.27.2,1.B.27.1,0.8506898,636,1.B.27,1.B.27
Q0WMZ5,1.B.30.1,1.B.30.3,0.3046299,638,1.B.30,1.B.30
Q9LZH8,1.B.30.2,1.B.30.2,0.27148566,639,1.B.30,1.B.30
B8BRM2,1.B.30.3,1.B.30.3,0.26104426,640,1.B.30,1.B.30
K4D2B1,1.B.30.4,1.B.30.4,0.46079484,641,1.B.30,1.B.30
M2X828,1.B.30.5,1.B.30.5,0.31181037,642,1.B.30,1.B.30
B9D0I1,1.B.31.1,1.B.31.1,0.9992931,648,1.B.31,1.B.31
B9KFF7,1.B.31.1,1.B.31.1,0.9992169,649,1.B.31,1.B.31
SES17047,1.B.34.1,1.B.34.1,0.4946997,657,1.B.34,1.B.34
WP_123925997,1.B.34.1,1.B.34.1,0.6274844,658,1.B.34,1.B.34
AEX77393,1.B.34.2,1.B.34.1,0.58087015,661,1.B.34,1.B.34
SQI24628,1.B.34.3,1.B.34.1,0.34956065,666,1.B.34,1.B.34
SIQ09903,1.B.34.4,1.B.34.1,0.6146628,669,1.B.34,1.B.34
L0MIX9,1.B.35.1,1.B.35.1,0.3468857,675,1.B.35,1.B.35
A6TDJ4,1.B.35.1,1.B.35.1,0.35333535,676,1.B.35,1.B.35
KPL05111,1.B.35.2,1.B.35.2,0.40117943,680,1.B.35,1.B.35
M4U9K6,1.B.35.3,1.B.35.4,0.3382461,682,1.B.35,1.B.35
C9QGR6,1.B.35.4,1.B.35.4,0.32224792,685,1.B.35,1.B.35
F0RWP8,1.B.36.1,1.B.36.1,0.9999788,688,1.B.36,1.B.36
H2CJW4,1.B.37.1,1.B.37.2,0.788319,690,1.B.37,1.B.37
D0LRV8,1.B.37.2,1.B.37.2,0.7398455,691,1.B.37,1.B.37
Q9A8E5,1.B.39.1,1.B.39.1,0.9998252,699,1.B.39,1.B.39
V1E4I3,1.B.39.1,1.B.39.1,0.9998338,700,1.B.39,1.B.39
B9M7K9,1.B.39.2,1.B.39.1,0.99927264,702,1.B.39,1.B.39
B0VUV8,1.B.39.3,1.B.39.3,0.99982625,703,1.B.39,1.B.39
Q8FQT0,1.B.41.1,1.B.41.1,0.9999436,708,1.B.41,1.B.41
C0XRQ2,1.B.41.1,1.B.41.1,0.9997577,709,1.B.41,1.B.41
Q6GZ99,1.B.49.1,1.B.49.1,0.99995506,717,1.B.49,1.B.49
Q8G8H4,1.B.49.1,1.B.49.1,0.99978906,718,1.B.49,1.B.49
Q2S4D9,1.B.5.1,1.B.5.2,0.42928833,731,1.B.5,1.B.5
G6XK71,1.B.5.1,1.B.5.1,0.45704362,732,1.B.5,1.B.5
F5SXN1,1.B.5.1,1.B.5.1,0.4775692,733,1.B.5,1.B.5
D3SLU1,1.B.5.2,1.B.5.1,0.46962905,735,1.B.5,1.B.5
D4U1N3,1.B.50.1,1.B.50.1,0.6910102,737,1.B.50,1.B.50
S0EUI6,1.B.50.2,1.B.50.1,0.6753859,740,1.B.50,1.B.50
Q44881,1.B.51.1,1.B.51.1,0.9999994,741,1.B.51,1.B.51
B8F2P1,1.B.52.1,1.B.52.1,0.999969,743,1.B.52,1.B.52
A7ZLV9,1.B.53.1,1.B.53.1,0.9977373,747,1.B.53,1.B.53
D0LXF9,1.B.60.1,1.B.60.1,0.9997249,756,1.B.60,1.B.60
Q6MQH3,1.B.60.1,1.B.60.1,0.995876,757,1.B.60,1.B.60
Q1DFS2,1.B.61.1,1.B.61.1,0.99997437,763,1.B.61,1.B.61
Q72DY0,1.B.61.1,1.B.61.1,0.9997577,764,1.B.61,1.B.61
Q07KZ2,1.B.62.1,1.B.62.1,0.9997669,772,1.B.62,1.B.62
A6DTR9,1.B.62.1,1.B.62.1,0.9996369,773,1.B.62,1.B.62
D2QNK6,1.B.63.1,1.B.63.1,0.9999354,778,1.B.63,1.B.63
B2RL31,1.B.63.1,1.B.63.1,0.9995858,779,1.B.63,1.B.63
F9EV82,1.B.65.1,1.B.65.1,0.9997476,788,1.B.65,1.B.65
I3DIB8,1.B.65.1,1.B.65.1,0.9997565,789,1.B.65,1.B.65
F6D908,1.B.68.1,1.B.68.1,0.9996562,793,1.B.68,1.B.68
A0BTG7,1.B.69.1,1.B.69.1,0.70790446,800,1.B.69,1.B.69
Q4PEM6,1.B.69.1,1.B.69.1,0.68005633,801,1.B.69,1.B.69
Q6GQ39,1.B.69.2,1.B.69.2,0.5997441,806,1.B.69,1.B.69
A4WXA3,1.B.7.1,1.B.7.1,0.9996948,813,1.B.7,1.B.7
Q5HB83,1.B.7.1,1.B.7.1,0.9997781,814,1.B.7,1.B.7
Q2K0Q0,1.B.70.1,1.B.70.1,0.99949336,827,1.B.70,1.B.70
Q9L7A9,1.B.70.1,1.B.70.1,0.9994165,828,1.B.70,1.B.70
Q44665,1.B.70.1,1.B.70.1,0.9994288,829,1.B.70,1.B.70
L0G408,1.B.73.1,1.B.73.1,0.84153986,834,1.B.73,1.B.73
E4T302,1.B.73.2,1.B.73.1,0.6362912,836,1.B.73,1.B.73
C6XPW9,1.B.75.1,1.B.75.1,0.8388443,842,1.B.75,1.B.75
Q1CZE8,1.B.75.1,1.B.75.1,0.6573717,843,1.B.75,1.B.75
F8CR23,1.B.75.2,1.B.75.1,0.8014269,845,1.B.75,1.B.75
Q7VAD5,1.B.75.3,1.B.75.1,0.688619,847,1.B.75,1.B.75
Q4KCN5,1.B.76.1,1.B.76.1,0.9996252,853,1.B.76,1.B.76
P36649,1.B.76.1,1.B.76.1,0.92910266,854,1.B.76,1.B.76
R7QJ14,1.B.77.1,1.B.77.1,0.5687595,863,1.B.77,1.B.77
F4H7F7,1.B.77.1,1.B.77.2,0.9258571,864,1.B.77,1.B.77
W7TBY2,1.B.77.2,1.B.77.2,0.9938579,868,1.B.77,1.B.77
A5G7L3,1.B.78.1,1.B.78.1,0.99979967,873,1.B.78,1.B.78
L1L857,1.B.79.1,1.B.79.1,0.9522786,875,1.B.79,1.B.79
F2IHT4,1.B.81.1,1.B.81.1,0.8291115,888,1.B.81,1.B.81
WP_020562207,1.B.81.1,1.B.81.1,0.8147447,889,1.B.81,1.B.81
W0A8H9,1.B.81.1,1.B.81.1,0.8192876,890,1.B.81,1.B.81
F8GDI1,1.B.81.1,1.B.81.1,0.8237323,891,1.B.81,1.B.81
WP_054039809,1.B.81.2,1.B.81.1,0.8976389,893,1.B.81,1.B.81
A5C9I8,1.B.82.1,1.B.82.1,0.9993092,896,1.B.82,1.B.82
OGR70538,1.B.84.1,1.B.84.1,0.9996056,903,1.B.84,1.B.84
NLW31479,1.B.84.1,1.B.84.1,0.9946661,904,1.B.84,1.B.84
S2XLX4,1.B.85.1,1.B.85.1,0.9998598,909,1.B.85,1.B.85
WP_094626014,1.B.85.1,1.B.85.1,0.9998995,910,1.B.85,1.B.85
CBA75730,1.B.92.1,1.B.92.1,0.64254934,917,1.B.92,1.B.92
WP_132308094,1.B.92.1,1.B.92.1,0.6621909,918,1.B.92,1.B.92
WP_101656401,1.B.92.2,1.B.92.1,0.51097786,919,1.B.92,1.B.92
WP_052632100,1.B.95.1,1.B.95.1,0.39119372,922,1.B.95,1.B.95
Q63IQ6,1.B.95.2,1.B.95.5,0.6735824,925,1.B.95,1.B.95
WP_104228733,1.B.95.3,1.B.95.2,0.3703739,930,1.B.95,1.B.95
NBO10119,1.B.95.3,1.B.95.2,0.35842395,931,1.B.95,1.B.95
WP_068467660,1.B.95.4,1.B.95.2,0.37865213,934,1.B.95,1.B.95
WP_105313043,1.B.95.5,1.B.95.5,0.6457633,937,1.B.95,1.B.95
T0PS78,1.C.10.1,1.C.10.1,0.7761241,939,1.C.10,1.C.10
XP_008608581,1.C.10.2,1.C.10.2,0.90308076,942,1.C.10,1.C.10
B3MQ48,1.C.10.3,1.C.10.1,0.55662584,944,1.C.10,1.C.10
EKF9241902,1.C.100.1,1.C.100.1,0.98783094,947,1.C.100,1.C.100
AZY88389,1.C.101.1,1.C.101.1,0.99959105,952,1.C.101,1.C.101
C6SS71,1.C.102.1,1.C.26.1,0.9859286,954,1.C.102,1.C.26
POR31694,1.C.104.1,1.C.104.1,0.63576156,960,1.C.104,1.C.104
XP_016642337,1.C.104.1,1.C.104.2,0.51294315,961,1.C.104,1.C.104
XP_008081830,1.C.104.2,1.C.104.2,0.46365625,966,1.C.104,1.C.104
XP_007925356,1.C.104.3,1.C.104.1,0.811736,968,1.C.104,1.C.104
O06497,1.C.106.1,1.C.106.1,0.5936415,972,1.C.106,1.C.106
Q9I788,1.C.106.4,1.C.106.1,0.96355027,974,1.C.106,1.C.106
P81605,1.C.108.1,1.C.108.1,0.9699864,975,1.C.108,1.C.108
XP_014317300,1.C.108.2,1.C.108.2,0.7720287,979,1.C.108,1.C.108
Q6UXR3,1.C.108.3,1.C.108.2,0.7772563,980,1.C.108,1.C.108
J8IXD8,1.C.109.1,1.C.109.1,0.9999839,985,1.C.109,1.C.109
C7BYV0,1.C.109.1,1.C.109.1,0.99993217,986,1.C.109,1.C.109
A1YKW7,1.C.11.1,1.C.11.1,0.9990595,994,1.C.11,1.C.11
AEH33294,1.C.11.1,1.C.11.1,0.99968934,995,1.C.11,1.C.11
G3WS63,1.C.110.1,1.C.110.1,0.9999987,998,1.C.110,1.C.110
Q9H2X3,1.C.111.1,1.C.111.1,0.9997451,1013,1.C.111,1.C.111
Q5QGZ9,1.C.111.1,1.C.111.1,0.9997763,1014,1.C.111,1.C.111
P05451,1.C.111.1,1.C.111.1,0.9990675,1015,1.C.111,1.C.111
Q07108,1.C.111.1,1.C.111.1,0.99973613,1016,1.C.111,1.C.111
P67153,1.C.113.1,8.B.28.2,0.15608102,1026,1.C.113,8.B.28
Q86V24,1.C.113.1,1.C.113.1,0.987856,1027,1.C.113,1.C.113
Q8TEZ7,1.C.113.1,1.C.113.1,0.97084796,1028,1.C.113,1.C.113
Q8IY49,1.C.113.2,1.C.113.1,0.67593336,1031,1.C.113,1.C.113
Q7YZB4,1.C.114.1,1.C.114.1,0.9997583,1036,1.C.114,1.C.114
K4PXJ9,1.C.115.1,1.C.115.1,0.9999616,1041,1.C.115,1.C.115
P45884,1.C.115.1,1.C.115.1,0.99994504,1042,1.C.115,1.C.115
E9EKK1,1.C.119.1,1.C.119.1,0.9997198,1047,1.C.119,1.C.119
M5N9T8,1.C.119.1,1.C.119.1,0.9996208,1048,1.C.119,1.C.119
P04347,1.C.121.1,1.A.114.1,0.047270127,1050,1.C.121,1.A.114
Q56CZ9,1.C.122.1,1.C.122.1,0.9997718,1052,1.C.122,1.C.122
P82427,1.C.124.1,1.C.124.1,0.99984956,1057,1.C.124,1.C.124
AEX09222,1.C.124.1,1.C.124.1,0.999757,1058,1.C.124,1.C.124
AHN67314,1.C.126.1,1.C.126.1,0.99988246,1062,1.C.126,1.C.126
AAA32327,1.C.129.1,1.C.129.1,0.99994195,1065,1.C.129,1.C.129
B7PSG2,1.C.13.1,1.C.13.1,0.9999281,1070,1.C.13,1.C.13
J9HUA3,1.C.13.1,1.C.13.1,0.9998586,1071,1.C.13,1.C.13
WP_072053873,1.C.130.1,1.C.130.1,0.99999213,1075,1.C.130,1.C.130
XP_039042682,1.C.132.1,1.C.132.1,0.9996352,1081,1.C.132,1.C.132
WP_168566867,1.C.132.1,1.C.132.1,0.9991937,1082,1.C.132,1.C.132
WP_241450605,1.C.136.1,1.C.136.1,0.9995395,1084,1.C.136,1.C.136
Q1ELT9,1.C.138.1,1.C.138.1,0.99841166,1087,1.C.138,1.C.138
Q1ELU4,1.C.138.2,1.C.138.2,0.96907276,1088,1.C.138,1.C.138
WP_047703972,1.C.14.1,1.C.14.1,0.99960583,1094,1.C.14,1.C.14
D1J6Q5,1.C.14.1,1.C.14.1,0.99992573,1095,1.C.14,1.C.14
CAC42164,1.C.18.1,1.C.18.1,0.9999827,1098,1.C.18,1.C.18
P82270,1.C.19.1,1.C.19.1,0.85365283,1104,1.C.19,1.C.19
Q6EZF9,1.C.19.1,1.C.19.1,0.99995196,1105,1.C.19,1.C.19
AWG87247,1.C.2.1,1.C.2.3,0.8917111,1117,1.C.2,1.C.2
WP_132821133,1.C.2.1,1.C.2.1,0.4050969,1118,1.C.2,1.C.2
KAB2896819,1.C.2.1,1.C.2.1,0.41604298,1119,1.C.2,1.C.2
Q9ZIU5,1.C.2.2,1.C.2.3,0.39690915,1122,1.C.2,1.C.2
P56955,1.C.2.3,1.C.2.3,0.4448865,1125,1.C.2,1.C.2
P08136,1.C.20.1,1.C.20.1,0.99690044,1130,1.C.20,1.C.20
O68586,1.C.20.1,1.C.20.1,0.99954754,1131,1.C.20,1.C.20
WWQ01948,1.C.20.2,1.C.20.1,0.9706778,1134,1.C.20,1.C.20
P84962,1.C.24.1,1.C.24.1,0.99894494,1147,1.C.24,1.C.24
P83002,1.C.24.1,1.C.24.1,0.9934097,1148,1.C.24,1.C.24
Q6TGQ7,1.C.24.1,1.C.24.1,0.99982315,1149,1.C.24,1.C.24
WP_080375718,1.C.24.1,1.C.24.1,0.999642,1150,1.C.24,1.C.24
WP_098856434,1.C.26.1,1.C.26.1,0.9841054,1153,1.C.26,1.C.26
Q83TS1,1.C.31.1,1.C.31.1,0.99950147,1156,1.C.31,1.C.31
A7GJP5,1.C.31.2,1.C.31.2,0.9999833,1157,1.C.31,1.C.31
P49913,1.C.33.1,1.C.33.1,0.9997353,1167,1.C.33,1.C.33
P54228,1.C.33.1,1.C.33.1,0.99980146,1168,1.C.33,1.C.33
ASN73764,1.C.33.1,1.C.33.1,0.99967015,1169,1.C.33,1.C.33
WP_121688872,1.C.37.1,1.C.37.1,0.9998392,1180,1.C.37,1.C.37
WP_142504358,1.C.37.1,1.C.37.1,0.99969363,1181,1.C.37,1.C.37
CRH85725,1.C.37.1,1.C.37.1,0.9995555,1182,1.C.37,1.C.37
XP_010767831,1.C.38.1,1.C.38.1,0.9991122,1196,1.C.38,1.C.38
Q5UCA8,1.C.38.1,1.C.38.1,0.99794346,1197,1.C.38,1.C.38
P07845,1.C.38.1,1.C.38.1,0.9979838,1198,1.C.38,1.C.38
P0DQV7,1.C.38.1,1.C.38.1,0.9994165,1199,1.C.38,1.C.38
C0RWX4,1.C.40.1,1.C.40.1,0.99976796,1206,1.C.40,1.C.40
P11597,1.C.40.1,1.C.40.1,0.99991155,1207,1.C.40,1.C.40
B5ABT1,1.C.40.2,1.C.40.2,0.99999845,1208,1.C.40,1.C.40
B2LWZ1,1.C.42.1,1.C.42.1,0.94563913,1213,1.C.42,1.C.42
O06498,1.C.42.1,1.C.42.1,0.9999895,1214,1.C.42,1.C.42
P08943,1.C.44.1,1.C.44.1,0.96469384,1216,1.C.44,1.C.44
Q9PW56,1.C.46.1,1.C.46.1,0.5195058,1218,1.C.46,1.C.46
P01160,1.C.46.2,1.C.46.1,0.537888,1221,1.C.46,1.C.46
B7PQR1,1.C.47.1,1.C.47.3,0.36256906,1230,1.C.47,1.C.47
I1T3C7,1.C.47.1,1.C.47.3,0.36668658,1231,1.C.47,1.C.47
C3Z4F2,1.C.47.1,1.C.47.3,0.36306816,1232,1.C.47,1.C.47
Q53I06,1.C.47.2,1.C.47.2,0.5650017,1233,1.C.47,1.C.47
F6LCB3,1.C.47.3,1.C.47.2,0.9960771,1237,1.C.47,1.C.47
Q07A30,1.C.47.4,1.C.47.3,0.34511352,1238,1.C.47,1.C.47
Q9UKY0,1.C.48.1,1.C.48.1,0.9997898,1242,1.C.48,1.C.48
P06881,1.C.49.1,1.C.49.1,0.9695108,1244,1.C.49,1.C.49
NFF70739,1.C.5.1,1.C.5.2,0.31131083,1247,1.C.5,1.C.5
R7ZEE7,1.C.5.2,1.C.5.1,0.5292642,1250,1.C.5,1.C.5
Q45728,1.C.5.3,1.C.5.1,0.3949108,1251,1.C.5,1.C.5
T2MFP9,1.C.50.1,1.C.50.1,0.9999645,1255,1.C.50,1.C.50
Q07932,1.C.51.1,1.C.51.1,1.0,1256,1.C.51,1.C.51
P69178,1.C.54.1,1.C.54.1,0.9999999,1257,1.C.54,1.C.54
P0A3W8,1.C.55.1,1.C.55.1,0.99999976,1258,1.C.55,1.C.55
F2JTE2,1.C.56.1,1.C.56.1,0.9992587,1262,1.C.56,1.C.56
WP_089964624,1.C.61.1,1.C.61.1,0.9999571,1266,1.C.61,1.C.61
L0CMD2,1.C.62.1,1.C.62.1,0.9999813,1270,1.C.62,1.C.62
XP_015918646,1.C.63.1,1.C.63.1,0.99997616,1273,1.C.63,1.C.63
Q6BF25,1.C.64.1,1.C.64.1,0.9999721,1285,1.C.64,1.C.64
MBA8650993,1.C.64.1,1.C.64.1,0.99913824,1286,1.C.64,1.C.64
WP_141754689,1.C.64.1,1.C.64.1,0.99910116,1287,1.C.64,1.C.64
Q5Y4S2,1.C.65.1,1.C.65.1,0.9997843,1291,1.C.65,1.C.65
Q9L6W3,1.C.65.2,1.C.65.2,0.99994683,1292,1.C.65,1.C.65
P33432,1.C.66.1,1.C.66.1,0.99999654,1293,1.C.66,1.C.66
C4M9N5,1.C.67.1,1.C.67.1,0.9999876,1295,1.C.67,1.C.67
P83250,1.C.68.1,1.C.68.1,0.99999785,1297,1.C.68,1.C.68
WP_030364034,1.C.7.1,1.C.7.1,0.9988464,1299,1.C.7,1.C.7
KID84774,1.C.7.2,1.C.7.1,0.9973743,1301,1.C.7,1.C.7
WP_062552397,1.C.70.1,1.C.70.1,0.9996172,1306,1.C.70,1.C.70
A5N971,1.C.71.1,1.C.71.1,0.9989504,1310,1.C.71,1.C.71
S8E3M3,1.C.71.2,1.C.71.2,0.9969194,1314,1.C.71,1.C.71
P01382,1.C.74.1,1.C.74.1,0.6932975,1321,1.C.74,1.C.74
Q8QGR0,1.C.74.1,1.C.74.1,0.75349766,1322,1.C.74,1.C.74
B1Z6U1,1.C.75.1,1.C.75.1,0.9940491,1329,1.C.75,1.C.75
AKC96038,1.C.75.1,1.C.75.1,0.99995875,1330,1.C.75,1.C.75
O76070,1.C.77.1,1.C.77.1,0.9999926,1333,1.C.77,1.C.77
A7IZR5,1.C.78.1,1.C.78.1,0.57940274,1337,1.C.78,1.C.78
P46081,1.C.8.1,1.C.8.1,0.9997626,1341,1.C.8,1.C.8
B7LAC5,1.C.80.1,1.C.80.1,0.99978155,1345,1.C.80,1.C.80
NP_001011705,1.C.81.1,1.C.81.1,0.7232209,1353,1.C.81,1.C.81
Q9NS71,1.C.81.1,1.C.81.1,0.5799014,1354,1.C.81,1.C.81
Q9NQX7,1.C.81.2,1.C.81.1,0.51551044,1357,1.C.81,1.C.81
WP_078474522,1.C.82.1,1.C.82.1,0.99993026,1359,1.C.82,1.C.82
Q9ZGP5,1.C.83.1,1.C.83.1,0.9902782,1361,1.C.83,1.C.83
F9P995,1.C.84.1,1.C.84.1,0.9996898,1363,1.C.84,1.C.84
Q13519,1.C.89.1,1.C.89.1,0.99998987,1366,1.C.89,1.C.89
WP_013023010,1.C.9.1,1.C.9.1,0.99984777,1369,1.C.9,1.C.9
A5H1G9,1.C.90.1,1.C.90.3,0.6279339,1372,1.C.90,1.C.90
A0RKJ6,1.C.90.2,1.C.90.3,0.70011306,1374,1.C.90,1.C.90
A5MY21,1.C.90.3,1.C.90.3,0.782085,1378,1.C.90,1.C.90
P04080,1.C.91.1,1.C.91.1,0.99999774,1379,1.C.91,1.C.91
Q15818,1.C.92.1,1.C.92.1,0.99995804,1382,1.C.92,1.C.92
A4UVR2,1.C.93.1,1.C.93.1,0.99999833,1383,1.C.93,1.C.93
WP_084614884,1.C.95.1,1.C.95.1,0.99949384,1394,1.C.95,1.C.95
WP_006059095,1.C.95.1,1.C.95.1,0.99901557,1395,1.C.95,1.C.95
WP_018802519,1.C.95.1,1.C.95.1,0.9989845,1396,1.C.95,1.C.95
NP_849177,1.C.99.1,1.C.99.1,0.819635,1401,1.C.99,1.C.99
QCX35176,1.C.99.2,1.C.99.2,0.9940971,1404,1.C.99,1.C.99
XP_004616922,1.D.118.1,1.D.118.1,0.99983275,1407,1.D.118,1.D.118
XP_045930465,1.D.194.1,1.D.194.1,0.9998288,1411,1.D.194,1.D.194
PKK88897,1.D.24.1,1.D.24.1,0.9982942,1417,1.D.24,1.D.24
NIM52277,1.D.24.1,1.D.24.1,0.9997422,1418,1.D.24,1.D.24
KUH88733,1.D.24.2,1.D.24.2,0.99997616,1419,1.D.24,1.D.24
TKY80222,1.E.1.1,1.E.1.1,0.999884,1427,1.E.1,1.E.1
ECY3018204,1.E.1.1,1.E.1.1,0.99976486,1428,1.E.1,1.E.1
Q37895,1.E.10.1,1.E.10.1,0.89406407,1432,1.E.10,1.E.10
B1YMD9,1.E.14.1,1.E.14.1,0.99836236,1446,1.E.14,1.E.14
I6T8M5,1.E.14.1,1.E.14.1,0.9973815,1447,1.E.14,1.E.14
P39591,1.E.14.1,1.E.14.1,0.9979534,1448,1.E.14,1.E.14
P94515,1.E.14.1,1.E.14.1,0.9964737,1449,1.E.14,1.E.14
D3S646,1.E.14.2,1.E.14.2,0.9981463,1452,1.E.14,1.E.14
F9LWA6,1.E.16.1,1.E.16.1,0.99222696,1456,1.E.16,1.E.16
Q44946,1.E.17.1,1.E.17.1,0.99404114,1461,1.E.17,1.E.17
B8F2U3,1.E.17.1,1.E.17.1,0.9918704,1462,1.E.17,1.E.17
WP_080684304,1.E.17.2,1.E.17.1,0.993375,1464,1.E.17,1.E.17
M9MU75,1.E.18.1,1.E.18.1,0.9998621,1474,1.E.18,1.E.18
ERG63474,1.E.18.1,1.E.18.1,0.9995522,1475,1.E.18,1.E.18
WP_298535700,1.E.18.1,1.E.18.1,0.999861,1476,1.E.18,1.E.18
PIN93264,1.E.20.1,1.E.20.1,0.99993455,1481,1.E.20,1.E.20
EJG08371,1.E.20.1,1.E.20.1,0.999961,1482,1.E.20,1.E.20
K9A5I7,1.E.21.1,1.E.21.2,0.8225472,1486,1.E.21,1.E.21
B1S807,1.E.21.2,1.E.21.2,0.71491134,1488,1.E.21,1.E.21
U1YCE7,1.E.23.1,1.E.23.1,0.57562333,1493,1.E.23,1.E.23
WP_068445074,1.E.23.2,1.E.23.2,0.86596644,1495,1.E.23,1.E.23
A7A6X9,1.E.24.1,1.E.24.1,0.6379938,1500,1.E.24,1.E.24
E7MNX8,1.E.24.2,1.E.24.1,0.66593164,1501,1.E.24,1.E.24
G1WGA3,1.E.24.3,1.E.24.3,0.999997,1502,1.E.24,1.E.24
C1D824,1.E.25.1,1.E.25.2,0.7614229,1507,1.E.25,1.E.25
WP_083008638,1.E.25.1,1.E.25.2,0.6445389,1508,1.E.25,1.E.25
RYC38893,1.E.25.2,1.E.25.2,0.7076923,1514,1.E.25,1.E.25
ALA46464,1.E.25.2,1.E.25.2,0.7268952,1515,1.E.25,1.E.25
C3GBU6,1.E.27.1,1.E.27.1,0.99983335,1522,1.E.27,1.E.27
CRG98304,1.E.27.1,1.E.27.1,0.9994772,1523,1.E.27,1.E.27
RYS64810,1.E.29.1,1.E.29.1,0.54035556,1528,1.E.29,1.E.29
F9DMS4,1.E.29.2,1.E.29.1,0.6617515,1534,1.E.29,1.E.29
QOQ37200,1.E.29.2,1.E.29.2,0.78592646,1535,1.E.29,1.E.29
WP_116059751,1.E.29.3,1.E.29.3,0.9999105,1538,1.E.29,1.E.29
D5CT34,1.E.33.1,1.E.33.1,0.9914619,1544,1.E.33,1.E.33
G4FVE2,1.E.33.1,1.E.33.1,0.99991775,1545,1.E.33,1.E.33
R4JJW4,1.E.4.1,1.E.4.1,0.9999602,1549,1.E.4,1.E.4
ESK64892,1.E.42.1,1.E.42.1,0.99969494,1555,1.E.42,1.E.42
QDX55601,1.E.42.1,1.E.42.1,0.99993896,1556,1.E.42,1.E.42
WP_081276159,1.E.44.1,1.E.44.1,0.99998987,1559,1.E.44,1.E.44
W7Wfe7,1.E.50.1,1.E.50.1,0.99999034,1562,1.E.50,1.E.50
D4L5L5,1.E.52.1,1.E.52.1,0.99874985,1564,1.E.52,1.E.52
C4FBP7,1.E.52.2,1.E.52.2,0.9999993,1565,1.E.52,1.E.52
B8JFG0,1.E.52.3,1.E.52.1,0.62352854,1568,1.E.52,1.E.52
K4WL31,1.E.53.1,1.E.53.1,0.9224931,1577,1.E.53,1.E.53
E7J6N6,1.E.53.1,1.E.53.1,0.9993175,1578,1.E.53,1.E.53
P13970,1.E.53.1,1.E.53.1,0.99751866,1579,1.E.53,1.E.53
E9U5S4,1.E.53.2,1.E.53.2,0.9982509,1580,1.E.53,1.E.53
M4K1R4,1.E.56.1,1.E.56.1,0.9997931,1590,1.E.56,1.E.56
B0VUM9,1.E.56.1,1.E.56.1,0.9995648,1591,1.E.56,1.E.56
K4PA82,1.E.56.1,1.E.56.1,0.999172,1592,1.E.56,1.E.56
Q859D9,1.E.6.1,1.E.6.1,0.67807275,1595,1.E.6,1.E.6
KOQ79687,1.E.6.2,1.E.6.2,0.5971409,1603,1.E.6,1.E.6
YP_009798665,1.E.6.2,1.E.6.1,0.69344413,1604,1.E.6,1.E.6
C1D8E7,1.E.6.3,1.E.6.2,0.62746906,1609,1.E.6,1.E.6
WLJ89320,1.E.6.3,1.E.6.2,0.5119885,1610,1.E.6,1.E.6
WP_080520514,1.E.61.1,1.E.61.1,0.9999658,1612,1.E.61,1.E.61
WP_006300053,1.E.62.1,1.E.62.1,0.9991278,1619,1.E.62,1.E.62
WP_072024012,1.E.62.1,1.E.62.1,0.9996939,1620,1.E.62,1.E.62
WP_033100758,1.E.65.1,1.E.65.1,0.9999242,1626,1.E.65,1.E.65
WP_221178964,1.E.65.1,1.E.65.1,0.9999602,1627,1.E.65,1.E.65
WP_077419983,1.E.7.1,1.E.7.1,0.6876198,1631,1.E.7,1.E.7
WP_097540830,1.E.7.2,1.E.7.1,0.79719,1637,1.E.7,1.E.7
WP_055414402,1.E.7.2,1.E.7.1,0.9345841,1638,1.E.7,1.E.7
MDI6753459,1.E.71.1,1.E.71.1,0.9997459,1643,1.E.71,1.E.71
K7NTM2,1.E.8.1,1.E.8.1,0.9998945,1648,1.E.8,1.E.8
AZU98589,1.E.8.1,1.E.8.1,0.99988925,1649,1.E.8,1.E.8
C1A5F4,1.E.9.1,1.E.9.1,0.9999448,1659,1.E.9,1.E.9
Q8KCM5,1.E.9.1,1.E.9.1,0.99991,1660,1.E.9,1.E.9
B3QMN8,1.E.9.1,1.E.9.1,0.9999051,1661,1.E.9,1.E.9
AMQ26458,1.G.1.1,1.G.1.1,0.99989843,1667,1.G.1,1.G.1
AFV53227,1.G.1.1,1.G.1.1,0.99989843,1668,1.G.1,1.G.1
P03397,1.G.12.1,1.G.12.1,0.99991786,1669,1.G.12,1.G.12
Q1PDC7,1.G.12.2,1.G.12.2,0.9997763,1673,1.G.12,1.G.12
AVM87398,1.G.14.1,1.G.14.1,0.999864,1676,1.G.14,1.G.14
P28977,1.G.15.1,1.G.15.1,0.9999722,1680,1.G.15,1.G.15
P04578,1.G.16.1,1.G.16.1,0.9999876,1683,1.G.16,1.G.16
YP_009724390,1.G.18.1,1.G.18.1,0.99980575,1689,1.G.18,1.G.18
YP_007188579,1.G.18.1,1.G.18.1,0.9998368,1690,1.G.18,1.G.18
O92765,1.G.2.1,1.G.2.1,0.9991773,1698,1.G.2,1.G.2
Q9IH63,1.G.2.1,1.G.2.1,0.99957293,1699,1.G.2,1.G.2
WP_150375648,1.G.2.2,1.G.2.2,0.9999436,1700,1.G.2,1.G.2
P09612,1.G.20.1,1.G.20.1,0.9517424,1704,1.G.20,1.G.20
B8PWH4,1.G.20.2,1.G.20.1,0.58698267,1707,1.G.20,1.G.20
O36400,1.G.21.1,1.G.21.1,0.9998865,1710,1.G.21,1.G.21
AFJ15605,1.G.4.1,1.G.4.1,0.99994445,1715,1.G.4,1.G.4
G0LWX4,1.G.4.1,1.G.4.1,0.8842399,1716,1.G.4,1.G.4
U5YDR4,1.G.5.1,1.G.5.1,0.9999788,1720,1.G.5,1.G.5
A7XED7,1.G.6.1,1.G.6.1,0.9999988,1721,1.G.6,1.G.6
YP_002929490,1.G.8.1,1.G.8.1,0.99985576,1726,1.G.8,1.G.8
NP_775596,1.G.9.1,1.G.9.2,0.7450234,1729,1.G.9,1.G.9
Q7ZFT7,1.G.9.2,1.G.9.2,0.93602234,1734,1.G.9,1.G.9
M4HM10,1.G.9.2,1.G.9.2,0.9341254,1735,1.G.9,1.G.9
YP_010771824,1.J.1.1,1.J.1.1,0.9998198,1740,1.J.1,1.J.1
Q2LM93,1.K.3.1,1.K.3.1,0.9998578,1743,1.K.3,1.K.3
U3IYW3,1.L.1.1,1.L.1.1,0.99975365,1746,1.L.1,1.L.1
WP_250671306,1.M.7.1,1.M.7.1,0.999907,1751,1.M.7,1.M.7
WP_200664041,1.M.7.1,1.M.7.1,0.9998977,1752,1.M.7,1.M.7
A4GRC6,1.N.3.1,1.N.3.1,0.99884546,1758,1.N.3,1.N.3
Q4YCF6,1.N.3.1,1.N.3.1,0.998844,1759,1.N.3,1.N.3
E5S3P2,1.N.4.1,1.N.4.1,0.9998186,1764,1.N.4,1.N.4
Q99287,1.N.5.1,1.N.5.1,0.99019617,1770,1.N.5,1.N.5
Q6DD88,1.N.5.1,1.N.5.1,0.9996805,1771,1.N.5,1.N.5
O00291,1.N.7.1,1.N.7.1,0.9999999,1772,1.N.7,1.N.7
A1Z713,1.R.2.1,1.R.2.1,0.9997625,1777,1.R.2,1.R.2
Q96RL7,1.R.2.1,1.R.2.1,0.9998004,1778,1.R.2,1.R.2
WP_094276346,1.S.1.1,1.S.1.1,0.9992275,1788,1.S.1,1.S.1
6NER_A,1.S.1.1,1.S.1.1,0.9782784,1789,1.S.1,1.S.1
MBT6724251,1.S.1.1,1.S.1.1,0.9999727,1790,1.S.1,1.S.1
Q8U2E0,1.S.11.1,1.S.11.1,0.9999598,1793,1.S.11,1.S.11
3IO0_A,1.S.2.1,1.S.2.1,0.99968386,1796,1.S.2,1.S.2
WP_063040943,1.S.2.2,1.S.2.2,0.9999962,1797,1.S.2,1.S.2
AAD39019,1.S.2.3,1.S.2.3,0.99999917,1798,1.S.2,1.S.2
GCA95139,1.S.3.1,1.S.3.1,0.9999807,1801,1.S.3,1.S.3
4OLP_A,1.S.4.1,1.S.4.1,0.9999958,1802,1.S.4,1.S.4
P41792,1.S.5.1,1.S.5.1,0.9993387,1804,1.S.5,1.S.5
D0LZ73,1.S.7.1,1.S.7.1,0.9999248,1808,1.S.7,1.S.7
V5SGX5,1.S.8.1,1.S.8.1,0.9998636,1811,1.S.8,1.S.8
WP_039622912,1.W.1.1,1.W.1.1,0.99942976,1819,1.W.1,1.W.1
WP_073187488,1.W.1.1,1.W.1.1,0.9992693,1820,1.W.1,1.W.1
WP_115732651,1.W.10.1,1.W.10.1,0.86310357,1825,1.W.10,1.W.10
PNX53637,1.W.10.2,1.W.10.3,0.86413574,1827,1.W.10,1.W.10
AXP07702,1.W.10.3,1.W.10.3,0.99996614,1831,1.W.10,1.W.10
KQC09679,1.W.3.1,1.W.3.2,0.8929401,1839,1.W.3,1.W.3
WP_037616440,1.W.3.1,1.W.3.1,0.91938996,1840,1.W.3,1.W.3
RLG54911,1.W.3.2,1.W.3.2,0.8105154,1845,1.W.3,1.W.3
WP_155320278,1.W.3.2,1.W.3.1,0.96330893,1846,1.W.3,1.W.3
WP_140461085,1.W.4.1,1.W.4.1,0.999428,1851,1.W.4,1.W.4
Q76RH0,1.W.4.1,1.W.4.1,0.99952865,1852,1.W.4,1.W.4
MAG24778,1.W.5.1,1.W.5.1,0.9994603,1860,1.W.5,1.W.5
WP_077072253,1.W.5.1,8.B.28.2,0.16324335,1861,1.W.5,8.B.28
RLG01344,1.W.8.1,1.W.8.1,0.99997556,1869,1.W.8,1.W.8
TXH14527,1.W.8.1,1.W.8.1,0.999874,1870,1.W.8,1.W.8
A7XXR3,1.W.9.1,1.W.9.1,0.72434163,1883,1.W.9,1.W.9
WP_053235977,1.W.9.1,1.W.9.1,0.755043,1884,1.W.9,1.W.9
WP_025803616,1.W.9.1,1.W.9.1,0.6507416,1885,1.W.9,1.W.9
RXG66789,1.W.9.1,1.W.9.1,0.5050726,1886,1.W.9,1.W.9
HBY62778,1.W.9.2,1.W.9.2,0.9171568,1888,1.W.9,1.W.9
AXH46464,1.W.9.3,1.W.9.3,0.541504,1889,1.W.9,1.W.9
HAM56808,1.W.9.4,1.W.9.4,0.9999784,1890,1.W.9,1.W.9
F5X5Y2,2.A.10.1,2.A.10.1,0.9969625,1895,2.A.10,2.A.10
S4H275,2.A.10.1,2.A.10.1,0.99995947,1896,2.A.10,2.A.10
RQM11249,2.A.100.1,2.A.100.1,0.97163105,1902,2.A.100,2.A.100
Q9I9R3,2.A.100.1,2.A.100.2,0.5249162,1903,2.A.100,2.A.100
XP_012758493,2.A.100.2,2.A.100.1,0.9803699,1905,2.A.100,2.A.100
C6B3K0,2.A.101.1,2.A.101.1,0.9999435,1907,2.A.101,2.A.101
WP_076734059,2.A.103.1,8.B.28.2,0.16237256,1917,2.A.103,8.B.28
WP_082139284,2.A.103.1,2.A.103.1,0.99970835,1918,2.A.103,2.A.103
WP_071389592,2.A.103.1,2.A.103.1,0.99986196,1919,2.A.103,2.A.103
G4R961,2.A.104.1,2.A.104.1,0.99340266,1921,2.A.104,2.A.104
H5SVY7,2.A.104.2,2.A.104.2,0.99586016,1922,2.A.104,2.A.104
KKP64473,2.A.104.3,2.A.104.1,0.6070637,1924,2.A.104,2.A.104
WP_089030044,2.A.107.1,2.A.107.1,0.94254297,1929,2.A.107,2.A.107
E4RIT5,2.A.107.2,2.A.107.2,0.99986696,1930,2.A.107,2.A.107
L8Q2C2,2.A.107.3,2.A.107.3,0.93109375,1931,2.A.107,2.A.107
I1HMH4,2.A.109.1,2.A.109.1,0.6383524,1937,2.A.109,2.A.109
P42601,2.A.109.1,2.A.109.1,0.6093705,1938,2.A.109,2.A.109
L5DDD7,2.A.109.2,2.A.109.1,0.6534771,1941,2.A.109,2.A.109
L7KNF9,2.A.109.3,2.A.109.3,0.9999609,1943,2.A.109,2.A.109
O05407,2.A.11.1,2.A.11.1,0.7405777,1948,2.A.11,2.A.11
A4QA05,2.A.11.1,2.A.11.2,0.6313184,1949,2.A.11,2.A.11
D7AXM6,2.A.11.2,2.A.11.1,0.7390182,1952,2.A.11,2.A.11
Q4QSA9,2.A.111.1,2.A.111.1,0.99991715,1955,2.A.111,2.A.111
Q821X2,2.A.111.2,2.A.111.1,0.99980575,1957,2.A.111,2.A.111
K2REU1,2.A.116.1,2.A.116.1,0.57922333,1963,2.A.116,2.A.116
K6W6C5,2.A.116.1,2.A.116.1,0.7706029,1964,2.A.116,2.A.116
Q7TUV9,2.A.116.2,2.A.116.1,0.6923298,1966,2.A.116,2.A.116
B8I848,2.A.116.3,2.A.116.3,0.7994012,1970,2.A.116,2.A.116
A3QJL3,2.A.117.1,2.A.117.1,0.6312146,1981,2.A.117,2.A.117
A0B354,2.A.117.1,2.A.117.1,0.5006324,1982,2.A.117,2.A.117
Q87QJ4,2.A.117.1,2.A.117.2,0.5153093,1983,2.A.117,2.A.117
MBK8180943,2.A.117.2,2.A.117.2,0.5405682,1986,2.A.117,2.A.117
WP_203595623,2.A.117.3,2.A.117.3,0.9999851,1987,2.A.117,2.A.117
Q38YQ0,2.A.118.1,2.A.118.1,0.99953675,1994,2.A.118,2.A.118
P39263,2.A.118.1,2.A.118.1,0.99935585,1995,2.A.118,2.A.118
WP_069955515,2.A.119.1,2.A.119.1,0.98931646,2000,2.A.119,2.A.119
Q8EJL9,2.A.119.1,2.A.119.3,0.45107478,2001,2.A.119,2.A.119
WP_048118532,2.A.119.2,2.A.119.3,0.5166525,2006,2.A.119,2.A.119
WP_092498738,2.A.119.3,2.A.119.2,0.5133254,2013,2.A.119,2.A.119
OIO63212,2.A.119.3,2.A.119.2,0.50779915,2014,2.A.119,2.A.119
J6H8T7,2.A.120.1,2.A.120.1,0.99887615,2026,2.A.120,2.A.120
A8MA30,2.A.120.1,2.A.120.1,0.9987771,2027,2.A.120,2.A.120
ARG45194,2.A.120.1,2.A.120.1,0.99848926,2028,2.A.120,2.A.120
P42102,2.A.122.1,2.A.122.1,0.99712104,2035,2.A.122,2.A.122
WP_159220376,2.A.122.1,2.A.122.1,0.99690837,2036,2.A.122,2.A.122
B8CB30,2.A.122.2,2.A.122.2,0.9914743,2041,2.A.122,2.A.122
B5YN56,2.A.122.2,8.B.28.2,0.15862568,2042,2.A.122,8.B.28
KKP01475,2.A.122.3,2.A.122.3,0.9996307,2043,2.A.122,2.A.122
C3MTK1,2.A.124.1,2.A.124.1,0.9991697,2050,2.A.124,2.A.124
X2JQJ2,2.A.124.1,2.A.124.1,0.99922764,2051,2.A.124,2.A.124
D2VY17,2.A.125.1,2.A.125.1,0.99991167,2056,2.A.125,2.A.125
OQJ72346,2.A.129.1,2.A.129.1,0.7943237,2065,2.A.129,2.A.129
WP_074970406,2.A.129.1,2.A.129.1,0.8419074,2066,2.A.129,2.A.129
WP_027108241,2.A.129.1,2.A.129.2,0.8387733,2067,2.A.129,2.A.129
WP_086951747,2.A.129.2,2.A.129.1,0.6792763,2071,2.A.129,2.A.129
Q0PC49,2.A.13.1,2.A.13.1,0.9994916,2076,2.A.13,2.A.13
Q0PAK3,2.A.13.1,8.B.28.2,0.15700914,2077,2.A.13,8.B.28
K0P0B6,2.A.13.2,2.A.13.2,0.99990964,2078,2.A.13,2.A.13
RKY32654,2.A.131.1,2.A.131.1,0.9996736,2084,2.A.131,2.A.131
RZN41577,2.A.131.1,2.A.131.1,0.9998585,2085,2.A.131,2.A.131
P42401,2.A.133.1,2.A.133.2,0.5233175,2096,2.A.133,2.A.133
B4AEM5,2.A.133.1,2.A.133.1,0.50132996,2097,2.A.133,2.A.133
K2JND9,2.A.133.1,2.A.133.2,0.99602723,2098,2.A.133,2.A.133
WP_022597737,2.A.133.2,2.A.133.1,0.5085242,2102,2.A.133,2.A.133
Q8TUV1,2.A.14.1,2.A.14.1,0.9999758,2106,2.A.14,2.A.14
AOY58527,2.A.14.2,2.A.14.1,0.99900395,2108,2.A.14,2.A.14
Q6IUV3,2.A.15.1,2.A.15.1,0.99709094,2120,2.A.15,2.A.15
AIU86122,2.A.15.1,2.A.15.1,0.99741083,2121,2.A.15,2.A.15
AJH13638,2.A.15.1,2.A.15.1,0.9984067,2122,2.A.15,2.A.15
B7L6S9,2.A.15.2,2.A.15.1,0.9974335,2125,2.A.15,2.A.15
P44741,2.A.16.1,2.A.16.4,0.7259094,2127,2.A.16,2.A.16
I7ZSL4,2.A.16.2,2.A.16.2,0.9999534,2130,2.A.16,2.A.16
T2I8Z9,2.A.16.3,2.A.16.4,0.706101,2133,2.A.16,2.A.16
Q4J820,2.A.16.4,8.B.28.2,0.16407235,2138,2.A.16,8.B.28
Q9KY69,2.A.16.4,8.B.28.2,0.15926017,2139,2.A.16,8.B.28
Q9FLV9,2.A.16.5,2.A.16.5,0.99867624,2141,2.A.16,2.A.16
WP_057757662,2.A.16.6,2.A.16.6,0.9932801,2144,2.A.16,2.A.16
P0A2F9,2.A.24.1,2.A.24.2,0.76090974,2146,2.A.24,2.A.24
Q8VS41,2.A.24.2,2.A.24.2,0.8721835,2151,2.A.24,2.A.24
Q48769,2.A.24.3,2.A.24.3,0.99999607,2153,2.A.24,2.A.24
W0WFC6,2.A.25.1,2.A.25.1,0.9988244,2162,2.A.25,2.A.25
P30143,2.A.25.1,2.A.25.1,0.9985833,2163,2.A.25,2.A.25
F2HK99,2.A.26.1,2.A.26.1,0.9997625,2172,2.A.26,2.A.26
P0AD99,2.A.26.1,2.A.26.1,0.9992101,2173,2.A.26,2.A.26
K0J2V5,2.A.27.1,2.A.27.1,0.9649486,2178,2.A.27,2.A.27
M1QJN9,2.A.27.2,2.A.27.1,0.9949705,2180,2.A.27,2.A.27
Q9S1X8,2.A.33.1,2.A.33.1,0.9996921,2186,2.A.33,2.A.33
XP_003075324,2.A.33.1,2.A.33.1,0.9999522,2187,2.A.33,2.A.33
Q9I2S5,2.A.34.1,2.A.34.1,0.9999685,2190,2.A.34,2.A.34
Q8A897,2.A.35.1,2.A.35.1,0.631138,2198,2.A.35,2.A.35
T1YBZ7,2.A.35.1,2.A.35.1,0.60159546,2199,2.A.35,2.A.35
Q838P8,2.A.35.2,2.A.35.2,0.6625729,2203,2.A.35,2.A.35
P42312,2.A.41.1,2.A.41.1,0.86279005,2206,2.A.41,2.A.41
Q9KPL5,2.A.41.2,2.A.41.1,0.85241073,2217,2.A.41,2.A.41
A1Z7N3,2.A.41.2,2.A.41.2,0.9898782,2218,2.A.41,2.A.41
O00337,2.A.41.2,2.A.41.2,0.9888466,2219,2.A.41,2.A.41
F0LJG4,2.A.42.1,2.A.42.1,0.7091425,2226,2.A.42,2.A.42
AKM78056,2.A.42.1,2.A.42.1,0.9490095,2227,2.A.42,2.A.42
P63340,2.A.42.2,2.A.42.1,0.7152265,2232,2.A.42,2.A.42
WP_078436298,2.A.45.1,2.A.45.2,0.57832205,2234,2.A.45,2.A.45
XP_015614851,2.A.45.2,2.A.45.2,0.9035728,2241,2.A.45,2.A.45
UYL04267,2.A.45.2,2.A.45.2,0.82664,2242,2.A.45,2.A.45
A1SPN6,2.A.45.3,2.A.45.2,0.8084718,2244,2.A.45,2.A.45
P76103,2.A.46.1,2.A.46.1,0.99832624,2253,2.A.46,2.A.46
Q88I34,2.A.46.1,8.B.28.2,0.16565727,2254,2.A.46,8.B.28
7TAK_A,2.A.46.1,2.A.46.1,0.99923396,2255,2.A.46,2.A.46
A8BIM9,2.A.48.1,2.A.48.1,0.9999387,2261,2.A.48,2.A.48
O45166,2.A.48.1,2.A.48.1,0.99969125,2262,2.A.48,2.A.48
Q7S3L8,2.A.52.1,2.A.52.1,0.82048345,2270,2.A.52,2.A.52
R1EDF9,2.A.52.1,2.A.52.2,0.64981276,2271,2.A.52,2.A.52
C7PI41,2.A.52.2,8.B.28.2,0.1570594,2276,2.A.52,8.B.28
Q7NN80,2.A.52.2,8.B.28.2,0.1609793,2277,2.A.52,8.B.28
SFO07861,2.A.58.1,2.A.58.2,0.9279101,2285,2.A.58,2.A.58
R4VUJ8,2.A.58.1,2.A.58.1,0.6442291,2286,2.A.58,2.A.58
Q0W3W9,2.A.58.2,2.A.58.2,0.70816594,2292,2.A.58,2.A.58
RLG13389,2.A.58.2,2.A.58.2,0.6054032,2293,2.A.58,2.A.58
A5KHL1,2.A.61.1,8.B.28.2,0.16139247,2297,2.A.61,8.B.28
C0QDE6,2.A.61.2,2.A.61.2,0.9999299,2301,2.A.61,2.A.61
A5F120,2.A.62.1,2.A.62.1,0.9994128,2307,2.A.62,2.A.62
WP_020086767,2.A.62.1,2.A.62.1,0.99956316,2308,2.A.62,2.A.62
Q183S2,2.A.68.1,2.A.68.1,0.9993622,2313,2.A.68,2.A.68
A8WCI8,2.A.71.1,2.A.71.1,0.9098296,2318,2.A.71,2.A.71
V5B8W0,2.A.71.1,2.A.71.1,0.90930027,2319,2.A.71,2.A.71
Q9XIQ7,2.A.71.2,2.A.71.1,0.9234306,2325,2.A.71,2.A.71
Q8IBB7,2.A.71.2,2.A.71.2,0.9972145,2326,2.A.71,2.A.71
Q9CHU5,2.A.72.1,2.A.72.1,0.9999528,2329,2.A.72,2.A.72
Q0G848,2.A.72.2,2.A.72.3,0.70285136,2331,2.A.72,2.A.72
Q9FE38,2.A.72.3,2.A.72.3,0.99484164,2341,2.A.72,2.A.72
Q19A13,2.A.72.3,2.A.72.3,0.996765,2342,2.A.72,2.A.72
O49423,2.A.72.3,2.A.72.3,0.99807477,2343,2.A.72,2.A.72
F8D4C5,2.A.73.1,2.A.73.1,0.9998323,2346,2.A.73,2.A.73
M7BP63,2.A.74.1,2.A.74.2,0.84360236,2352,2.A.74,2.A.74
XP_015987553,2.A.74.1,2.A.74.1,0.6129754,2353,2.A.74,2.A.74
C3XYE5,2.A.74.2,2.A.74.1,0.94758844,2361,2.A.74,2.A.74
E2B9N7,2.A.74.2,2.A.74.2,0.8119279,2362,2.A.74,2.A.74
B5U2Z3,2.A.75.1,2.A.75.1,0.9999887,2366,2.A.75,2.A.75
D5FKJ1,2.A.76.1,2.A.76.1,0.9263937,2377,2.A.76,2.A.76
AKM77924,2.A.76.1,2.A.76.1,0.9922718,2378,2.A.76,2.A.76
KKK40645,2.A.76.1,2.A.76.3,0.9995726,2379,2.A.76,2.A.76
V9RYY0,2.A.76.2,2.A.76.1,0.98086035,2382,2.A.76,2.A.76
A3U6A7,2.A.76.3,2.A.76.3,0.99999845,2383,2.A.76,2.A.76
Q3IPU1,2.A.77.1,2.A.77.1,0.99918026,2388,2.A.77,2.A.77
Q8RFA1,2.A.8.1,2.A.8.1,0.9987379,2401,2.A.8,2.A.8
Q81E21,2.A.8.1,2.A.8.1,0.9994753,2402,2.A.8,2.A.8
H7C6B2,2.A.8.1,2.A.8.1,0.99991524,2403,2.A.8,2.A.8
B7L824,2.A.81.1,2.A.81.2,0.62768424,2408,2.A.81,2.A.81
Q845W9,2.A.81.1,2.A.81.1,0.897806,2409,2.A.81,2.A.81
A6LP55,2.A.81.2,2.A.81.2,0.5238861,2411,2.A.81,2.A.81
P73953,2.A.83.1,2.A.83.2,0.60078555,2412,2.A.83,2.A.83
A9DHE6,2.A.83.2,2.A.83.2,0.6030478,2413,2.A.83,2.A.83
Q8Y5W0,2.A.87.1,2.A.87.1,0.7058279,2417,2.A.87,2.A.87
F9LXW4,2.A.87.2,2.A.87.3,0.9994351,2419,2.A.87,2.A.87
A9NEB8,2.A.87.3,2.A.87.3,0.9396657,2422,2.A.87,2.A.87
Q14P12,2.A.87.4,2.A.87.2,0.33179867,2425,2.A.87,2.A.87
AFN04413,2.A.87.5,2.A.87.4,0.5116218,2428,2.A.87,2.A.87
Q54IJ2,2.A.92.1,2.A.92.1,0.99977344,2437,2.A.92,2.A.92
Q94AN2,2.A.92.1,2.A.92.1,0.9998815,2438,2.A.92,2.A.92
Q9UBH6,2.A.94.1,2.A.94.1,0.99978477,2444,2.A.94,2.A.94
P16151,2.A.94.1,2.A.94.1,0.99940825,2445,2.A.94,2.A.94
P25743,2.A.95.1,8.B.28.2,0.16330902,2452,2.A.95,8.B.28
B8HLY6,2.A.95.1,2.A.95.1,0.9999752,2453,2.A.95,2.A.95
KAG2233815,2.A.96.1,2.A.96.1,0.5488722,2465,2.A.96,2.A.96
WP_084729956,2.A.96.1,2.A.96.2,0.5392515,2466,2.A.96,2.A.96
NLT21186,2.A.96.1,2.A.96.1,0.99468756,2467,2.A.96,2.A.96
KXS96282,2.A.96.2,2.A.96.1,0.66802835,2470,2.A.96,2.A.96
Q6P1Q0,2.A.97.1,2.A.97.1,0.99989593,2477,2.A.97,2.A.97
Q8I1R5,2.A.97.1,2.A.97.1,0.9999088,2478,2.A.97,2.A.97
WP_162301253,2.A.99.1,2.A.99.1,0.9993419,2485,2.A.99,2.A.99
WP_149777770,2.A.99.1,2.A.99.1,0.9996425,2486,2.A.99,2.A.99
Q9UP52,2.B.93.1,2.B.93.1,0.9407553,2488,2.B.93,2.B.93
A0BM91,2.D.1.1,2.D.1.1,0.9998753,2496,2.D.1,2.D.1
Q9VC05,2.D.1.1,2.D.1.1,0.9998399,2497,2.D.1,2.D.1
C0SP86,3.A.12.1,3.A.12.1,0.94639516,2502,3.A.12,3.A.12
P22409,3.A.12.2,3.A.12.2,0.9897249,2503,3.A.12,3.A.12
Q3LAJ2,3.A.12.3,3.A.12.2,0.9807715,2505,3.A.12,3.A.12
YP_008130281,3.A.13.1,3.A.13.1,0.9999609,2508,3.A.13,3.A.13
Q9Y276,3.A.28.1,3.A.28.1,0.9999932,2513,3.A.28,3.A.28
KOO28456,3.E.3.1,3.E.3.1,0.99969196,2522,3.E.3,3.E.3
WP_055898914,3.E.3.1,3.E.3.1,0.9991572,2523,3.E.3,3.E.3
P50416,4.C.2.1,4.C.2.1,0.9999918,2526,4.C.2,4.C.2
S7VV85,4.E.1.1,4.E.1.1,0.99996877,2531,4.E.1,4.E.1
Q5CWX6,4.E.1.1,4.E.1.1,0.9997067,2532,4.E.1,4.E.1
K0WKG7,4.F.1.1,4.F.1.3,0.9377198,2540,4.F.1,4.F.1
TAJ02730,4.F.1.1,4.F.1.1,0.5526839,2541,4.F.1,4.F.1
G5SQC7,4.F.1.2,4.F.1.1,0.81798005,2543,4.F.1,4.F.1
OIO15329,4.F.1.3,4.F.1.1,0.8303209,2548,4.F.1,4.F.1
WP_051595943,4.H.1.1,4.H.1.1,0.9987204,2555,4.H.1,4.H.1
RIJ99294,4.H.1.1,4.H.1.1,0.9986507,2556,4.H.1,4.H.1
VDG77260,4.H.1.2,4.H.1.2,0.99966824,2560,4.H.1,4.H.1
Q9KV73,5.B.10.1,5.B.10.1,0.9999995,2561,5.B.10,5.B.10
RWX50390,5.B.15.1,5.B.15.1,0.99999976,2562,5.B.15,5.B.15
Q5D8X4,5.B.2.1,5.B.2.1,0.99125844,2569,5.B.2,5.B.2
Q9SWS1,5.B.2.1,5.B.2.1,0.7944563,2570,5.B.2,5.B.2
A8IUR9,5.B.2.2,5.B.2.3,0.63811743,2575,5.B.2,5.B.2
Q9SV71,5.B.2.2,5.B.2.3,0.5369073,2576,5.B.2,5.B.2
KHN35905,5.B.2.3,5.B.2.1,0.57831186,2581,5.B.2,5.B.2
PIY59600,5.B.6.1,5.B.6.1,0.99960226,2586,5.B.6,5.B.6
Q8XB73,5.B.7.1,5.B.7.1,0.9938607,2587,5.B.7,5.B.7
Q7NNK2,5.B.7.2,5.B.7.2,0.6725365,2588,5.B.7,5.B.7
F8L6Z5,5.B.7.3,5.B.7.3,0.92502904,2589,5.B.7,5.B.7
D7C9K8,5.B.7.4,5.B.7.2,0.62774056,2590,5.B.7,5.B.7
P37683,8.A.1.1,8.A.1.1,0.8184498,2594,8.A.1,8.A.1
M4VE83,8.A.1.2,8.A.1.4,0.4847139,2596,8.A.1,8.A.1
OUT43425,8.A.1.3,8.A.1.3,0.57919127,2602,8.A.1,8.A.1
BAB77003,8.A.1.3,8.A.1.3,0.7122556,2603,8.A.1,8.A.1
P36498,8.A.1.4,8.A.1.3,0.5281411,2605,8.A.1,8.A.1
Q9XDR9,8.A.1.5,8.A.1.5,0.99992526,2606,8.A.1,8.A.1
Q7UZ72,8.A.1.6,8.A.1.6,0.99377716,2610,8.A.1,8.A.1
P46482,8.A.1.7,8.A.1.1,0.5984277,2611,8.A.1,8.A.1
Q6FHJ6,8.A.10.1,8.A.10.1,0.88042015,2613,8.A.10,8.A.10
Q9D808,8.A.10.2,8.A.10.2,0.77703506,2614,8.A.10,8.A.10
Q9Y6H6,8.A.10.3,8.A.10.3,0.5965532,2617,8.A.10,8.A.10
Q9WTW3,8.A.10.4,8.A.10.4,0.7648046,2618,8.A.10,8.A.10
XP_020894714,8.A.101.1,8.A.101.1,0.9998287,2622,8.A.101,8.A.101
Q16799,8.A.102.1,8.A.102.1,0.9809725,2631,8.A.102,8.A.102
V8NAX5,8.A.102.1,8.A.102.1,0.9863988,2632,8.A.102,8.A.102
CUV07185,8.A.102.2,8.A.102.2,0.98643863,2637,8.A.102,8.A.102
PJF17748,8.A.103.1,8.A.103.1,0.99838674,2649,8.A.103,8.A.103
XP_010699644,8.A.103.1,8.A.103.1,0.9997671,2650,8.A.103,8.A.103
Q22DV9,8.A.103.1,8.A.103.1,0.9959772,2651,8.A.103,8.A.103
P53355,8.A.104.1,8.B.28.2,0.16167726,2664,8.A.104,8.B.28
Q9BXM7,8.A.104.1,8.B.28.2,0.1553048,2665,8.A.104,8.B.28
NP_001257414,8.A.104.1,8.B.28.2,0.15680285,2666,8.A.104,8.B.28
Q6MZM0,8.A.105.1,8.A.105.1,0.9995951,2669,8.A.105,8.A.105
Q9H902,8.A.108.1,8.A.108.1,0.9997249,2677,8.A.108,8.A.108
Q96HR9,8.A.108.1,8.A.108.1,0.9999336,2678,8.A.108,8.A.108
WP_130079951,8.A.11.1,8.A.11.1,0.9999846,2681,8.A.11,8.A.11
CBJ48530,8.A.111.1,8.A.111.1,0.99943787,2689,8.A.111,8.A.111
XP_022310796,8.A.111.1,8.A.111.1,0.38134378,2690,8.A.111,8.A.111
Q8N682,8.A.113.1,8.A.113.1,0.99990785,2698,8.A.113,8.A.113
Q6UX65,8.A.113.1,8.A.113.1,0.99986804,2699,8.A.113,8.A.113
XP_026683869,8.A.115.1,8.A.115.1,0.20536946,2706,8.A.115,8.A.115
RNA30858,8.A.115.1,8.A.115.7,0.30225167,2707,8.A.115,8.A.115
XP_005822896,8.A.115.2,8.A.115.7,0.30517772,2710,8.A.115,8.A.115
WP_018930613,8.A.115.3,8.A.115.3,0.23903865,2711,8.A.115,8.A.115
OWB63767,8.A.115.4,8.A.115.4,0.31503114,2712,8.A.115,8.A.115
KAI8905181,8.A.115.5,8.A.115.1,0.6276709,2714,8.A.115,8.A.115
XP_001748139,8.A.115.6,8.A.115.1,0.23246695,2717,8.A.115,8.A.115
TPX40645,8.A.115.7,8.A.115.7,0.38288683,2718,8.A.115,8.A.115
WBW72430,8.A.115.8,8.A.115.1,0.23430829,2719,8.A.115,8.A.115
Q8NEW7,8.A.116.1,8.A.116.1,0.9417576,2721,8.A.116,8.A.116
Q9XXE7,8.A.116.2,8.A.116.2,0.99991095,2722,8.A.116,8.A.116
Q9VIM4,8.A.116.3,8.A.116.3,0.9942068,2723,8.A.116,8.A.116
Q9XTG1,8.A.117.1,8.A.117.1,0.9996872,2728,8.A.117,8.A.117
Q9NZ94,8.A.117.1,8.A.117.1,0.9998747,2729,8.A.117,8.A.117
GAV02799,8.A.118.1,8.A.118.1,0.9991246,2738,8.A.118,8.A.118
XP_019853507,8.A.118.1,8.A.118.1,0.9993718,2739,8.A.118,8.A.118
P37249,8.A.12.1,8.A.12.1,0.99988484,2741,8.A.12,8.A.12
WP_014802473,8.A.120.1,8.A.120.1,0.9999938,2746,8.A.120,8.A.120
NP_001154233,8.A.120.1,8.B.28.2,0.16057457,2747,8.A.120,8.B.28
Q9W145,8.A.120.2,8.A.120.2,0.99701536,2749,8.A.120,8.A.120
Q96DR4,8.A.120.3,8.A.120.3,0.9999999,2750,8.A.120,8.A.120
Q20687,8.A.121.1,8.A.121.1,0.99975854,2755,8.A.121,8.A.121
XP_004672840,8.A.122.1,8.A.122.1,0.98019904,2758,8.A.122,8.A.122
XP_022318076,8.A.122.2,8.A.122.1,0.91304445,2761,8.A.122,8.A.122
XP_001747355,8.A.123.1,8.A.123.1,0.99762493,2767,8.A.123,8.A.123
Q9NQ34,8.A.123.1,8.A.123.1,0.9993923,2768,8.A.123,8.A.123
WP_031585819,8.A.123.2,8.A.123.2,0.99993265,2769,8.A.123,8.A.123
P57088,8.A.124.1,8.A.124.1,0.9992053,2772,8.A.124,8.A.124
Q96KA5,8.A.125.1,8.A.125.1,0.9997892,2777,8.A.125,8.A.125
XP_027796271,8.A.126.1,8.A.126.1,0.9980515,2780,8.A.126,8.A.126
XP_020477270,8.A.127.1,8.A.127.2,0.55499434,2784,8.A.127,8.A.127
XP_030900971,8.A.127.2,8.A.127.2,0.53052765,2788,8.A.127,8.A.127
XP_013349430,8.A.129.1,8.A.129.1,0.9998092,2794,8.A.129,8.A.129
GBG75892,8.A.129.1,8.A.129.1,0.99989057,2795,8.A.129,8.A.129
O42668,8.A.13.1,8.A.13.1,1.0,2796,8.A.13,8.A.13
P83748,8.A.131.1,8.A.131.1,0.9974292,2809,8.A.131,8.A.131
P00738,8.A.131.1,8.A.131.1,0.99949765,2810,8.A.131,8.A.131
B0FXM1,8.A.131.1,8.A.131.1,0.997884,2811,8.A.131,8.A.131
Q9BUZ4,8.A.133.1,8.A.133.1,0.99153835,2822,8.A.133,8.A.133
WGW18136,8.A.133.1,8.B.28.2,0.14182657,2823,8.A.133,8.B.28
Q9C039,8.A.133.1,8.B.28.2,0.15964,2824,8.A.133,8.B.28
ORZ11951,8.A.134.1,8.A.134.1,0.9999211,2829,8.A.134,8.A.134
Q6IIF2,8.A.135.1,8.A.135.2,0.63106966,2832,8.A.135,8.A.135
MPD02914,8.A.135.2,8.A.135.2,0.92847735,2837,8.A.135,8.A.135
Q96B67,8.A.136.1,8.A.136.1,0.99912447,2848,8.A.136,8.A.136
Q9H3M7,8.A.136.1,8.A.136.1,0.99911696,2849,8.A.136,8.A.136
Q20232,8.A.136.1,8.A.136.1,0.7147458,2850,8.A.136,8.A.136
XP_016921581,8.A.139.1,8.A.139.2,0.53590477,2852,8.A.139,8.A.139
SMO36342,8.A.139.2,8.A.139.1,0.83691907,2854,8.A.139,8.A.139
Q9NPA1,8.A.14.1,8.A.14.1,0.9999294,2858,8.A.14,8.A.14
XP_004208589,8.A.140.1,8.A.140.2,0.503437,2862,8.A.140,8.A.140
KAF5277533,8.A.140.2,8.A.140.2,0.8585967,2864,8.A.140,8.A.140
R1ELF4,8.A.141.1,8.A.141.1,0.9999567,2869,8.A.141,8.A.141
Q6IEE7,8.A.143.1,8.A.143.1,0.99996924,2874,8.A.143,8.A.143
TNV81984,8.A.144.1,8.A.144.1,0.99958366,2878,8.A.144,8.A.144
WP_144051564,8.A.144.2,8.A.144.2,0.9999839,2879,8.A.144,8.A.144
KAF2077471,8.A.145.1,8.A.145.1,0.9999957,2884,8.A.145,8.A.145
P30041,8.A.147.1,8.A.147.1,0.9997172,2887,8.A.147,8.A.147
B8B381,8.A.15.1,8.B.28.2,0.15181439,2891,8.A.15,8.B.28
WP_008488490,8.A.150.1,8.A.150.1,0.9999757,2895,8.A.150,8.A.150
O43865,8.A.151.1,8.A.151.1,0.9999999,2896,8.A.151,8.A.151
WP_181340520,8.A.153.1,8.A.153.1,0.99984443,2901,8.A.153,8.A.153
MBC7395593,8.A.153.2,8.A.153.2,0.9996698,2902,8.A.153,8.A.153
XP_034038246,8.A.154.1,8.A.154.1,0.9931745,2907,8.A.154,8.A.154
WP_082825104,8.A.155.1,8.A.155.1,0.9999374,2912,8.A.155,8.A.155
KAF5827728,8.A.155.1,8.A.155.1,0.99975103,2913,8.A.155,8.A.155
XP_315963,8.A.157.1,8.A.157.1,0.6372645,2917,8.A.157,8.A.157
XP_018009461,8.A.157.2,8.A.157.1,0.6370817,2918,8.A.157,8.A.157
P90489,8.A.159.1,8.A.159.3,0.59217143,2926,8.A.159,8.A.159
O60337,8.A.159.1,8.A.159.1,0.68504417,2927,8.A.159,8.A.159
XP_032802017,8.A.159.2,8.B.28.2,0.15331928,2929,8.A.159,8.B.28
PWZ10394,8.A.159.3,8.A.159.3,0.8686571,2931,8.A.159,8.A.159
Q96GS6,8.A.161.1,8.A.161.1,0.99999905,2932,8.A.161,8.A.161
Q16790,8.A.164.1,8.A.164.1,0.9999821,2933,8.A.164,8.A.164
VDL89025,8.A.166.1,8.A.166.1,0.99943537,2943,8.A.166,8.A.166
CAF2143533,8.A.166.1,8.A.166.1,0.9999163,2944,8.A.166,8.A.166
XP_028411903,8.A.166.1,8.A.166.1,0.9999176,2945,8.A.166,8.A.166
XP_011530207,8.A.168.1,8.A.168.1,0.9998573,2949,8.A.168,8.A.168
GAW06118,8.A.169.1,8.A.169.1,0.9997676,2958,8.A.169,8.A.169
SSD60863,8.A.169.1,8.A.169.1,0.99923086,2959,8.A.169,8.A.169
XP_001229202,8.A.169.1,8.A.169.1,0.99865675,2960,8.A.169,8.A.169
Q07699,8.A.17.1,8.A.17.3,0.9969447,2964,8.A.17,8.A.17
P25189,8.A.17.2,8.A.17.4,0.43215653,2968,8.A.17,8.A.17
AAO89003,8.A.17.3,8.A.17.4,0.55121493,2973,8.A.17,8.A.17
Q15116,8.A.17.4,8.A.17.4,0.6112093,2974,8.A.17,8.A.17
Q9NXB0,8.A.170.1,8.A.170.1,0.9999989,2975,8.A.170,8.A.170
CAF0816190,8.A.171.1,8.A.171.1,0.9999734,2979,8.A.171,8.A.171
XP_036123603,8.A.172.1,8.B.28.2,0.16103224,2984,8.A.172,8.B.28
HHM12341,8.A.172.2,8.A.172.2,0.9982003,2989,8.A.172,8.A.172
WP_165159837,8.A.172.2,8.A.172.2,0.99939954,2990,8.A.172,8.A.172
Q9H4B7,8.A.173.1,8.A.173.1,0.9999875,2992,8.A.173,8.A.173
HFO91905,8.A.174.1,8.A.174.1,0.9999733,2997,8.A.174,8.A.174
MBT5252923,8.A.174.1,8.A.174.1,0.99972993,2998,8.A.174,8.A.174
KAF4354721,8.A.175.1,8.A.175.2,0.742676,3000,8.A.175,8.A.175
XP_020163427,8.A.175.2,8.A.175.2,0.89786613,3005,8.A.175,8.A.175
WP_054576892,8.A.176.1,8.A.176.1,0.9998827,3009,8.A.176,8.A.176
UQL51144,8.A.177.1,8.A.177.1,0.9998722,3017,8.A.177,8.A.177
P50591,8.A.177.1,8.A.177.1,0.9999207,3018,8.A.177,8.A.177
KAG6546873,8.A.178.1,8.A.178.1,0.9997011,3025,8.A.178,8.A.178
XP_013762242,8.A.178.1,1.C.132.1,0.99972457,3026,8.A.178,1.C.132
Q9NY47,8.A.18.1,8.A.18.3,0.56205624,3028,8.A.18,8.A.18
Q5VU97,8.A.18.2,8.A.18.3,0.6036928,3030,8.A.18,8.A.18
Q7Z3S7,8.A.18.3,8.A.18.3,0.5587338,3032,8.A.18,8.A.18
WP_165133333,8.A.180.1,8.A.180.1,0.9974655,3035,8.A.180,8.A.180
VZI44309,8.A.181.1,8.A.181.1,0.9999893,3039,8.A.181,8.A.181
KAH8130706,8.A.182.1,8.A.182.1,0.9999651,3042,8.A.182,8.A.182
PSC71052,8.A.183.1,8.A.183.1,0.99995303,3047,8.A.183,8.A.183
ETW46879,8.A.183.1,8.A.183.1,0.9995065,3048,8.A.183,8.A.183
XP_020432384,8.A.185.1,8.A.185.1,0.99984276,3054,8.A.185,8.A.185
L0R6Q1,8.A.185.1,8.A.185.1,0.9999628,3055,8.A.185,8.A.185
O00592,8.A.187.1,8.A.187.1,1.0,3056,8.A.187,8.A.187
XP_001748040,8.A.188.1,8.A.188.1,0.9964162,3065,8.A.188,8.A.188
OMJ82451,8.A.188.1,8.A.188.1,0.99997044,3066,8.A.188,8.A.188
THD25096,8.A.189.1,8.A.189.1,0.9996716,3070,8.A.189,8.A.189
KJE94133,8.A.189.2,8.A.189.2,0.99999976,3071,8.A.189,8.A.189
Q4V5U6,8.A.19.1,8.A.19.1,0.99365294,3076,8.A.19,8.A.19
QID84842,8.A.190.1,8.A.190.1,0.99980253,3080,8.A.190,8.A.190
RMZ54818,8.A.191.1,8.A.191.1,0.99968016,3088,8.A.191,8.A.191
PXF60217,8.A.191.1,8.A.191.1,0.998264,3089,8.A.191,8.A.191
WP_224341048,8.A.192.1,8.A.192.1,0.99933296,3094,8.A.192,8.A.192
P25491,8.A.192.1,8.A.192.1,0.999432,3095,8.A.192,8.A.192
F4IVL6,8.A.192.2,8.A.192.2,0.999577,3099,8.A.192,8.A.192
KAG8010605,8.A.193.1,8.A.193.1,0.999961,3103,8.A.193,8.A.193
XP_029997346,8.A.194.1,8.B.28.2,0.14729808,3110,8.A.194,8.B.28
KAG2487039,8.A.194.1,8.A.194.1,0.9999778,3111,8.A.194,8.A.194
XP_031756194,8.A.196.1,8.A.196.1,0.9998254,3116,8.A.196,8.A.196
CDW53771,8.A.197.1,8.A.197.1,0.9994399,3120,8.A.197,8.A.197
P0AA95,8.A.2.1,8.A.2.1,0.9999316,3123,8.A.2,8.A.2
GBF99282,8.A.20.1,8.A.20.1,0.8154062,3126,8.A.20,8.A.20
KAF5839021,8.A.20.2,8.A.20.1,0.773986,3128,8.A.20,8.A.20
XP_005646384,8.A.20.3,8.A.20.1,0.8343406,3130,8.A.20,8.A.20
TMD93600,8.A.201.1,8.A.201.1,0.6592076,3135,8.A.201,8.A.201
MBS4889330,8.A.201.2,8.A.201.2,0.9857379,3140,8.A.201,8.A.201
TWW75268,8.A.202.1,8.A.202.1,0.9999541,3145,8.A.202,8.A.202
Q6PD74,8.A.203.1,8.A.203.1,0.9999993,3146,8.A.203,8.A.203
NP_001336488,8.A.204.1,8.A.204.1,0.999521,3152,8.A.204,8.A.204
P32926,8.A.204.1,8.A.204.1,0.9991447,3153,8.A.204,8.A.204
OLP90965,8.A.205.1,8.A.205.1,0.9999392,3159,8.A.205,8.A.205
SCM17177,8.A.205.1,8.A.205.1,0.99728787,3160,8.A.205,8.A.205
XP_045182095,8.A.206.1,8.A.206.1,0.99962556,3164,8.A.206,8.A.206
XP_033734125,8.A.208.1,8.A.208.1,0.99889743,3172,8.A.208,8.A.208
XP_048394075,8.A.208.1,8.A.208.1,0.9996644,3173,8.A.208,8.A.208
Q9VKM7,8.A.209.1,8.A.209.1,0.99986887,3175,8.A.209,8.A.209
RHY26985,8.A.210.1,8.A.210.1,0.7806517,3179,8.A.210,8.A.210
XP_031323901,8.A.211.1,8.A.211.1,0.99996936,3182,8.A.211,8.A.211
WP_196367168,8.A.212.1,8.A.212.1,0.999987,3186,8.A.212,8.A.212
MAH74360,8.A.213.1,8.A.213.1,0.99920976,3191,8.A.213,8.A.213
MBL4747290,8.A.213.1,8.A.213.1,0.9999442,3192,8.A.213,8.A.213
XP_028399918,8.A.214.1,8.A.214.1,0.99975675,3197,8.A.214,8.A.214
XP_035489110,8.A.215.1,8.A.215.1,0.99628085,3200,8.A.215,8.A.215
KAJ3260049,8.A.216.1,8.A.216.1,0.9997032,3205,8.A.216,8.A.216
P38736,8.A.216.1,8.A.216.1,0.9997296,3206,8.A.216,8.A.216
O00305,8.A.22.1,8.A.22.1,0.9403908,3210,8.A.22,8.A.22
EKF99199,8.A.221.1,8.A.221.1,0.9991241,3218,8.A.221,8.A.221
TFJ87285,8.A.221.1,8.A.221.1,0.99993336,3219,8.A.221,8.A.221
P42858,8.A.222.1,8.A.222.1,0.9999999,3220,8.A.222,8.A.222
AAG25642,8.A.223.1,8.A.223.1,0.9999851,3224,8.A.223,8.A.223
KAG7342390,8.A.225.1,8.A.225.1,0.9999156,3228,8.A.225,8.A.225
KAI6194636,8.A.226.1,8.A.226.1,0.99854624,3233,8.A.226,8.A.226
NP_651733,8.A.226.1,8.A.226.1,0.999972,3234,8.A.226,8.A.226
GFO46191,8.A.227.1,8.A.227.1,0.9994456,3241,8.A.227,8.A.227
KAI8730524,8.A.227.1,8.A.227.1,0.99980146,3242,8.A.227,8.A.227
WP_076222359,8.A.228.1,8.A.228.1,0.9990312,3244,8.A.228,8.A.228
RAS33480,8.A.229.1,8.A.229.1,0.999928,3246,8.A.229,8.A.229
KAF0027435,8.A.230.1,8.A.230.1,0.97715455,3251,8.A.230,8.A.230
XP_017548242,8.A.237.1,8.A.237.1,0.99999774,3254,8.A.237,8.A.237
Q9UBP9,8.A.238.1,8.A.238.1,0.72443795,3257,8.A.238,8.A.238
H3CPN3,8.A.239.1,8.A.239.1,0.9999522,3259,8.A.239,8.A.239
G3VXE4,8.A.240.1,8.A.240.1,0.9995839,3261,8.A.240,8.A.240
Q9Y4G6,8.A.25.1,8.A.25.1,0.9960426,3268,8.A.25,8.A.25
Q9BQL6,8.A.25.1,8.A.25.1,0.9994357,3269,8.A.25,8.A.25
ANK58183,8.A.26.1,8.A.26.1,0.99761057,3275,8.A.26,8.A.26
P56539,8.A.26.1,8.A.26.1,0.99981755,3276,8.A.26,8.A.26
H2L0H3,8.A.27.1,8.A.27.1,0.99983156,3284,8.A.27,8.A.27
CZT62675,8.A.27.1,8.A.27.1,0.9999622,3285,8.A.27,8.A.27
Q9Z2Y3,8.A.29.1,8.A.29.1,0.9999999,3286,8.A.29,8.A.29
Q09098,8.A.31.1,8.A.31.1,0.9999819,3290,8.A.31,8.A.31
Q8I6Z5,8.A.32.1,8.A.32.1,0.99991274,3295,8.A.32,8.A.32
AGZ86590,8.A.33.1,8.B.28.2,0.15768377,3300,8.A.33,8.B.28
CCE37669,8.A.35.1,8.A.35.1,0.99988973,3305,8.A.35,8.A.35
POE55702,8.A.37.1,8.A.37.1,0.994327,3310,8.A.37,8.A.37
P91193,8.A.38.1,8.A.38.1,0.99997437,3312,8.A.38,8.A.38
XP_012918761,8.A.39.1,8.A.39.1,0.9998416,3315,8.A.39,8.A.39
P42501,8.A.4.1,8.A.4.1,0.9999976,3316,8.A.4,8.A.4
P43111,8.A.4.2,8.A.4.2,0.9015977,3318,8.A.4,8.A.4
Q10063,8.A.41.1,8.A.41.1,0.9995258,3325,8.A.41,8.A.41
B9WHV4,8.A.41.1,8.A.41.1,0.9998053,3326,8.A.41,8.A.41
R4G5U4,8.A.42.1,8.A.42.1,0.9997782,3331,8.A.42,8.A.42
R5LHN3,8.A.42.1,8.A.42.1,0.96921176,3332,8.A.42,8.A.42
E9AL21,8.A.44.1,8.A.44.1,0.9999571,3337,8.A.44,8.A.44
A8JGI1,8.A.44.1,8.A.44.1,0.99995565,3338,8.A.44,8.A.44
E9BX85,8.A.45.1,8.A.45.1,0.99958843,3343,8.A.45,8.A.45
D6X268,8.A.45.1,8.A.45.1,0.9995383,3344,8.A.45,8.A.45
F2U0C1,8.A.45.2,8.A.45.1,0.9990916,3346,8.A.45,8.A.45
E4RVP8,8.A.46.1,8.A.46.1,0.5117452,3351,8.A.46,8.A.46
G0IYY9,8.A.46.1,8.A.46.2,0.40247408,3352,8.A.46,8.A.46
G2PKA2,8.A.46.2,8.A.46.3,0.98840326,3355,8.A.46,8.A.46
BAE20200,8.A.46.3,8.A.46.1,0.52036136,3360,8.A.46,8.A.46
I9WSV7,8.A.48.1,8.A.48.1,0.9995486,3367,8.A.48,8.A.48
MBV8416225,8.A.48.1,8.A.48.1,0.99965096,3368,8.A.48,8.A.48
AKM80894,8.A.49.1,8.A.49.1,0.9999422,3371,8.A.49,8.A.49
P77735,8.A.5.1,8.B.28.2,0.15346248,3377,8.A.5,8.B.28
P76187,8.A.5.1,8.B.28.2,0.1681303,3378,8.A.5,8.B.28
P0AAW9,8.A.50.1,8.A.50.1,0.99994993,3379,8.A.50,8.A.50
P27487,8.A.51.1,8.A.51.1,0.9997651,3384,8.A.51,8.A.51
Q12884,8.A.51.1,8.A.51.1,0.9997576,3385,8.A.51,8.A.51
S3DAG4,8.A.52.1,8.B.28.2,0.15734698,3390,8.A.52,8.B.28
Q7XZ04,8.A.52.1,8.A.52.1,0.9999124,3391,8.A.52,8.A.52
O60260,8.A.52.2,8.A.52.2,0.9999989,3392,8.A.52,8.A.52
V8NZN5,8.A.53.1,8.A.53.1,0.9998641,3395,8.A.53,8.A.53
W5KQV6,8.A.55.1,8.A.55.1,0.61045367,3397,8.A.55,8.A.55
Q5VZ72,8.A.55.2,8.A.55.1,0.40733626,3399,8.A.55,8.A.55
Q1ZYL8,8.A.55.3,8.A.55.1,0.42896518,3400,8.A.55,8.A.55
KAG7176625,8.A.57.1,8.A.57.1,0.999803,3405,8.A.57,8.A.57
XP_023218887,8.A.57.1,8.A.57.1,0.99981123,3406,8.A.57,8.A.57
Q91499,8.A.58.1,8.A.58.1,0.58646214,3411,8.A.58,8.A.58
D5T4Y6,8.A.58.2,8.A.58.2,0.62550986,3423,8.A.58,8.A.58
Q9H7V2,8.A.58.2,8.A.58.2,0.57258475,3424,8.A.58,8.A.58
O35449,8.A.58.2,8.A.58.2,0.5785275,3425,8.A.58,8.A.58
OLS30636,8.A.59.1,8.A.59.1,0.9997725,3428,8.A.59,8.A.59
F7FKR6,8.A.60.1,8.A.60.1,0.9998363,3431,8.A.60,8.A.60
Q9C7D7,8.A.61.1,8.A.61.1,0.999102,3440,8.A.61,8.A.61
Q8TBE1,8.A.61.1,8.A.61.1,0.99933463,3441,8.A.61,8.A.61
L7ILZ6,8.A.61.1,8.A.61.1,0.9992299,3442,8.A.61,8.A.61
W6UD82,8.A.62.1,8.A.62.1,0.9997663,3446,8.A.62,8.A.62
O02109,8.A.63.1,8.A.63.1,0.99972326,3451,8.A.63,8.A.63
E6TG36,8.A.63.1,8.A.63.1,0.99941766,3452,8.A.63,8.A.63
Q4UF74,8.A.65.1,8.A.65.1,0.99996305,3458,8.A.65,8.A.65
V7PSH7,8.A.65.1,8.A.65.1,0.99989414,3459,8.A.65,8.A.65
Q9UPN3,8.A.66.1,8.B.28.2,0.13957654,3466,8.A.66,8.B.28
Q01082,8.A.66.1,8.B.28.2,0.14486271,3467,8.A.66,8.B.28
Q99220,8.A.67.1,8.A.67.1,0.9998406,3472,8.A.67,8.A.67
NP_001122097,8.A.68.1,8.A.68.1,0.99935,3486,8.A.68,8.A.68
KAF7834676,8.A.68.1,8.A.68.1,0.99772173,3487,8.A.68,8.A.68
XP_020044853,8.A.68.1,8.A.68.1,0.9996259,3488,8.A.68,8.A.68
XP_022972624,8.A.68.1,8.A.68.1,0.9972433,3489,8.A.68,8.A.68
V9L7R9,8.A.69.1,8.A.69.1,0.9998671,3492,8.A.69,8.A.69
H1XXY9,8.A.7.1,8.A.7.1,0.9999634,3497,8.A.7,8.A.7
A1RZ61,8.A.7.1,8.A.7.1,0.9995505,3498,8.A.7,8.A.7
KND87996,8.A.70.1,8.A.70.1,0.9999397,3503,8.A.70,8.A.70
A9V5D8,8.A.70.1,8.A.70.1,0.9993124,3504,8.A.70,8.A.70
E3M513,8.A.71.1,8.A.71.1,0.9999484,3508,8.A.71,8.A.71
AIA09566,8.A.72.1,8.A.72.1,0.99992526,3511,8.A.72,8.A.72
L1J6I0,8.A.73.1,8.A.73.1,0.99996245,3516,8.A.73,8.A.73
F2UQI9,8.A.73.1,8.A.73.2,0.7418833,3517,8.A.73,8.A.73
P81450,8.A.73.2,8.A.73.2,0.9631278,3521,8.A.73,8.A.73
O14894,8.A.75.1,8.A.75.1,0.99975234,3526,8.A.75,8.A.75
P30408,8.A.75.1,8.A.75.1,0.99974674,3527,8.A.75,8.A.75
I1CE35,8.A.76.1,8.A.76.2,0.9131736,3531,8.A.76,8.A.76
M0ZJN1,8.A.76.2,8.A.76.2,0.93103504,3532,8.A.76,8.A.76
O75173,8.A.77.1,8.A.77.1,0.7298084,3539,8.A.77,8.A.77
Q13444,8.A.77.1,8.A.77.1,0.58656114,3540,8.A.77,8.A.77
NP_080609,8.A.77.2,8.A.77.1,0.74524385,3543,8.A.77,8.A.77
P01057,8.A.77.3,8.A.77.3,0.99996674,3544,8.A.77,8.A.77
XP_054180400,8.A.78.1,8.A.78.1,0.9996191,3546,8.A.78,8.A.78
A2SGV2,8.A.79.1,8.B.28.2,0.16689645,3549,8.A.79,8.B.28
A1RZ60,8.A.8.1,8.A.8.1,0.9999554,3555,8.A.8,8.A.8
O50515,8.A.8.1,8.A.8.1,0.99991,3556,8.A.8,8.A.8
P28783,8.A.81.1,8.B.28.2,0.1634718,3561,8.A.81,8.B.28
XP_055072748,8.A.83.1,8.A.83.1,0.9998894,3569,8.A.83,8.A.83
XP_017264102,8.A.83.1,8.A.83.1,0.99919325,3570,8.A.83,8.A.83
Q9BXS4,8.A.84.1,8.A.84.1,0.9998599,3574,8.A.84,8.A.84
O14958,8.A.88.1,8.A.88.1,0.9207856,3578,8.A.88,8.A.88
P30101,8.A.88.2,8.A.88.2,0.9102036,3585,8.A.88,8.A.88
AAH93062,8.A.88.2,8.A.88.1,0.9994925,3586,8.A.88,8.A.88
Q8A1G3,8.A.9.1,8.B.28.2,0.14914191,3589,8.A.9,8.B.28
Q9VHX9,8.A.9.2,8.B.28.2,0.14594568,3592,8.A.9,8.B.28
Q5DDT5,8.A.9.3,8.A.9.3,0.9999932,3593,8.A.9,8.A.9
W5M5V0,8.A.90.1,8.A.90.2,0.78091204,3596,8.A.90,8.A.90
T2F9S8,8.A.90.2,8.A.90.2,0.7433746,3599,8.A.90,8.A.90
Q12846,8.A.91.1,8.A.91.1,0.9997693,3611,8.A.91,8.A.91
A0AVG3,8.A.91.1,8.A.91.1,0.99882,3612,8.A.91,8.A.91
P93654,8.A.91.1,8.B.28.2,0.16091856,3613,8.A.91,8.B.28
L8HA63,8.A.93.1,8.A.93.1,0.9800703,3617,8.A.93,8.A.93
Q9BZW5,8.A.93.2,8.A.93.2,0.9944054,3621,8.A.93,8.A.93
SBP60566,8.A.94.1,8.A.94.1,0.9998982,3626,8.A.94,8.A.94
Q7Z5L3,8.A.94.1,8.A.94.1,0.9999275,3627,8.A.94,8.A.94
P62258,8.A.98.1,8.B.28.2,0.16230476,3636,8.A.98,8.B.28
P61981,8.A.98.1,8.B.28.2,0.16621548,3637,8.A.98,8.B.28
V4QS44,8.A.98.2,8.A.98.2,0.99999726,3638,8.A.98,8.A.98
WP_026610930,8.A.99.1,8.A.99.1,0.99907756,3642,8.A.99,8.A.99
C9X4K7,8.B.1.1,8.B.1.1,0.9988582,3653,8.B.1,8.B.1
S5TR00,8.B.1.1,8.B.1.1,0.84922457,3654,8.B.1,8.B.1
P63019,8.B.1.1,8.B.1.1,0.9903086,3655,8.B.1,8.B.1
P60266,8.B.1.2,8.B.1.1,0.9987728,3657,8.B.1,8.B.1
TKW02011,8.B.1.3,8.B.1.3,0.9272601,3658,8.B.1,8.B.1
AME17663,8.B.1.4,8.B.1.4,0.9999999,3659,8.B.1,8.B.1
P84919,8.B.11.1,8.B.11.1,0.99967766,3663,8.B.11,8.B.11
P86716,8.B.12.1,8.B.12.1,0.9999957,3668,8.B.12,8.B.12
O43278,8.B.13.1,8.B.13.2,0.7118226,3673,8.B.13,8.B.13
O43291,8.B.13.2,8.B.13.2,0.8894311,3676,8.B.13,8.B.13
C3TS07,8.B.17.1,8.B.17.1,0.9999057,3683,8.B.17,8.B.17
B1B5I9,8.B.17.1,8.B.17.1,0.99992585,3684,8.B.17,8.B.17
A7RMN1,8.B.19.1,8.B.19.2,0.99952114,3686,8.B.19,8.B.19
C0HKG8,8.B.19.2,8.B.19.2,0.99015874,3693,8.B.19,8.B.19
P81790,8.B.19.2,8.B.19.2,0.74192554,3694,8.B.19,8.B.19
P86094,8.B.23.1,8.B.23.1,0.99999714,3698,8.B.23,8.B.23
P81782,8.B.23.2,1.C.74.1,0.6869785,3701,8.B.23,1.C.74
J9QWM7,8.B.25.1,8.B.25.1,0.5893506,3708,8.B.25,8.B.25
Q2QBC6,8.B.25.1,8.B.25.1,0.5952871,3709,8.B.25,8.B.25
Q80KL8,8.B.25.2,8.B.25.2,0.99185735,3712,8.B.25,8.B.25
Q9BPH7,8.B.28.1,8.B.28.1,0.47568312,3718,8.B.28,8.B.28
Q2I2Q5,8.B.28.1,8.B.28.1,0.47399822,3719,8.B.28,8.B.28
AXL93751,8.B.28.2,8.B.4.1,0.46570924,3721,8.B.28,8.B.4
B1P1H2,8.B.3.1,8.B.5.2,0.9980787,3727,8.B.3,8.B.5
Q7YT39,8.B.3.1,8.B.5.3,0.42459482,3728,8.B.3,8.B.5
P55817,8.B.30.1,8.B.30.1,0.9994254,3731,8.B.30,8.B.30
Q09470,8.B.31.1,8.B.31.1,0.99999905,3732,8.B.31,8.B.31
P55963,8.B.32.1,8.B.32.2,0.5753517,3742,8.B.32,8.B.32
Q2I2R5,8.B.32.1,8.B.32.1,0.9479342,3743,8.B.32,8.B.32
P69657,8.B.32.1,8.B.32.1,0.7140604,3744,8.B.32,8.B.32
P0C2C5,8.B.32.2,8.B.32.2,0.88262385,3749,8.B.32,8.B.32
BAS25445,8.B.4.1,8.B.4.1,0.47451317,3760,8.B.4,8.B.4
P58808,8.B.4.1,8.B.4.1,0.9137716,3761,8.B.4,8.B.4
P56633,8.B.4.1,8.B.4.1,0.4579318,3762,8.B.4,8.B.4
WEQ50348,8.B.4.3,8.B.4.3,0.6493781,3766,8.B.4,8.B.4
AKZ19080,8.B.42.1,8.B.42.1,0.99975353,3769,8.B.42,8.B.42
WP_125548623,8.B.43.1,8.B.43.1,0.99949074,3775,8.B.43,8.B.43
WP_137635425,8.B.43.1,8.B.43.1,0.99942017,3776,8.B.43,8.B.43
P83480,8.B.5.1,8.B.5.1,0.36585438,3777,8.B.5,8.B.5
P58426,8.B.5.2,8.B.5.3,0.34744605,3779,8.B.5,8.B.5
P60590,8.B.5.3,8.B.5.3,0.3183191,3786,8.B.5,8.B.5
M5AY63,8.B.5.3,8.B.5.3,0.49905384,3787,8.B.5,8.B.5
B8XH25,8.B.7.1,8.B.7.1,0.9999268,3792,8.B.7,8.B.7
P0C194,8.B.8.1,8.B.8.1,0.9997423,3800,8.B.8,8.B.8
P0C8R1,8.B.8.1,8.B.8.1,0.9993882,3801,8.B.8,8.B.8
B0X6A3,8.B.9.1,8.B.28.2,0.1592936,3807,8.B.9,8.B.28
P48060,8.B.9.1,8.B.9.1,0.99956006,3808,8.B.9,8.B.9
KAE8630831,9.A.1.1,8.B.28.2,0.15862791,3814,9.A.1,8.B.28
XP_005472026,9.A.1.1,8.B.28.2,0.16091348,3815,9.A.1,8.B.28
X2JDY8,9.A.1.2,9.A.1.2,0.99999976,3816,9.A.1,9.A.1
Q9V9S0,9.A.16.1,9.A.16.1,0.9998679,3824,9.A.16,9.A.16
Q9UQV4,9.A.16.1,9.A.16.1,0.9999405,3825,9.A.16,9.A.16
Q986E2,9.A.18.1,9.A.18.1,0.99986875,3830,9.A.18,9.A.18
RLN46998,9.A.19.1,9.A.19.1,0.99930227,3836,9.A.19,9.A.19
XP_044548243,9.A.19.1,9.A.19.1,0.9986307,3837,9.A.19,9.A.19
PYI33190,9.A.19.2,9.A.19.2,0.999701,3838,9.A.19,9.A.19
Q9HVM8,9.A.21.1,9.A.21.1,0.9940826,3840,9.A.21,9.A.21
A9NFH9,9.A.23.1,9.A.23.1,0.99997926,3842,9.A.23,9.A.23
Q59Q40,9.A.26.1,9.A.26.1,0.99997365,3846,9.A.26,9.A.26
A4XHF2,9.A.28.1,9.A.28.1,0.99967456,3850,9.A.28,9.A.28
WP_167816028,9.A.32.1,9.A.32.2,0.60898864,3858,9.A.32,9.A.32
WP_158507728,9.A.32.1,9.A.32.1,0.98253894,3859,9.A.32,9.A.32
WP_173774957,9.A.32.2,9.A.32.1,0.91400945,3864,9.A.32,9.A.32
WP_090409123,9.A.32.2,9.A.32.2,0.56570524,3865,9.A.32,9.A.32
Q9KW03,9.A.33.1,9.A.33.1,0.99999857,3866,9.A.33,9.A.33
CAF0919544,9.A.35.1,9.A.35.1,0.9998857,3872,9.A.35,9.A.35
Q8I4H9,9.A.35.1,9.A.35.1,0.99989164,3873,9.A.35,9.A.35
Q9NRY6,9.A.36.1,9.A.36.1,0.99947447,3879,9.A.36,9.A.36
Q8IJH8,9.A.36.1,9.A.36.1,0.9987668,3880,9.A.36,9.A.36
Q1WF75,9.A.37.1,9.A.37.1,0.9999974,3881,9.A.37,9.A.37
P64564,9.A.4.1,9.A.4.2,0.82320607,3883,9.A.4,9.A.4
S6A3A3,9.A.4.2,9.A.4.2,0.9081546,3887,9.A.4,9.A.4
Q73GS7,9.A.4.3,9.A.4.3,0.99992454,3888,9.A.4,9.A.4
KQJ85610,9.A.43.1,9.A.43.1,0.995795,3901,9.A.43,9.A.43
Q8LPS2,9.A.43.1,9.A.43.1,0.9998648,3902,9.A.43,9.A.43
XP_015973699,9.A.43.1,9.A.43.1,0.99929464,3903,9.A.43,9.A.43
D4GQY8,9.A.45.1,9.A.45.1,0.99988997,3905,9.A.45,9.A.45
Q54NS7,9.A.49.1,9.A.49.1,0.9996823,3915,9.A.49,9.A.49
Q5CW48,9.A.49.1,9.A.49.1,0.99988425,3916,9.A.49,9.A.49
P53633,9.A.49.1,9.A.49.1,0.9998479,3917,9.A.49,9.A.49
Q8EHH6,9.A.5.1,9.A.5.1,0.5616391,3918,9.A.5,9.A.5
Q99WQ7,9.A.5.2,9.A.5.1,0.45583665,3920,9.A.5,9.A.5
O34765,9.A.5.3,9.A.5.1,0.7681541,3922,9.A.5,9.A.5
P39379,9.A.5.4,9.A.5.1,0.7510144,3924,9.A.5,9.A.5
Q4DTX8,9.A.54.1,9.A.54.2,0.40540203,3929,9.A.54,9.A.54
B3L7M4,9.A.54.2,9.A.54.2,0.44486964,3930,9.A.54,9.A.54
Q68DH5,9.A.54.3,9.A.54.1,0.47247562,3935,9.A.54,9.A.54
Q12466,9.A.57.1,9.A.57.1,0.99936336,3945,9.A.57,9.A.57
P48231,9.A.57.1,9.A.57.1,0.99937963,3946,9.A.57,9.A.57
Q03640,9.A.57.1,9.A.57.1,0.9990677,3947,9.A.57,9.A.57
H1A8I6,9.A.59.1,9.A.59.1,0.9999796,3950,9.A.59,9.A.59
A0DG78,9.A.6.1,9.A.6.1,0.9942595,3952,9.A.6,9.A.6
I8AJB9,9.A.66.1,9.A.66.1,0.99996746,3955,9.A.66,9.A.66
WP_101143913,9.A.7.1,9.A.7.1,0.99992275,3961,9.A.7,9.A.7
WP_061080484,9.A.7.1,9.A.7.1,0.999689,3962,9.A.7,9.A.7
P00505,9.A.70.1,9.A.70.1,0.99999976,3963,9.A.70,9.A.70
Q99445,9.A.71.1,9.A.71.1,1.0,3964,9.A.71,9.A.71
RJU95109,9.A.76.1,8.B.28.2,0.16312408,3974,9.A.76,8.B.28
KAE8977401,9.A.76.1,9.A.76.1,0.99987745,3975,9.A.76,9.A.76
RLT34927,9.A.76.1,8.B.28.2,0.16422328,3976,9.A.76,8.B.28
KAF4923135,9.A.78.1,9.A.78.1,0.9999721,3981,9.A.78,9.A.78
XP_002765820,9.A.79.1,9.A.79.1,0.9952317,3985,9.A.79,9.A.79
XP_011674862,9.A.80.1,9.A.80.1,0.9998933,3990,9.A.80,9.A.80
NBO37220,9.A.81.1,9.A.81.1,0.9999558,3995,9.A.81,9.A.81
Q9HFE1,9.A.9.1,9.A.9.1,0.9999933,3997,9.A.9,9.A.9
E8XKQ3,9.B.100.1,9.B.100.1,0.9999912,3998,9.B.100,9.B.100
KMZ66701,9.B.103.1,9.B.103.1,0.9999969,4001,9.B.103,9.B.103
D8IUH5,9.B.108.1,9.B.108.1,0.9927008,4006,9.B.108,9.B.108
A3TJM9,9.B.108.1,9.B.108.1,0.9999356,4007,9.B.108,9.B.108
F0VLB1,9.B.11.1,9.B.11.1,0.9999536,4009,9.B.11,9.B.11
PSG98608,9.B.110.1,9.B.110.1,0.66403973,4012,9.B.110,9.B.110
WP_042258648,9.B.110.2,9.B.110.1,0.62983394,4014,9.B.110,9.B.110
WP_121250785,9.B.111.1,8.B.28.2,0.13076897,4019,9.B.111,8.B.28
Q96PC5,9.B.113.1,1.A.67.3,0.03704603,4023,9.B.113,1.A.67
P0AFY2,9.B.114.1,9.B.114.1,0.99999213,4024,9.B.114,9.B.114
WP_185179402,9.B.116.1,9.B.116.1,0.56335074,4028,9.B.116,9.B.116
E5Z496,9.B.116.2,9.B.116.1,0.60164195,4029,9.B.116,9.B.116
TFH37055,9.B.116.3,9.B.116.1,0.6157131,4033,9.B.116,9.B.116
WP_051287091,9.B.118.1,9.B.118.1,0.9998739,4038,9.B.118,9.B.118
WP_089971100,9.B.118.1,9.B.118.1,0.99982375,4039,9.B.118,9.B.118
Q8LPI6,9.B.119.1,9.B.119.1,0.9374929,4044,9.B.119,9.B.119
QIR82081,9.B.119.1,9.B.119.1,0.99977857,4045,9.B.119,9.B.119
B3QLD9,9.B.12.1,9.B.12.1,0.49883983,4050,9.B.12,9.B.12
Q9ZNQ7,9.B.12.1,9.B.12.1,0.49158627,4051,9.B.12,9.B.12
I1CTU6,9.B.12.2,9.B.12.1,0.4679616,4053,9.B.12,9.B.12
P56508,9.B.12.3,9.B.12.3,0.99142903,4056,9.B.12,9.B.12
Q20516,9.B.12.4,9.B.12.1,0.46349096,4057,9.B.12,9.B.12
SDO08619,9.B.120.1,9.B.120.1,0.99971503,4065,9.B.120,9.B.120
NYE48519,9.B.120.1,9.B.120.1,0.99951494,4066,9.B.120,9.B.120
D1NQT2,9.B.122.1,9.B.122.1,0.9988563,4070,9.B.122,9.B.122
Q82QI0,9.B.122.2,9.B.122.2,0.99999607,4071,9.B.122,9.B.122
F6ULR8,9.B.123.1,9.B.123.1,0.9002628,4073,9.B.123,9.B.123
B8B6I6,9.B.123.2,8.B.28.2,0.15793933,4075,9.B.123,8.B.28
C4M797,9.B.123.3,9.B.123.3,0.9887888,4076,9.B.123,9.B.123
C7T8Y9,9.B.124.1,9.B.124.1,0.58854896,4085,9.B.124,9.B.124
AKM80210,9.B.124.1,9.B.124.1,0.8407751,4086,9.B.124,9.B.124
V4PBP8,9.B.124.2,9.B.124.1,0.57264376,4089,9.B.124,9.B.124
Q1LK71,9.B.125.1,8.B.28.2,0.1629398,4091,9.B.125,8.B.28
Q8PVB2,9.B.125.2,9.B.125.2,0.99998426,4093,9.B.125,9.B.125
E4N6G8,9.B.126.1,9.B.126.1,0.67418003,4098,9.B.126,9.B.126
Q72HC9,9.B.126.2,9.B.126.2,0.5819192,4106,9.B.126,9.B.126
AUZ87169,9.B.126.2,9.B.126.1,0.74892426,4107,9.B.126,9.B.126
A7ZGK4,9.B.127.1,9.B.127.2,0.9509103,4110,9.B.127,9.B.127
WP_014620776,9.B.127.2,9.B.127.1,0.6644357,4112,9.B.127,9.B.127
B6I4D1,9.B.128.1,9.B.128.1,0.9865529,4113,9.B.128,9.B.128
OJV97403,9.B.128.2,9.B.128.2,0.8846197,4115,9.B.128,9.B.128
P0A236,9.B.128.3,9.B.128.3,0.9990606,4116,9.B.128,9.B.128
H0J079,9.B.13.1,9.B.13.2,0.763887,4118,9.B.13,9.B.13
K9HWE0,9.B.13.2,9.B.13.2,0.9945167,4120,9.B.13,9.B.13
C1L5K7,9.B.130.1,9.B.130.1,0.6737781,4125,9.B.130,9.B.130
Q98SD9,9.B.130.1,9.B.130.1,0.67982864,4126,9.B.130,9.B.130
O55100,9.B.130.2,9.B.130.1,0.5109075,4131,9.B.130,9.B.130
E7KKW7,9.B.132.1,9.B.132.1,0.9940538,4133,9.B.132,9.B.132
B0FXJ3,9.B.133.1,9.B.133.1,0.99949634,4135,9.B.133,9.B.133
E4UA69,9.B.133.2,9.B.133.2,0.9970433,4137,9.B.133,9.B.133
Q8IY95,9.B.134.1,9.B.134.1,0.9998473,4138,9.B.134,9.B.134
I1L1Q2,9.B.134.2,9.B.134.2,0.9999405,4139,9.B.134,9.B.134
P53093,9.B.135.1,9.B.135.1,0.5444544,4145,9.B.135,9.B.135
Q9BSR8,9.B.135.1,9.B.135.1,0.5452403,4146,9.B.135,9.B.135
Q9BWQ6,9.B.135.2,9.B.135.1,0.53965455,4153,9.B.135,9.B.135
P53108,9.B.135.2,9.B.135.2,0.5039722,4154,9.B.135,9.B.135
WP_066168960,9.B.136.1,9.B.136.1,0.4159467,4156,9.B.136,9.B.136
WP_220194381,9.B.136.2,9.B.136.3,0.42562348,4158,9.B.136,9.B.136
WP_013217642,9.B.136.3,9.B.136.1,0.40776578,4162,9.B.136,9.B.136
A8A9N6,9.B.136.4,9.B.136.4,0.8170772,4163,9.B.136,9.B.136
MQY02608,9.B.138.1,9.B.138.1,0.99993706,4167,9.B.138,9.B.138
F2HGA2,9.B.139.1,9.B.139.1,0.5714636,4172,9.B.139,9.B.139
O06748,9.B.139.1,9.B.139.1,0.56760913,4173,9.B.139,9.B.139
Q1CXZ2,9.B.139.2,9.B.139.1,0.5854003,4174,9.B.139,9.B.139
E2S7A3,9.B.139.3,9.B.139.1,0.56870824,4176,9.B.139,9.B.139
C7TAQ3,9.B.141.1,9.B.141.1,0.9997429,4179,9.B.141,9.B.141
G0G9H5,9.B.145.1,9.B.145.1,0.9996753,4184,9.B.145,9.B.145
H0R417,9.B.145.1,9.B.145.1,0.99989665,4185,9.B.145,9.B.145
P0AC78,9.B.146.1,9.B.146.1,0.9995493,4192,9.B.146,9.B.146
ALM14264,9.B.146.1,9.B.146.1,0.9999006,4193,9.B.146,9.B.146
P0AAW6,9.B.15.1,9.B.15.1,0.9984849,4194,9.B.15,9.B.15
Q138B7,9.B.15.2,9.B.15.2,0.9996606,4203,9.B.15,9.B.15
D2S9V8,9.B.15.2,9.B.15.2,0.9996946,4204,9.B.15,9.B.15
Q6MHC6,9.B.15.2,9.B.15.2,0.9992086,4205,9.B.15,9.B.15
Q6MK65,9.B.150.1,9.B.150.1,0.9999094,4209,9.B.150,9.B.150
OHB97472,9.B.154.1,9.B.154.1,0.9995671,4219,9.B.154,9.B.154
AJM78027,9.B.154.1,9.B.154.1,0.9995414,4220,9.B.154,9.B.154
B1ZTG9,9.B.154.1,9.B.154.1,0.9995202,4221,9.B.154,9.B.154
C9RAK9,9.B.156.1,9.B.156.1,0.99917185,4226,9.B.156,9.B.156
Q58290,9.B.156.2,9.B.156.2,0.9998745,4228,9.B.156,9.B.156
I6ZUE8,9.B.156.3,9.B.156.3,0.9999945,4229,9.B.156,9.B.156
F2MU33,9.B.158.1,9.B.158.1,0.9999553,4232,9.B.158,9.B.158
D5EE66,9.B.160.1,9.B.160.1,0.99979717,4245,9.B.160,9.B.160
A4TZ39,9.B.160.1,9.B.160.1,0.99969685,4246,9.B.160,9.B.160
Q1MQG2,9.B.160.1,9.B.160.1,0.9999021,4247,9.B.160,9.B.160
P08550,9.B.160.1,9.B.160.1,0.9995353,4248,9.B.160,9.B.160
G8PPB1,9.B.163.1,9.B.163.2,0.4284165,4254,9.B.163,9.B.163
F0SJU9,9.B.163.1,9.B.163.1,0.9555218,4255,9.B.163,9.B.163
Q6N889,9.B.163.2,9.B.163.2,0.5811145,4256,9.B.163,9.B.163
Q7UM60,9.B.163.3,9.B.163.1,0.5822783,4258,9.B.163,9.B.163
D5ST04,9.B.163.4,9.B.163.1,0.4534811,4260,9.B.163,9.B.163
E1THQ6,9.B.164.1,9.B.164.1,0.9999883,4263,9.B.164,9.B.164
Q94AL8,9.B.166.1,9.B.166.1,0.99999654,4264,9.B.166,9.B.166
A3UXB5,9.B.167.1,9.B.167.1,0.99990404,4267,9.B.167,9.B.167
D2QPR7,9.B.168.1,9.B.168.1,0.999731,4270,9.B.168,9.B.168
B8FMP7,9.B.170.1,9.B.170.1,0.9987287,4276,9.B.170,9.B.170
Q1IUU0,9.B.170.1,9.B.170.1,0.9995266,4277,9.B.170,9.B.170
Q11WV5,9.B.172.1,9.B.172.1,0.99992204,4282,9.B.172,9.B.172
XP_015643584,9.B.174.1,8.B.28.2,0.16607787,4286,9.B.174,8.B.28
WP_088466477,9.B.174.2,8.B.28.2,0.1605157,4291,9.B.174,8.B.28
I3ZIU8,9.B.176.1,9.B.176.1,0.99980885,4295,9.B.176,9.B.176
Q12VB2,9.B.176.2,9.B.176.1,0.9980817,4297,9.B.176,9.B.176
S9VAZ9,9.B.177.1,9.B.177.1,0.9999472,4299,9.B.177,9.B.177
Q1CVQ2,9.B.18.1,9.B.18.1,0.98829854,4304,9.B.18,9.B.18
P27830,9.B.18.2,9.B.18.1,0.68037057,4308,9.B.18,9.B.18
R8RPP1,9.B.182.1,9.B.182.1,0.9993104,4314,9.B.182,9.B.182
K0N7U5,9.B.182.1,9.B.182.1,0.9997812,4315,9.B.182,9.B.182
D1PQ73,9.B.183.1,9.B.183.1,0.99980754,4323,9.B.183,9.B.183
P71056,9.B.183.1,9.B.183.1,0.99991655,4324,9.B.183,9.B.183
C5CCA2,9.B.185.1,9.B.185.1,0.99981385,4330,9.B.185,9.B.185
D1CEH0,9.B.185.1,9.B.185.1,0.999841,4331,9.B.185,9.B.185
Q9BVK6,9.B.188.1,9.B.188.1,0.9999019,4340,9.B.188,9.B.188
Q6NWI7,9.B.188.1,9.B.188.1,0.9997727,4341,9.B.188,9.B.188
A5KC26,9.B.19.1,9.B.19.1,0.99996996,4345,9.B.19,9.B.19
KAF4675608,9.B.191.1,9.B.191.1,0.6053356,4354,9.B.191,9.B.191
P48583,9.B.191.1,9.B.191.1,0.60506046,4355,9.B.191,9.B.191
MBE0344742,9.B.191.2,9.B.191.2,0.9405186,4357,9.B.191,9.B.191
Q12016,9.B.199.1,9.B.199.1,0.99911934,4364,9.B.199,9.B.199
L1JGY1,9.B.199.1,9.B.199.1,0.9996276,4365,9.B.199,9.B.199
A6V4Q2,9.B.20.1,9.B.20.1,0.7537296,4370,9.B.20,9.B.20
B9TCJ7,9.B.20.2,9.B.20.1,0.72586995,4372,9.B.20,9.B.20
Q6MNC6,9.B.20.3,9.B.20.4,0.98587835,4376,9.B.20,9.B.20
WP_020581537,9.B.20.4,9.B.20.1,0.5797183,4381,9.B.20,9.B.20
KKQ27895,9.B.20.4,9.B.20.4,0.82694215,4382,9.B.20,9.B.20
PIK57755,9.B.200.1,9.B.200.1,0.9999542,4386,9.B.200,9.B.200
C5GC38,9.B.203.1,9.B.203.1,0.99997973,4389,9.B.203,9.B.203
XP_003064774,9.B.204.1,9.B.204.1,0.9339932,4396,9.B.204,9.B.204
GET92160,9.B.204.1,9.B.204.1,0.98450375,4397,9.B.204,9.B.204
XP_002683027,9.B.204.2,9.B.204.2,0.9965861,4398,9.B.204,9.B.204
A8IIR9,9.B.206.1,9.B.206.1,0.58587265,4403,9.B.206,9.B.206
G4LVB1,9.B.206.1,9.B.206.1,0.9883709,4404,9.B.206,9.B.206
W0T9B7,9.B.206.2,9.B.206.1,0.56896394,4406,9.B.206,9.B.206
W5L189,9.B.207.1,9.B.207.1,0.9999908,4408,9.B.207,9.B.207
Q07869,9.B.208.1,8.B.28.2,0.13227342,4414,9.B.208,8.B.28
Q13133,9.B.208.1,9.B.208.1,0.44858938,4415,9.B.208,9.B.208
Q7CJK3,9.B.209.1,9.B.209.1,0.99981934,4417,9.B.209,9.B.209
Q07540,9.B.21.1,8.B.28.2,0.16017923,4419,9.B.21,8.B.28
P27838,9.B.21.2,9.B.21.2,0.99998677,4420,9.B.21,9.B.21
WP_044276278,9.B.210.1,9.B.210.1,0.97966695,4430,9.B.210,9.B.210
WP_058186819,9.B.210.1,9.B.210.1,0.9995041,4431,9.B.210,9.B.210
WP_109489060,9.B.210.1,9.B.210.1,0.9989159,4432,9.B.210,9.B.210
WP_044729301,9.B.210.2,9.B.210.1,0.999243,4434,9.B.210,9.B.210
H0E5G9,9.B.211.1,9.B.211.1,0.9998305,4437,9.B.211,9.B.211
P04288,9.B.212.1,9.B.212.1,0.99998844,4438,9.B.212,9.B.212
A5H0X7,9.B.213.1,9.B.213.1,0.999813,4442,9.B.213,9.B.213
XP_003003461,9.B.214.1,9.B.214.1,0.99311596,4445,9.B.214,9.B.214
AKM78436,9.B.214.2,9.B.214.2,0.62231755,4450,9.B.214,9.B.214
R4MM06,9.B.214.2,9.B.214.2,0.67073977,4451,9.B.214,9.B.214
WP_053485284,9.B.214.3,9.B.214.3,0.97823423,4454,9.B.214,9.B.214
WP_131276719,9.B.214.4,9.B.214.4,0.6969521,4455,9.B.214,9.B.214
M2XSV3,9.B.216.1,9.B.216.1,0.9999515,4460,9.B.216,9.B.216
Q9ASV5,9.B.216.1,9.B.216.1,0.9997154,4461,9.B.216,9.B.216
D4TYE3,9.B.218.1,9.B.218.1,0.57675576,4465,9.B.218,9.B.218
WP_031561678,9.B.218.2,9.B.218.3,0.37864694,4466,9.B.218,9.B.218
WP_062417086,9.B.218.3,9.B.218.2,0.6298535,4468,9.B.218,9.B.218
WP_151624151,9.B.221.1,9.B.221.1,0.59423316,4477,9.B.221,9.B.221
MAM34034,9.B.221.1,9.B.221.1,0.5748719,4478,9.B.221,9.B.221
EMC02884,9.B.221.1,9.B.221.1,0.5265708,4479,9.B.221,9.B.221
WP_119506911,9.B.221.2,9.B.221.1,0.5757762,4483,9.B.221,9.B.221
G9EP97,9.B.223.1,9.B.223.1,0.99969506,4493,9.B.223,9.B.223
AKM78687,9.B.223.1,9.B.223.1,0.9994185,4494,9.B.223,9.B.223
AKM78689,9.B.223.1,9.B.223.1,0.99883264,4495,9.B.223,9.B.223
WP_090249803,9.B.225.1,9.B.225.1,0.9997862,4502,9.B.225,9.B.225
WP_051394874,9.B.225.1,9.B.225.1,0.99977905,4503,9.B.225,9.B.225
A4SKX1,9.B.225.2,9.B.225.2,0.99986875,4504,9.B.225,9.B.225
C0VZJ6,9.B.226.1,9.B.226.1,0.9998901,4513,9.B.226,9.B.226
K9B2Q0,9.B.226.1,9.B.226.1,0.99986446,4514,9.B.226,9.B.226
WP_122820729,9.B.226.1,9.B.226.1,0.99989057,4515,9.B.226,9.B.226
Q4Q4P9,9.B.228.1,9.B.228.1,0.99988806,4520,9.B.228,9.B.228
KIO23915,9.B.228.1,9.B.228.1,0.99992955,4521,9.B.228,9.B.228
Q08693,9.B.229.1,9.B.229.1,0.5993348,4528,9.B.229,9.B.229
Q04609,9.B.229.1,9.B.229.1,0.99866414,4529,9.B.229,9.B.229
Q96A25,9.B.23.1,9.B.23.1,0.72404295,4534,9.B.23,9.B.23
W6UFX4,9.B.23.1,9.B.23.3,0.81666327,4535,9.B.23,9.B.23
B9RCI8,9.B.23.3,9.B.23.1,0.65370804,4538,9.B.23,9.B.23
K3XFH1,9.B.23.4,9.B.23.4,0.9999795,4540,9.B.23,9.B.23
D6RJM9,9.B.230.1,9.B.230.1,0.9999577,4544,9.B.230,9.B.230
Q8L638,9.B.231.1,9.B.231.1,0.99992526,4549,9.B.231,9.B.231
S8GD98,9.B.231.1,9.B.231.1,0.99987113,4550,9.B.231,9.B.231
Q9H6X4,9.B.232.1,9.B.232.1,0.78816515,4558,9.B.232,9.B.232
Q22DH8,9.B.232.1,9.B.232.1,0.80134106,4559,9.B.232,9.B.232
E9B152,9.B.232.2,9.B.232.1,0.8346447,4561,9.B.232,9.B.232
Q5YNM5,9.B.234.1,9.B.234.1,0.99906677,4564,9.B.234,9.B.234
AHB41346,9.B.237.1,9.B.237.1,0.9999013,4569,9.B.237,9.B.237
SEG41633,9.B.237.1,9.B.237.1,0.99995863,4570,9.B.237,9.B.237
KKR67229,9.B.239.1,9.B.239.1,0.99982893,4574,9.B.239,9.B.239
KUK17074,9.B.241.1,9.B.241.1,0.7489745,4577,9.B.241,9.B.241
WP_073151285,9.B.241.2,9.B.241.1,0.5778219,4583,9.B.241,9.B.241
KKK45936,9.B.241.2,9.B.241.2,0.99706274,4584,9.B.241,9.B.241
PIR56717,9.B.243.1,9.B.243.1,0.7695618,4586,9.B.243,9.B.243
MBQ1273715,9.B.245.1,9.B.245.1,0.9999951,4589,9.B.245,9.B.245
WP_012020642,9.B.248.1,9.B.248.1,0.9998628,4594,9.B.248,9.B.248
WP_049954298,9.B.248.1,9.B.248.1,0.999843,4595,9.B.248,9.B.248
WP_038794236,9.B.250.1,9.B.250.1,0.999892,4600,9.B.250,9.B.250
WP_081449648,9.B.254.1,9.B.254.1,0.999564,4604,9.B.254,9.B.254
K9FAK7,9.B.26.1,9.B.26.2,0.7155015,4608,9.B.26,9.B.26
A2EH91,9.B.26.2,9.B.26.2,0.8107155,4611,9.B.26,9.B.26
WP_103344802,9.B.261.1,9.B.261.1,0.99996126,4613,9.B.261,9.B.261
WP_156468100,9.B.263.1,9.B.263.1,0.9969536,4616,9.B.263,9.B.263
PIE62953,9.B.263.2,9.B.263.2,0.878024,4622,9.B.263,9.B.263
RZD16788,9.B.263.2,9.B.263.2,0.6901952,4623,9.B.263,9.B.263
WP_017304407,9.B.265.1,9.B.265.1,0.9994592,4629,9.B.265,9.B.265
PIQ25652,9.B.265.1,8.B.28.2,0.15983942,4630,9.B.265,8.B.28
WP_102961726,9.B.273.1,9.B.273.1,0.9849998,4632,9.B.273,9.B.273
P37659,9.B.275.1,9.B.275.1,1.0,4633,9.B.275,9.B.275
G0QX98,9.B.276.1,9.B.276.1,0.99975234,4635,9.B.276,9.B.276
Q14118,9.B.277.1,9.B.277.1,1.0,4636,9.B.277,9.B.277
OUC06354,9.B.286.1,9.B.286.1,0.9999602,4641,9.B.286,9.B.286
NP_081084,9.B.287.1,9.B.287.1,0.9999646,4646,9.B.287,9.B.287
NIQ06385,9.B.296.1,9.B.296.1,0.9999621,4650,9.B.296,9.B.296
DAC08545,9.B.297.1,9.B.297.2,0.655165,4653,9.B.297,9.B.297
G2EDH3,9.B.297.2,9.B.297.3,0.58354026,4657,9.B.297,9.B.297
PIU21855,9.B.297.3,9.B.297.4,0.5283048,4660,9.B.297,9.B.297
PAW60084,9.B.297.4,9.B.297.3,0.49734625,4665,9.B.297,9.B.297
WP_332355618,9.B.297.4,9.B.297.3,0.5253528,4666,9.B.297,9.B.297
WP_044035693,9.B.299.1,9.B.299.1,0.8915928,4669,9.B.299,9.B.299
WP_006828861,9.B.300.1,9.B.300.1,0.99982363,4672,9.B.300,9.B.300
RJQ44302,9.B.301.1,9.B.301.1,0.999876,4675,9.B.301,9.B.301
WP_069909221,9.B.302.1,9.B.302.1,0.99995756,4680,9.B.302,9.B.302
WP_069116643,9.B.302.1,9.B.302.1,0.9999696,4681,9.B.302,9.B.302
YP_294138,9.B.309.1,9.B.309.1,0.9999858,4686,9.B.309,9.B.309
Q45064,9.B.31.1,9.B.31.1,0.9999436,4688,9.B.31,9.B.31
WP_018247222,9.B.310.1,9.B.310.1,0.9988201,4692,9.B.310,9.B.310
XP_012651217,9.B.314.1,9.B.314.1,0.9999312,4699,9.B.314,9.B.314
GBE61450,9.B.314.1,9.B.314.1,0.99963844,4700,9.B.314,9.B.314
P47026,9.B.315.1,9.B.315.1,0.999047,4705,9.B.315,9.B.315
OEH80241,9.B.315.1,9.B.315.1,0.9999573,4706,9.B.315,9.B.315
XP_007269378,9.B.316.1,9.B.316.1,0.99986887,4710,9.B.316,9.B.316
RNA04992,9.B.317.1,9.B.317.2,0.98910004,4715,9.B.317,9.B.317
RJW66591,9.B.317.1,9.B.317.2,0.9818236,4716,9.B.317,9.B.317
RCN37802,9.B.317.2,9.B.317.2,0.87676096,4718,9.B.317,9.B.317
B9QYG9,9.B.32.1,9.B.32.1,0.9921589,4723,9.B.32,9.B.32
Q0K0R7,9.B.32.1,9.B.32.1,0.9952858,4724,9.B.32,9.B.32
C7RSB7,9.B.32.2,9.B.32.2,0.99999297,4725,9.B.32,9.B.32
AKB47484,9.B.323.1,9.B.323.1,0.99451643,4730,9.B.323,9.B.323
G0LIE5,9.B.323.1,9.B.323.1,0.9965586,4731,9.B.323,9.B.323
Q97YM6,9.B.323.2,9.B.323.2,0.6731116,4732,9.B.323,9.B.323
TXT58066,9.B.323.3,9.B.323.3,0.97163737,4733,9.B.323,9.B.323
XP_014717418,9.B.329.1,9.B.329.1,0.99800175,4738,9.B.329,9.B.329
XP_008709693,9.B.329.1,9.B.329.1,0.9988707,4739,9.B.329,9.B.329
OPY34595,9.B.33.1,9.B.33.1,0.9998708,4744,9.B.33,9.B.33
WP_141687139,9.B.33.1,9.B.33.1,0.9997352,4745,9.B.33,9.B.33
OPY17395,9.B.331.1,9.B.331.1,0.9999316,4750,9.B.331,9.B.331
WP_011249992,9.B.333.1,9.B.333.1,0.9999932,4754,9.B.333,9.B.333
WP_128121392,9.B.34.1,9.B.34.1,0.99985826,4761,9.B.34,9.B.34
EHB50236,9.B.34.1,9.B.34.1,0.999744,4762,9.B.34,9.B.34
BAI61771,9.B.349.1,9.B.349.1,0.7184935,4768,9.B.349,9.B.349
TFF86251,9.B.349.1,9.B.349.1,0.7430053,4769,9.B.349,9.B.349
PWI46967,9.B.349.2,9.B.349.1,0.7075321,4771,9.B.349,9.B.349
Q9LVM5,9.B.35.1,8.B.28.2,0.16294724,4774,9.B.35,8.B.28
F7ZL37,9.B.35.2,9.B.35.2,0.9382453,4776,9.B.35,9.B.35
YP_009042119,9.B.350.1,9.B.350.1,0.9998217,4780,9.B.350,9.B.350
XP_016890459,9.B.360.1,9.B.360.1,0.9999192,4787,9.B.360,9.B.360
XP_015767335,9.B.360.1,9.B.360.1,0.9997414,4788,9.B.360,9.B.360
TTE66793,9.B.362.1,8.B.28.2,0.14654844,4794,9.B.362,8.B.28
TGZ58939,9.B.362.1,9.B.362.1,0.9998863,4795,9.B.362,9.B.362
XP_025610126,9.B.363.1,9.B.363.1,0.99994564,4800,9.B.363,9.B.363
PIN75864,9.B.363.1,9.B.363.1,0.99721116,4801,9.B.363,9.B.363
XP_028885247,9.B.366.1,9.B.366.1,0.9999411,4806,9.B.366,9.B.366
OLP91653,9.B.366.1,9.B.366.1,0.99998856,4807,9.B.366,9.B.366
XP_014528649,9.B.368.1,9.B.368.1,0.9994916,4815,9.B.368,9.B.368
CBN75028,9.B.368.1,9.B.368.1,0.99990284,4816,9.B.368,9.B.368
VEL21795,9.B.369.1,9.B.369.1,0.9998975,4821,9.B.369,9.B.369
VZI30569,9.B.369.1,9.B.369.1,0.9998503,4822,9.B.369,9.B.369
WP_148791740,9.B.370.1,9.B.370.1,0.99982065,4831,9.B.370,9.B.370
WP_066759509,9.B.370.1,9.B.370.1,0.9997521,4832,9.B.370,9.B.370
WP_163572643,9.B.370.1,9.B.370.1,0.9998561,4833,9.B.370,9.B.370
WP_221563781,9.B.371.1,9.B.371.1,0.99685967,4840,9.B.371,9.B.371
P0ADP2,9.B.371.1,9.B.371.1,0.99732333,4841,9.B.371,9.B.371
WP_143505982,9.B.371.2,8.B.28.2,0.159139,4846,9.B.371,8.B.28
WP_119313807,9.B.371.2,8.B.28.2,0.16020794,4847,9.B.371,8.B.28
AIA62279,9.B.375.1,9.B.375.1,0.99998426,4849,9.B.375,9.B.375
AVP78050,9.B.376.1,9.B.376.1,0.9999498,4852,9.B.376,9.B.376
AWH65912,9.B.378.1,9.B.378.1,0.9992343,4855,9.B.378,9.B.378
YP_001039965,9.B.379.1,9.B.379.1,0.99944144,4858,9.B.379,9.B.379
P60201,9.B.38.1,9.B.38.1,0.99990606,4862,9.B.38,9.B.38
A0E9B5,9.B.38.2,9.B.38.2,0.9999999,4863,9.B.38,9.B.38
VFS91205,9.B.381.1,9.B.381.1,0.99954504,4868,9.B.381,9.B.381
OAT24401,9.B.381.1,9.B.381.1,0.9994357,4869,9.B.381,9.B.381
WP_144901851,9.B.382.1,9.B.382.1,0.99919325,4872,9.B.382,9.B.382
WP_123670180,9.B.383.1,9.B.383.1,0.9999529,4875,9.B.383,9.B.383
KAF0742818,9.B.385.1,9.B.385.1,0.9999187,4880,9.B.385,9.B.385
OGO15652,9.B.386.1,9.B.386.1,0.99997663,4885,9.B.386,9.B.386
WP_075072024,9.B.386.1,9.B.386.1,0.99996984,4886,9.B.386,9.B.386
AOV16085,9.B.398.1,9.B.398.1,0.9999552,4891,9.B.398,9.B.398
NEV64173,9.B.398.1,9.B.398.1,0.9999895,4892,9.B.398,9.B.398
P0A8S5,9.B.4.1,9.B.4.1,0.99999905,4893,9.B.4,9.B.4
WP_061358437,9.B.40.1,9.B.40.1,0.9999826,4897,9.B.40,9.B.40
WP_147581693,9.B.401.1,9.B.401.1,0.9996649,4901,9.B.401,9.B.401
OLS18358,9.B.402.1,9.B.402.1,0.99995077,4904,9.B.402,9.B.402
WP_139066557,9.B.404.1,9.B.404.1,0.9999677,4908,9.B.404,9.B.404
WP_147664736,9.B.405.1,9.B.405.1,0.99890673,4909,9.B.405,9.B.405
OQB95506,9.B.405.2,9.B.405.3,0.72266537,4911,9.B.405,9.B.405
PNY01650,9.B.405.3,9.B.405.3,0.74547,4912,9.B.405,9.B.405
MEM0111568,9.B.408.1,9.B.408.1,0.9996935,4919,9.B.408,9.B.408
GAK50019,9.B.408.1,9.B.408.1,0.9993742,4920,9.B.408,9.B.408
XP_001611203,9.B.409.1,9.B.409.1,0.9984995,4927,9.B.409,9.B.409
XP_001609170,9.B.409.1,9.B.409.1,0.99979705,4928,9.B.409,9.B.409
H2SME2,9.B.41.1,9.B.41.1,0.9852093,4932,9.B.41,9.B.41
H9H2J6,9.B.41.2,9.B.41.1,0.9925303,4934,9.B.41,9.B.41
Q6QPG7,9.B.410.1,9.B.410.1,0.65116864,4937,9.B.410,9.B.410
P16743,9.B.410.2,9.B.410.2,0.7786416,4942,9.B.410,9.B.410
KPM02837,9.B.411.1,9.B.411.1,0.9999838,4947,9.B.411,9.B.411
XP_031425709,9.B.413.1,9.B.413.1,0.99994326,4950,9.B.413,9.B.413
WP_035807909,9.B.415.1,9.B.415.2,0.56236535,4953,9.B.415,9.B.415
WP_085622568,9.B.415.2,9.B.415.1,0.7222215,4956,9.B.415,9.B.415
WP_157897187,9.B.418.1,9.B.418.1,0.9992366,4962,9.B.418,9.B.418
KAF4589549,9.B.418.1,9.B.418.1,0.9435971,4963,9.B.418,9.B.418
CAF1434434,9.B.422.1,9.B.422.1,0.999246,4972,9.B.422,9.B.422
XP_021346624,9.B.422.1,9.B.422.1,0.9993305,4973,9.B.422,9.B.422
XP_009021174,9.B.422.1,9.B.422.1,0.9994209,4974,9.B.422,9.B.422
P40126,9.B.423.1,9.B.423.1,0.99981445,4977,9.B.423,9.B.423
WP_050659402,9.B.429.1,9.B.429.1,0.99828464,4981,9.B.429,9.B.429
WP_031370192,9.B.43.1,9.B.43.2,0.583854,4983,9.B.43,9.B.43
Q0EZ69,9.B.43.2,9.B.43.2,0.9998524,4985,9.B.43,9.B.43
MBP2646560,9.B.430.1,9.B.430.1,0.9999095,4990,9.B.430,9.B.430
MPZ73731,9.B.430.1,9.B.430.1,0.99799573,4991,9.B.430,9.B.430
XP_029039495,9.B.432.1,9.B.432.1,0.99856406,4997,9.B.432,9.B.432
AHL30243,9.B.432.1,9.B.432.1,0.9983103,4998,9.B.432,9.B.432
KPJ06551,9.B.432.2,9.B.432.2,0.99747854,4999,9.B.432,9.B.432
O00264,9.B.433.1,9.B.433.2,0.87790775,5004,9.B.433,9.B.433
XP_017077840,9.B.433.2,9.B.433.2,0.9053616,5005,9.B.433,9.B.433
XP_021391155,9.B.434.1,9.B.434.1,0.9999769,5008,9.B.434,9.B.434
CAD7941936,9.B.440.1,9.B.440.1,0.9990289,5015,9.B.440,9.B.440
XP_011131634,9.B.440.1,9.B.440.1,0.9992386,5016,9.B.440,9.B.440
MPZ51052,9.B.443.1,9.B.443.1,0.8868944,5024,9.B.443,9.B.443
WP_018894818,9.B.443.1,8.B.28.2,0.15373568,5025,9.B.443,8.B.28
AHG20698,9.B.444.1,9.B.444.1,0.9981199,5030,9.B.444,9.B.444
XP_049438914,9.B.445.1,9.B.445.1,0.6657489,5036,9.B.445,9.B.445
XP_051576024,9.B.445.1,9.B.445.1,0.9428703,5037,9.B.445,9.B.445
XP_012821900,9.B.445.2,9.B.445.1,0.51567084,5042,9.B.445,9.B.445
XP_020261152,9.B.446.1,9.B.446.1,0.9999442,5048,9.B.446,9.B.446
MCO5232536,9.B.446.1,9.B.446.1,0.99987125,5049,9.B.446,9.B.446
KAJ6224412,9.B.447.1,9.B.447.1,0.9998306,5054,9.B.447,9.B.447
MAD56197,9.B.450.1,9.B.450.1,0.99996924,5057,9.B.450,9.B.450
XP_020357351,9.B.452.1,9.B.452.1,0.999995,5061,9.B.452,9.B.452
SVE85553,9.B.453.1,9.B.453.1,0.8481464,5070,9.B.453,9.B.453
XP_002738061,9.B.453.1,9.B.453.1,0.99988425,5071,9.B.453,9.B.453
XP_005764538,9.B.456.1,9.B.456.1,0.9994536,5076,9.B.456,9.B.456
XP_004341655,9.B.457.1,9.B.457.1,0.9998716,5081,9.B.457,9.B.457
XP_056038692,9.B.459.1,9.B.459.1,0.9998946,5085,9.B.459,9.B.459
Q8NVK5,9.B.46.1,9.B.46.1,0.99999774,5086,9.B.46,9.B.46
O00244,9.B.462.1,9.B.462.1,0.9996669,5091,9.B.462,9.B.462
Q04NU6,9.B.50.1,9.B.50.1,0.98284364,5099,9.B.50,9.B.50
Q72TA0,9.B.50.1,9.B.50.1,0.75890046,5100,9.B.50,9.B.50
F7NHB4,9.B.50.2,9.B.50.2,0.69341576,5101,9.B.50,9.B.50
A8IKM0,9.B.51.1,9.B.51.1,0.99986756,5109,9.B.51,9.B.51
A8J7Z7,9.B.51.1,9.B.51.1,0.9998054,5110,9.B.51,9.B.51
I4EGF2,9.B.54.1,9.B.54.1,0.99574596,5115,9.B.54,9.B.54
E1ZTI3,9.B.55.1,9.B.55.2,0.79147846,5118,9.B.55,9.B.55
B3S9N4,9.B.55.2,9.B.55.2,0.9998053,5120,9.B.55,9.B.55
OAJ10018,9.B.57.1,9.B.57.1,0.99994826,5125,9.B.57,9.B.57
Q8WVF1,9.B.68.1,9.B.68.1,0.9999976,5126,9.B.68,9.B.68
P75028,9.B.73.1,9.B.73.1,0.9675753,5128,9.B.73,9.B.73
Q93NG7,9.B.75.1,9.B.75.1,0.99999976,5129,9.B.75,9.B.75
P76555,9.B.75.2,9.B.75.2,0.9979786,5130,9.B.75,9.B.75
B2JQU6,9.B.75.3,9.B.75.3,0.9999852,5131,9.B.75,9.B.75
P23157,9.B.75.4,9.B.75.4,0.9999976,5132,9.B.75,9.B.75
Q3C2E8,9.B.76.1,9.B.76.1,0.99999905,5133,9.B.76,9.B.76
ORY52361,9.B.77.1,9.B.77.1,0.9999145,5138,9.B.77,9.B.77
PWU93445,9.B.77.1,9.B.77.1,0.99997985,5139,9.B.77,9.B.77
A0CS82,9.B.82.1,9.B.82.1,0.9995185,5144,9.B.82,9.B.82
A4HCA2,9.B.82.2,9.B.82.2,0.9994791,5145,9.B.82,9.B.82
Q9RFR9,9.B.83.1,9.B.83.1,1.0,5146,9.B.83,9.B.83
M1EV50,9.B.88.1,9.B.88.1,0.9941129,5149,9.B.88,9.B.88
WP_011390608,9.B.90.1,9.B.90.1,0.99976784,5155,9.B.90,9.B.90
WP_092927329,9.B.90.1,9.B.90.1,0.9998084,5156,9.B.90,9.B.90
C3Z5S0,9.B.92.1,9.B.92.1,0.7947134,5160,9.B.92,9.B.92
K7E4M5,9.B.92.2,9.B.92.1,0.8186973,5162,9.B.92,9.B.92
C7T873,9.B.98.1,9.B.98.1,0.53328836,5170,9.B.98,9.B.98
WP_138772272,9.B.98.1,9.B.98.1,0.9495642,5171,9.B.98,9.B.98
P37873,9.B.98.2,9.B.98.1,0.5518625,5172,9.B.98,9.B.98
